"","cell","square","x","y","SMOD_global","number_checklists","total_SR","total_duration","avg_duration","no_months","jan","feb","mar","apr","may","jun","jul","aug","sep","oct","nov","dec"
"1",3479938,"r2c2AA",-84.7110364184175,10.4385158991587,11,3823,1853,15252677,136.012409683805,59,1139,1184,1188,784,747,726,703,693,844,1014,1044,1096
"2",3481012,"r2c2AA",-84.0037533380651,10.4285541656326,11,3181,1770,12144913,144.779295868616,60,1149,1180,1226,903,787,606,775,689,798,961,1120,1155
"3",615557,"r3c2",-77.5983586807886,-0.678778715958923,11,1165,1658,4347726,175.845249800827,53,937,626,659,440,303,414,651,686,528,702,969,830
"4",3541236,"r2c2AA",-83.5654370629171,9.83085015406711,12,2757,1648,11198211,140.736210826872,60,1002,976,999,889,714,697,583,729,799,1079,980,961
"5",11691863,"r3c2",-71.4021604275599,-12.8918640189465,11,473,1622,1390790,133.270210181987,43,346,179,26,272,736,309,436,539,594,719,659,136
"6",2814512,"r2c2AA",-89.0643139693193,17.043145226957,11,4347,1620,14083364,106.716051999486,60,1216,1191,1217,1160,1033,805,756,810,875,937,953,983
"7",2003372,"r2c2ABA",-76.1040986518749,5.24845273206524,11,829,1616,2955372,164.558831774942,55,763,841,716,494,512,369,705,557,426,448,629,653
"8",11402906,"r3c2",-70.097173335642,-12.5730885461116,11,656,1582,3220631,146.448952934451,35,186,31,4,130,385,872,1127,871,643,505,400,205
"9",3434795,"r2c2AA",-84.7907302866263,10.8867939078328,12,1124,1569,5178750,133.178340631794,59,920,980,982,906,762,461,529,409,555,697,826,859
"10",8703162,"r3c2",-55.9315882615406,-9.59453022181038,11,456,1569,1235578,127.887114577805,47,244,363,334,405,390,477,757,545,419,278,467,150
"11",1816893,"r2c2ABA",-78.4650294975585,8.944255870245,11,441,1537,2508992,179.387716936601,50,721,716,831,638,673,323,580,255,428,746,504,458
"12",3482003,"r2c2AA",-84.1232941403782,10.4185924321065,12,1485,1518,6774344,139.027088669457,60,856,920,847,733,692,528,532,703,777,910,855,912
"13",3479000,"r2c2AA",-84.0635237392216,10.4484776326847,12,1912,1513,5086667,115.189897654537,60,997,918,934,721,721,504,576,450,632,771,662,844
"14",17111570,"r2c1",-97.1731650595574,26.1382079362781,12,10716,1512,36865065,114.064633047022,60,724,708,879,1210,947,392,388,526,782,961,986,752
"15",3474918,"r2c2AA",-84.760845086048,10.4883245667891,12,2127,1511,10115076,170.703180183102,59,1000,941,933,747,756,660,542,620,783,754,768,930
"16",55331,"r3c2",-78.7738432368673,-0.0611512373412797,12,1117,1488,7899433,172.998521234378,60,861,833,821,708,757,761,841,755,698,751,804,838
"17",398873,"r3c2",-76.2834098553445,-0.439697111332738,11,569,1486,1713364,159.18925773319,45,481,553,298,399,114,591,459,295,387,361,585,408
"18",3546147,"r2c2AA",-84.6014573496306,9.78104148643665,11,1516,1484,6686179,171.343063590699,59,1014,1014,992,585,696,537,606,452,507,572,774,871
"19",3646612,"r2c2AA",-82.9577713178255,8.78486813382755,11,1434,1474,4901877,130.271086858388,60,934,836,869,602,511,573,541,626,504,725,534,661
"20",1807732,"r2c2ABA",-79.7102461883198,9.12356707371464,11,1942,1469,3097789,73.3980414623118,59,783,766,788,664,665,573,566,577,581,761,620,723
"21",3476925,"r2c2AA",-84.7508833525219,10.4684010997369,11,723,1454,2412590,124.630835118004,56,825,792,761,587,614,309,477,545,503,646,569,858
"22",3544141,"r2c2AA",-84.6014573496306,9.80096495348883,11,899,1452,2683954,140.149944338037,57,992,950,769,569,488,276,371,306,144,240,488,648
"23",1810750,"r2c2ABA",-79.6504757871633,9.0637966725581,12,963,1440,3442626,122.683976141933,54,639,795,937,694,564,422,307,351,578,625,681,684
"24",46297,"r3c2",-78.7738432368673,-0.0511895038151887,13,2033,1438,4279934,109.922926614607,60,737,636,768,687,708,496,522,556,610,776,762,671
"25",2743340,"r2c2AA",-88.6558828947496,17.7504283073095,12,3702,1436,2870101,58.75058341573,59,901,891,929,836,544,403,466,522,572,637,652,695
"26",1834313,"r2c2ABB",-74.9584992963744,38.929073783779,12,13605,1434,31577380,99.0690073137647,60,573,485,596,737,952,582,556,708,973,1033,796,649
"27",3655614,"r2c2AA",-83.2068146559778,8.69521253209273,11,921,1423,2818949,123.235607206364,55,1004,826,855,516,661,315,292,229,221,508,708,496
"28",22047146,"r3c2",-48.3009003805549,-24.3080106398468,11,430,1423,1811440,162.283041673161,49,450,414,202,83,231,397,528,653,665,914,508,374
"29",1810248,"r2c2ABA",-79.6504757871633,9.07375840608419,11,2198,1421,4410123,116.815393669988,60,555,798,722,751,570,473,461,437,547,828,632,592
"30",3451821,"r2c2AA",-85.0397736247785,10.7174444378892,11,983,1416,2731674,141.285156056058,58,561,772,700,708,466,481,466,455,342,570,728,659
"31",1807734,"r2c2ABA",-79.6903227212677,9.12356707371464,12,971,1413,2793983,116.180809177164,55,701,798,872,586,483,336,424,390,373,419,552,623
"32",11822115,"r2c2ABB",-74.8588819611135,5.89596541126115,11,830,1413,1973628,147.22560902423,52,717,611,599,166,443,163,339,430,364,362,582,513
"33",13352523,"r2c3",77.9740337961749,30.282289083132,30,5691,1412,4347363,48.2806228945652,60,708,982,739,652,592,580,486,415,547,680,722,629
"34",2764357,"r2c2AA",-89.1141226369498,17.5412319032616,11,1864,1410,5008967,95.1098521844163,60,870,925,1026,870,800,619,546,545,516,764,800,805
"35",1806726,"r2c2ABA",-79.730169655372,9.14349054076683,11,768,1387,4163921,189.26898796227,56,730,698,800,617,529,437,448,387,622,624,505,591
"36",1807228,"r2c2ABA",-79.730169655372,9.13352880724074,11,1090,1387,3953653,156.822490839571,57,707,719,764,699,659,559,498,487,606,588,593,608
"37",2029529,"r2c2ABA",-75.5761267749921,4.73044258870851,12,990,1385,3055614,153.026853623213,57,765,701,714,367,522,358,444,471,456,503,561,645
"38",17120526,"r2c1",-97.9601420081186,26.128246202752,21,10181,1383,55758520,161.787198489443,60,850,838,901,1075,834,437,442,556,704,815,931,839
"39",2742337,"r2c2AA",-88.6558828947496,17.7603900408356,11,1405,1376,3652808,115.920907203786,59,854,824,876,637,608,424,490,510,501,449,577,601
"40",3541215,"r2c2AA",-83.774633466965,9.83085015406711,11,801,1370,3492992,154.553651097687,56,558,512,610,611,533,510,446,480,500,796,703,645
"41",3546232,"r2c2AA",-83.7547099999128,9.78104148643665,11,372,1363,1937118,153.474577552203,45,609,517,578,348,489,130,412,286,170,591,561,592
"42",1807731,"r2c2ABA",-79.7202079218459,9.12356707371464,11,781,1356,2965783,152.780812376858,58,839,728,739,650,637,471,334,410,575,693,583,679
"43",1831303,"r2c2ABB",-74.9385758293222,38.9390355173051,12,8273,1349,19379358,90.2635144504033,60,473,388,519,706,876,549,595,704,846,941,687,487
"44",1808235,"r2c2ABA",-79.7002844547937,9.11360534018855,13,1151,1314,1686199,81.7929541938391,59,498,638,677,548,585,382,392,337,359,426,306,511
"45",3476935,"r2c2AA",-84.651266017261,10.4684010997369,22,1133,1314,4401572,135.365712831413,59,795,720,694,497,536,330,458,449,505,722,638,646
"46",3517158,"r2c2AA",-83.6252074640736,10.0699317586933,11,608,1314,2673439,136.995990648722,42,210,281,175,375,290,193,342,708,914,682,391,197
"47",2266143,"r2c2ABA",-78.8634988386021,0.028504364393541,13,865,1313,3662453,171.190968629662,58,609,577,516,332,449,556,524,523,544,638,757,560
"48",5512047,"r3c2",-76.9807312021709,-6.07803828710025,11,402,1313,1448656,163.780742536418,47,401,435,305,109,502,351,486,253,290,672,412,160
"49",2089651,"r2c2ABA",-76.7516113310708,3.53503456557758,11,730,1312,2530786,159.74203499717,59,559,649,505,315,292,437,429,424,330,442,423,503
"50",3548152,"r2c2AA",-84.6114190831566,9.76111801938447,11,1040,1310,1943669,108.644333242576,57,798,766,896,296,398,97,274,197,218,243,454,584
"51",14319980,"r2c1",-94.9317750161869,29.2163835958402,12,5612,1309,16825601,116.792809537652,60,392,346,749,1133,807,201,197,437,679,653,451,373
"52",3498046,"r2c2AA",-84.1731028080086,10.259204695689,11,456,1297,1102119,107.516642124427,59,509,569,656,273,486,248,363,394,412,486,447,342
"53",3492967,"r2c2AA",-84.8106537536785,10.3090133633195,13,2664,1296,5995890,131.779246933272,60,670,673,755,627,580,532,587,567,642,654,629,762
"54",11908859,"r3c2",-69.6090483928636,-13.1309456235727,11,327,1296,887767,142.497233270297,37,339,165,107,124,293,97,115,447,221,447,404,558
"55",2003875,"r2c2ABA",-76.0941369183488,5.23849099853915,11,690,1291,1772640,139.119864967786,56,553,560,528,219,484,302,392,333,423,455,562,632
"56",305150,"r2c2AA",-87.6298243415622,41.9674025092367,10,16640,1287,52199030,121.406236644955,60,259,295,470,664,912,553,456,660,839,817,544,316
"57",3480009,"r2c2AA",-84.0037533380651,10.4385158991587,22,735,1284,1229657,82.191133913906,57,690,761,696,416,336,285,275,320,226,591,538,560
"58",17165683,"r2c1",-98.1394532115882,26.0784375351216,11,4679,1281,21428980,155.477313851216,60,757,715,836,827,660,352,299,370,479,687,832,744
"59",2235199,"r2c2ABA",-77.0703868039057,0.646131843011183,11,546,1278,1729718,176.008931833027,49,625,459,464,489,495,289,74,287,87,238,361,605
"60",15575629,"r2c1",-97.0835094578226,27.8317026357136,11,5044,1276,8964710,68.6428874617619,60,539,574,686,1004,788,324,323,435,513,620,601,525
"61",3454916,"r2c2AA",-84.1830645415347,10.6875592373109,11,465,1271,1936195,148.12803429097,55,653,431,601,481,482,309,499,377,436,242,452,432
"62",13298315,"r2c3",77.9939572632271,30.3420594842885,30,1898,1271,2126312,76.5652045052298,57,570,897,493,416,370,409,239,374,493,430,304,411
"63",1825277,"r2c2ABB",-74.9584992963744,38.9589589843572,11,6280,1268,19618720,122.192809248452,60,260,224,370,688,870,363,355,788,931,917,556,349
"64",1831300,"r2c2ABB",-74.9684610299005,38.9390355173051,12,2913,1268,5120957,87.4716324294048,60,484,381,452,593,788,419,393,493,721,847,606,521
"65",1807733,"r2c2ABA",-79.7002844547937,9.12356707371464,11,835,1263,1280407,85.3254279632258,60,513,518,496,614,575,347,231,358,293,634,347,621
"66",1834312,"r2c2ABB",-74.9684610299005,38.929073783779,11,3683,1263,11024969,114.314130721676,60,322,326,530,715,818,498,410,510,675,853,673,395
"67",22101478,"r3c2",-47.0257984892152,-24.3677810410034,13,2191,1262,2538400,102.05664700124,60,516,600,551,574,637,563,673,546,602,405,538,463
"68",2004378,"r2c2ABA",-76.0841751848227,5.22852926501305,11,764,1259,1584161,105.432149926165,53,647,590,593,318,253,243,358,208,431,366,526,310
"69",8703161,"r3c2",-55.9415499950667,-9.59453022181038,11,232,1256,1380246,149.628602739862,49,368,207,315,416,283,325,557,644,497,501,390,250
"70",2259618,"r2c2ABA",-78.853537105076,0.158006900232728,11,423,1255,3175286,208.748947937318,55,576,469,506,487,320,334,523,475,634,562,580,555
"71",11533112,"r2c2ABB",-73.374583665726,6.85229182976589,11,224,1253,1284785,185.443557169816,44,510,655,176,263,197,229,296,107,203,372,571,237
"72",13989691,"r2c3",34.96923016404,29.5750060027795,21,1469,1253,7994216,140.729393127755,59,455,539,834,798,590,261,285,387,684,744,612,460
"73",3662943,"r2c2AA",-80.1386007299418,8.62548039741009,11,1641,1248,2571774,102.380215040585,58,670,624,653,554,365,372,401,297,447,645,626,588
"74",2808493,"r2c2AA",-89.0742757028454,17.1029156281135,11,2995,1246,3988355,75.9804524844934,50,577,527,560,641,515,410,551,508,434,657,440,529
"75",3508100,"r2c2AA",-83.9340212033824,10.1595873604281,11,677,1246,1980506,157.329323723974,58,546,574,567,374,391,307,230,306,361,536,531,500
"76",3548235,"r2c2AA",-83.7845952004911,9.76111801938447,11,399,1246,1476105,165.00932407505,55,491,598,715,408,368,204,291,263,231,311,243,346
"77",578901,"r2c2ABA",-79.0627335091239,33.5098907455855,11,4928,1244,18703688,136.471673227326,59,707,621,721,663,715,546,554,596,656,803,714,688
"78",2802514,"r2c2AA",-88.6857680953279,17.1626860292701,11,883,1240,2844610,98.7984026371856,57,730,711,703,720,576,356,319,394,558,725,626,611
"79",3492968,"r2c2AA",-84.8006920201524,10.3090133633195,11,1553,1236,9910348,206.187580038074,58,715,742,754,562,488,483,502,625,553,585,608,696
"80",2012475,"r2c2ABA",-75.4366625056268,5.0691415285956,11,930,1234,4555699,184.103727863966,52,674,636,529,246,487,415,525,471,438,337,606,642
"81",3480934,"r2c2AA",-84.7807685531002,10.4285541656326,11,436,1232,1329991,79.9156714784797,43,463,364,269,341,463,226,289,180,382,844,692,634
"82",2840651,"r2c2AA",-88.4566482242278,16.7841401552786,11,651,1225,2502809,127.268285377488,56,752,725,840,554,563,391,432,397,350,416,447,519
"83",3481942,"r2c2AA",-84.7309598854697,10.4185924321065,11,348,1221,1646686,176.818319017911,51,672,698,624,291,303,191,259,74,203,335,370,723
"84",1807229,"r2c2ABA",-79.7202079218459,9.13352880724074,11,794,1211,2655377,153.497048106722,50,454,499,595,520,568,362,265,300,436,570,458,522
"85",1831302,"r2c2ABB",-74.9485375628483,38.9390355173051,12,2907,1211,3686651,50.1932728531539,60,362,304,388,605,747,470,434,634,745,805,519,494
"86",14338048,"r2c1",-94.9516984832391,29.196460128788,11,1470,1209,2829395,92.9430769271462,60,473,341,579,829,520,266,243,273,393,553,511,471
"87",1376587,"r2c2ABB",-73.9822494108175,40.4432572797448,11,1662,1208,6517775,154.472347198621,60,360,333,446,565,797,333,371,528,748,699,497,415
"88",13407173,"r2c1",-97.6413665352837,30.2225186819754,11,5004,1206,14006693,116.179341546764,59,548,535,640,651,681,456,518,589,707,671,637,572
"89",2796402,"r2c2AA",-89.6221710467804,17.2224564304266,12,974,1204,2861583,138.918100847308,54,764,662,770,568,510,347,308,372,273,493,544,485
"90",15304589,"r2c1",-96.9838921225617,28.1305546414963,12,1916,1204,4735372,111.578771465317,56,589,604,710,879,407,104,140,153,272,288,524,521
"91",15548471,"r2c1",-97.6114813347054,27.8615878362918,12,867,1199,2787507,107.254946822228,58,436,331,444,792,585,155,195,461,645,542,514,380
"92",20367377,"r3c2",-42.7721382735744,-22.4551282039939,11,371,1191,1630131,147.023879497776,43,118,316,192,45,457,175,584,282,579,475,516,399
"93",11366876,"r3c2",-69.0412295818764,-12.5332416120072,11,527,1189,447057,63.3594363367463,43,597,83,323,121,146,146,354,397,362,118,326,134
"94",14572922,"r2c1",-95.3103208901784,28.9374550571097,11,3507,1187,6552649,102.864518950704,56,194,197,478,945,643,66,111,262,486,633,307,185
"95",420083,"r2c2ABA",-75.9148257148792,36.6677602733563,11,3076,1185,8711089,128.518219739805,60,497,462,509,612,730,425,460,531,705,689,544,439
"96",74880,"r2c2AA",-83.445896260604,44.2586012202377,11,4163,1184,21959048,155.877526887501,60,198,181,360,566,1045,555,463,600,730,543,340,270
"97",2907818,"r2c2AA",-88.7953471641149,16.1167040090305,22,1378,1182,3662837,134.383870474003,52,218,190,87,139,109,99,229,114,214,943,845,619
"98",12249367,"r2c1",-110.85062519088,31.4976205733151,11,3306,1182,14628986,150.182655477322,60,632,622,752,794,667,385,418,580,596,569,593,586
"99",2842591,"r2c2AA",-89.1141226369498,16.7642166882265,11,499,1181,2238122,148.411109816799,53,687,673,731,494,495,257,391,253,298,403,429,419
"100",3451824,"r2c2AA",-85.0098884242003,10.7174444378892,11,275,1176,2045321,181.878405123301,41,335,456,511,479,494,175,60,303,320,500,410,680
"101",15005819,"r2c3",76.888204841831,28.4592918478573,12,588,1176,3913395,153.449131248089,50,764,693,595,396,59,56,334,205,255,639,783,724
"102",2803500,"r2c2AA",-88.8551175652714,17.152724295744,11,577,1175,1570152,126.705963529034,44,319,697,495,471,306,173,517,274,420,544,239,256
"103",3656590,"r2c2AA",-83.4757814611823,8.68525079856663,11,393,1174,1300856,106.515341072629,53,674,524,743,319,318,328,352,176,281,366,375,636
"104",13994774,"r2c1",-94.393841405778,29.5750060027795,11,4315,1172,12569399,120.473428793741,60,332,379,500,990,687,181,153,215,245,402,285,380
"105",3493972,"r2c2AA",-84.7907302866263,10.2990516297934,11,1681,1171,4308484,155.938695161193,60,655,552,650,587,558,468,495,298,339,339,435,472
"106",2809497,"r2c2AA",-89.0643139693193,17.0929538945875,11,1016,1167,2991181,85.1027649358446,56,577,550,511,651,519,388,369,433,435,526,552,539
"107",3531244,"r2c2AA",-83.1868911889256,9.93046748932802,11,838,1167,2417385,123.862594314642,53,569,447,526,527,355,243,306,303,509,666,596,387
"108",12084212,"r2c2ABB",-74.3309100842307,5.02929459449123,11,432,1167,2371614,183.000864597648,53,590,468,529,311,321,189,378,352,375,375,433,408
"109",2796403,"r2c2AA",-89.6122093132543,17.2224564304266,12,1056,1166,2390214,100.297234688285,57,761,669,645,535,511,329,159,303,367,630,367,536
"110",2741347,"r2c2AA",-88.5263803589104,17.7703517743616,12,1032,1165,2380208,91.3089443942285,54,650,694,793,469,308,232,214,228,315,458,432,475
"111",3546145,"r2c2AA",-84.6213808166827,9.78104148643665,11,641,1165,2819970,129.59018394263,51,688,738,701,462,364,220,373,219,259,299,419,606
"112",13886399,"r2c1",-93.9455633971039,29.6945468050926,11,2818,1165,14501751,173.15679880258,60,338,335,585,966,655,146,170,360,566,679,406,283
"113",15765350,"r2c1",-97.2229737271878,27.6225062316657,22,1906,1165,2631902,69.5695495766343,59,363,300,475,953,725,125,67,167,326,391,382,331
"114",2786427,"r2c2AA",-89.0742757028454,17.3220737656876,11,367,1164,950926,107.479821480747,55,632,580,543,283,352,350,343,212,191,451,350,634
"115",3545248,"r2c2AA",-83.5654370629171,9.79100321996274,11,158,1163,1140859,164.741180857751,48,407,383,596,346,363,188,455,161,350,448,291,366
"116",3658685,"r2c2AA",-82.5891871773602,8.66532733151445,11,607,1162,2877735,125.08990136149,57,501,688,809,813,684,289,447,394,379,553,587,595
"117",68842,"r2c2ABA",-79.3317003143284,43.6310120080939,11,3432,1161,13174780,143.747489590593,60,299,278,417,627,908,467,430,549,714,650,466,325
"118",1129746,"r2c2ABB",-72.5577215165865,41.2601194288843,11,4417,1158,10079151,116.403739948771,60,388,393,437,548,759,408,403,545,629,631,536,412
"119",675110,"r2c2ABB",-70.8044564159945,42.764341191324,11,1611,1156,4767978,136.946758103779,60,330,306,317,482,735,488,471,459,614,516,442,349
"120",7586194,"r2c1",-121.93803460542,36.637875072778,12,6477,1152,7314313,61.7239046465046,60,497,432,522,505,473,280,359,450,666,781,804,613
"121",25180516,"r2c1",-90.2896071930285,17.2423798974788,11,344,1152,694446,83.4640205782864,54,465,404,408,252,417,316,267,273,291,379,487,345
"122",1814274,"r2c2ABA",-79.5508584519024,8.99406453787546,12,706,1146,2906724,162.496619730802,55,538,630,628,404,379,351,328,244,454,588,522,571
"123",306667,"r2c2AA",-82.5094933091514,41.9574407757106,11,2101,1145,10053740,163.183766492888,60,198,228,390,542,795,304,321,431,690,566,460,266
"124",15539433,"r2c1",-97.6413665352837,27.8715495698179,12,1245,1145,2848432,93.5694715423852,60,450,480,550,715,441,235,244,348,591,637,538,418
"125",333662,"r2c2AA",-83.3662023923953,41.6884739705062,11,4042,1143,8978222,102.363896572716,60,252,225,333,524,970,352,370,365,568,396,315,206
"126",2734277,"r2c2AA",-89.0145053016889,17.8400839090443,11,1029,1143,2743000,91.5673253965666,50,573,718,767,621,374,219,194,355,310,304,413,503
"127",15575630,"r2c1",-97.0735477242965,27.8317026357136,12,2868,1143,1950615,48.5840171594262,59,311,381,491,858,610,172,134,226,319,419,387,282
"128",8712197,"r3c2",-55.9216265280145,-9.60449195533648,11,145,1140,1006300,168.842380961342,36,185,196,90,146,293,189,477,410,482,343,197,293
"129",21767166,"r3c2",-47.5637320996241,-23.999196900538,11,341,1137,1604782,174.343665371328,42,110,267,54,235,342,532,539,654,470,569,106,75
"130",1831301,"r2c2ABB",-74.9584992963744,38.9390355173051,12,5140,1134,4836587,56.7740991361902,60,370,299,353,532,720,238,225,388,684,734,452,383
"131",3591380,"r2c2AA",-83.6252074640736,9.33276347776255,11,337,1134,1891291,179.029954957282,56,584,396,711,363,407,244,312,266,372,468,435,436
"132",12848566,"r3c2",-67.905591959902,-14.1669659102862,11,135,1134,1262447,211.258840649648,26,287,304,241,187,120,52,58,124,187,716,226,466
"133",3551170,"r2c2AA",-84.5217634814218,9.7312328188062,11,309,1133,1652929,156.819543706331,47,386,518,578,412,519,77,381,182,271,203,337,693
"134",13832223,"r2c1",-93.6068644572168,29.7543172062491,11,1526,1133,5117871,147.088622786529,58,218,259,401,922,581,71,51,207,351,581,483,261
"135",2266661,"r2c2ABA",-78.7041111021847,0.0185426308674508,11,697,1132,3243207,205.042667980854,54,536,485,452,361,336,397,509,376,506,440,606,501
"136",425957,"r3c2",-76.4627210588142,-0.469582311911011,11,383,1131,710692,147.189849465728,43,283,201,348,163,89,217,295,252,109,308,540,210
"137",1974751,"r2c2ABA",-76.1738307865575,5.81627154305242,11,309,1131,1386896,160.69848441918,53,500,390,230,162,312,277,367,227,396,227,349,546
"138",2260091,"r2c2ABA",-79.1424273773327,0.148045166706638,11,359,1130,2190128,213.147651036657,50,483,419,454,215,222,389,582,364,340,523,739,472
"139",534223,"r3c2",-77.8772872195191,-0.589123114224104,11,1487,1128,3249195,139.445427817525,55,470,423,363,336,255,352,376,556,373,515,622,632
"140",265012,"r2c2AA",-87.8091355450319,42.3658718502804,11,3614,1127,6104082,89.2061734774717,60,168,166,286,600,855,359,374,455,589,503,322,202
"141",3488969,"r2c2AA",-84.6711894843132,10.3488602974238,11,417,1126,2172044,156.636651929812,43,202,467,443,299,396,299,266,203,170,501,294,597
"142",40760146,"r2c3",32.4787967825172,0.0583895649718187,30,445,1126,2232504,150.275376051942,53,549,464,361,261,475,434,593,412,329,443,327,476
"143",70832,"r2c2ABA",-79.511011517798,43.5911650739896,12,7890,1125,21521149,116.249570111957,60,295,290,402,586,897,379,329,461,683,678,517,345
"144",1671716,"r2c2ABB",-74.4504508865438,39.4670073941879,11,2785,1124,5471564,101.525859668384,60,418,361,421,626,733,451,464,555,657,646,493,461
"145",1808236,"r2c2ABA",-79.6903227212677,9.11360534018855,13,516,1124,859428,84.0282400729034,55,370,524,543,433,286,232,222,152,221,424,349,593
"146",11836393,"r3c2",-71.5416246969252,-13.051251755364,11,586,1124,1178991,130.391223557521,45,269,117,140,264,371,238,371,464,468,460,336,149
"147",2792474,"r2c2AA",-88.7853854305888,17.262303364531,21,918,1122,2419446,82.2227192576319,60,677,600,634,639,515,400,363,489,619,647,606,566
"148",3197960,"r2c2AA",-86.0558704444398,13.2377630199902,11,505,1122,3122735,169.125054540979,56,491,569,479,474,523,384,457,547,637,693,488,453
"149",6673638,"r2c1",-122.147231009468,37.6440101589132,11,1791,1122,7137470,127.261277722829,60,624,594,582,604,580,459,516,536,635,670,655,566
"150",14003809,"r2c1",-94.393841405778,29.5650442692534,12,4025,1121,7542092,103.940382756683,56,212,183,426,976,567,18,42,102,153,268,158,301
"151",3542289,"r2c2AA",-83.0673503866125,9.82088842054102,11,109,1118,719143,168.150973021693,29,101,313,250,151,253,150,149,93,65,612,367,92
"152",1325399,"r2c2ABB",-73.8228616744,40.6126067496884,30,3656,1116,13597858,134.138816475688,60,326,324,398,539,815,516,474,583,728,655,492,380
"153",2012459,"r2c2ABA",-75.5960502420443,5.0691415285956,12,808,1116,4295000,175.941838228723,57,569,496,647,299,566,356,451,506,379,495,678,691
"154",2741346,"r2c2AA",-88.5363420924365,17.7703517743616,12,496,1116,1321823,99.8984230149471,56,562,611,686,461,323,383,368,229,209,336,376,401
"155",11673798,"r3c2",-71.3722752269817,-12.8719405518943,11,228,1116,837520,179.919546887413,29,134,131,24,136,368,71,426,340,450,391,247,0
"156",2813559,"r2c2AA",-88.5662272930148,17.0531069604831,11,1078,1114,3352833,129.672165266016,53,464,461,448,588,438,353,154,285,427,739,568,411
"157",3597372,"r2c2AA",-83.884212535752,9.27299307660601,11,595,1114,1722036,144.703125990964,54,575,551,553,309,289,187,316,142,220,251,363,516
"158",12249366,"r2c1",-110.860586924406,31.4976205733151,11,2375,1114,6211476,120.616325551748,60,607,617,697,700,474,245,359,455,436,431,488,531
"159",1828291,"r2c2ABB",-74.9385758293222,38.9489972508312,12,3841,1113,6509631,81.7564238640478,60,380,321,397,572,729,316,231,415,552,716,550,442
"160",3577342,"r2c2AA",-83.5853605299693,9.47222774712783,11,395,1113,1437520,126.981381657358,56,565,585,498,282,317,282,382,302,336,462,362,455
"161",243690,"r2c2AA",-80.3976058016201,42.5850299878544,12,4383,1112,9910725,78.5918487940929,60,257,258,384,693,863,387,267,595,766,720,509,256
"162",2825613,"r2c2AA",-88.3869160895451,16.93356615817,11,523,1112,1320602,111.344986881668,45,412,625,527,590,384,201,194,191,114,337,362,466
"163",1845065,"r2c2ABA",-77.867325485993,8.38639879278391,11,668,1111,1445091,117.944661122755,53,508,507,439,464,418,100,324,261,484,434,398,455
"164",2742339,"r2c2AA",-88.6359594276974,17.7603900408356,11,406,1111,1317477,101.096007047926,49,594,562,710,614,318,176,293,418,205,419,294,449
"165",11085230,"r2c1",-97.1233563919269,32.7826841981808,21,3694,1111,13199245,124.618445425741,60,477,462,617,733,672,366,412,525,458,607,560,500
"166",17066274,"r2c1",-98.3785348162144,26.1880166039086,12,4686,1111,11209137,131.038231066174,60,666,631,689,669,481,271,237,250,506,551,684,620
"167",20410219,"r2c4",114.035509160624,22.4922134657288,11,788,1111,4473914,154.932148044758,60,554,515,632,659,520,296,301,306,475,656,585,580
"168",3672645,"r2c2AA",-83.4060493264996,8.52586306214918,12,244,1109,1107357,140.514793348415,46,363,447,568,406,341,310,236,196,135,353,372,638
"169",1322443,"r2c2ABB",-73.265004596939,40.6225684832144,11,2109,1108,4466577,106.663896519722,60,229,224,250,426,569,264,304,505,662,640,514,303
"170",2803517,"r2c2AA",-88.6857680953279,17.152724295744,11,517,1108,2158618,131.787333455945,58,599,687,585,557,523,465,324,399,452,654,573,553
"171",11580880,"r2c1",-109.824566637693,32.2347888542458,11,3923,1107,9603923,95.8813799780868,60,443,414,488,704,672,404,479,614,641,621,509,402
"172",16768045,"r2c1",-99.1157030971451,26.5167538102696,12,3341,1106,10079653,127.205473046027,59,624,672,695,660,450,335,255,206,305,403,691,641
"173",3575290,"r2c2AA",-84.0436002721694,9.49215121418001,11,188,1105,2080250,208.91301773834,52,573,516,550,486,266,365,353,456,154,291,451,613
"174",259997,"r2c2AA",-87.8091355450319,42.4156805179108,11,2359,1104,6699730,110.251808903353,60,162,129,274,486,822,496,451,540,632,507,268,148
"175",5565542,"r2c1",-90.1800281242415,38.8693033826224,11,2773,1104,5084987,100.867758341064,60,397,369,426,612,644,354,455,433,502,539,519,408
"176",2951137,"r2c2AA",-86.9026177941576,15.6883494674086,11,614,1103,2203694,156.395250248843,50,561,654,623,455,402,37,104,153,178,386,352,386
"177",8101885,"r2c1",-115.00466807126,36.0700562617908,30,3482,1103,17469643,141.742213000864,59,534,525,572,527,625,393,493,630,731,710,608,535
"178",2788485,"r2c2AA",-88.5562655594887,17.3021502986354,11,252,1100,754842,97.9004108964659,53,511,479,375,319,485,339,407,170,315,333,229,297
"179",3502059,"r2c2AA",-84.1631410744825,10.2193577615847,11,1267,1100,1618553,74.0343968949636,60,455,447,494,286,328,206,259,276,245,400,392,365
"180",3677642,"r2c2AA",-83.5853605299693,8.47605439451873,11,364,1100,2090446,171.253141588803,50,492,417,517,410,262,194,422,208,174,363,494,737
"181",10559733,"r2c1",-111.737219474702,33.3604647426941,30,8121,1100,42155013,142.926283028815,60,631,658,693,695,631,378,402,559,731,740,660,635
"182",1486645,"r2c2AA",-88.0183319490798,30.2324804155015,11,1083,1099,3343295,129.750808225519,59,286,279,489,776,489,196,198,280,391,614,421,344
"183",3577331,"r2c2AA",-83.6949395987563,9.47222774712783,11,632,1099,1909397,121.371576232795,49,529,622,702,343,317,119,138,190,134,246,428,364
"184",2508743,"r2c2AA",-87.60990087451,20.0814739524148,11,591,1098,2448878,163.408543519399,57,648,571,679,493,432,161,186,290,271,485,586,523
"185",3478003,"r2c2AA",-84.0037533380651,10.4584393662108,22,313,1097,804311,111.838986370749,54,521,574,461,429,464,117,149,139,261,431,235,158
"186",10288070,"r2c1",-117.843762126196,33.6593167484768,30,8771,1095,35026910,115.960328410585,60,666,659,693,770,691,566,594,643,732,717,675,673
"187",11366875,"r3c2",-69.0511913154025,-12.5332416120072,11,297,1094,581259,100.613856496796,43,341,235,284,62,128,175,252,241,422,302,218,160
"188",3645609,"r2c2AA",-82.9577713178255,8.79482986735364,11,710,1092,1200095,102.312206146348,55,468,500,360,564,443,305,195,349,407,438,363,401
"189",3509995,"r2c2AA",-85.0397736247785,10.1396638933759,11,624,1091,1682512,117.585485692783,45,578,610,685,336,238,168,101,244,208,109,588,456
"190",10415118,"r2c1",-112.285114818637,33.5198524791115,30,4132,1089,18768062,125.8726908908,60,555,485,541,637,522,347,477,643,731,686,632,562
"191",12340300,"r2c2ABB",-73.6535122044565,4.1825472447735,11,587,1088,1502126,148.372106197416,52,522,380,412,237,439,321,389,288,177,444,412,358
"192",12310189,"r2c2ABB",-73.5638566027217,4.2821645800344,12,1160,1087,3085728,115.806284360583,48,404,565,544,431,534,419,358,294,427,452,421,417
"193",3661941,"r2c2AA",-80.1286389964157,8.63544213093618,12,347,1086,1298469,148.919567212643,50,488,506,558,350,328,31,326,280,361,411,443,303
"194",14906476,"r2c3",77.3065976499268,28.5688709166443,30,1026,1085,6190116,151.27804652868,53,581,762,749,500,314,359,265,304,523,694,646,584
"195",12210719,"r2c2ABB",-74.3010248836524,4.61090178639541,11,486,1082,1487189,165.397394734504,57,399,404,294,197,214,244,331,274,360,380,429,451
"196",1156799,"r2c2ABB",-73.1056168605215,41.1704638271494,12,4389,1081,11968353,107.661169660999,60,248,262,385,493,628,457,469,558,677,637,434,315
"197",1748960,"r2c2AA",-82.7186897131993,27.6324679651918,11,4110,1080,12130220,126.053443158324,60,529,486,540,810,581,319,357,373,502,638,512,474
"198",1915621,"r2c2ABA",-75.1178870327919,6.99175609913117,11,337,1080,1871689,178.824352289787,47,511,357,542,186,420,337,371,202,364,315,500,294
"199",16171397,"r2c3",77.5157940539747,27.1742282229916,11,465,1080,3080728,151.85599465767,47,700,752,647,359,0,138,137,289,458,533,760,665
"200",1334462,"r2c2ABB",-73.5538948691956,40.5827215491101,11,2538,1078,5619490,112.665653570608,59,408,350,356,379,453,290,278,401,586,577,557,418
"201",3662662,"r2c2AA",-82.9378478507734,8.62548039741009,11,485,1078,1538908,101.383108752458,57,591,512,439,390,451,367,234,380,445,457,547,543
"202",272630,"r2c2AA",-81.8619806299555,42.2961397155977,10,1191,1077,5796471,158.323801704874,60,286,230,361,483,834,390,286,410,638,595,459,367
"203",2961151,"r2c2AA",-87.062005530575,15.5887321321477,11,289,1077,1641233,176.343629098015,49,552,475,703,389,392,155,185,177,373,301,309,165
"204",244452,"r2c2AA",-82.7983835814081,42.5750682543283,11,5014,1076,14881119,111.714581064817,60,309,278,428,612,814,422,385,597,720,590,401,301
"205",3501017,"r2c2AA",-84.5516486820001,10.2293194951107,11,175,1075,924544,146.439153711968,37,325,474,140,171,453,152,215,274,264,414,195,383
"206",6501934,"r2c1",-122.535738616985,37.833283095909,11,3125,1075,15201416,147.453559956172,60,505,486,565,550,495,460,460,591,744,728,612,527
"207",339697,"r2c2AA",-83.1968529224517,41.6287035693496,11,11218,1074,53786750,144.046339066261,60,166,165,348,599,897,316,300,349,497,215,178,135
"208",347878,"r2c2AA",-81.6328607588554,41.5490097011409,11,10729,1074,15896605,99.3468281966638,60,319,290,420,674,795,389,350,444,693,662,465,376
"209",5519860,"r2c1",-95.2306270219696,38.9191120502529,11,1495,1073,3581550,103.537226849826,60,253,264,437,672,781,419,375,333,459,480,320,271
"210",336300,"r2c2AA",-87.062005530575,41.6585887699279,12,1067,1072,3463975,144.731613853584,57,41,196,441,618,801,242,91,90,253,275,242,133
"211",3492966,"r2c2AA",-84.8206154872045,10.3090133633195,13,1467,1072,1492499,84.5889563331719,60,527,505,550,400,378,361,457,385,311,446,368,422
"212",515913,"r2c2AA",-86.3049137825921,39.8754384687576,11,2346,1071,6606368,110.548136365879,60,276,334,434,610,687,427,433,471,609,638,418,340
"213",1096712,"r2c2ABB",-71.5814716310296,41.3696984976713,10,2198,1071,7589070,130.047406742864,60,407,371,414,558,648,410,396,501,625,531,509,427
"214",64366,"r3c2",-78.7638815033412,-0.0711129708673707,11,353,1069,1069112,131.482645212837,58,505,358,538,305,439,302,466,220,210,309,345,458
"215",85069,"r2c2ABA",-77.7079377495755,43.312236535259,12,2906,1069,8967497,106.874445646432,58,111,141,263,404,684,366,406,540,684,522,334,239
"216",298643,"r2c2AA",-82.5094933091514,42.0371346439194,11,2922,1068,5739416,81.3045259323358,60,212,260,394,611,889,382,301,336,304,391,254,184
"217",9899569,"r2c1",-117.803915192092,34.0876712900987,30,4293,1068,28586644,144.036502630322,60,653,624,687,753,654,501,502,593,708,716,662,634
"218",352885,"r2c2AA",-81.7125546270642,41.4992010335105,11,4590,1066,6920896,76.172588917327,60,278,249,348,586,775,282,326,401,544,479,284,205
"219",3451822,"r2c2AA",-85.0298118912525,10.7174444378892,11,414,1066,915765,136.70508277735,48,415,483,556,290,98,203,218,274,107,254,179,289
"220",457676,"r2c2AA",-86.9325029947358,40.4532190132709,21,6441,1065,20139431,106.796739698093,60,304,353,443,684,788,408,381,518,657,665,426,323
"221",381208,"r2c2AA",-89.3233190409977,41.2103107612538,11,1170,1064,5023517,123.799980806976,58,223,207,426,438,639,456,386,525,599,634,483,377
"222",624591,"r3c2",-77.5983586807886,-0.688740449485014,11,218,1064,603819,145.961408573104,39,333,316,228,76,21,89,319,285,31,351,438,300
"223",2072121,"r2c2ABA",-76.3531419900272,3.88369523899077,12,457,1064,3183760,179.358405833958,54,619,653,557,348,150,289,400,421,401,490,564,507
"224",58337,"r2c2ABA",-78.963116173863,43.8402084121418,10,2750,1063,5811916,93.2731430632725,60,232,243,368,459,596,397,379,602,648,554,449,237
"225",681135,"r2c2ABB",-70.7944946824684,42.7444177242718,11,2340,1063,2766599,78.6790965381095,60,178,180,206,364,693,399,390,506,563,474,294,239
"226",1313240,"r2c2ABB",-74.9286140957961,40.6524536837927,11,3279,1063,10962183,122.639182086819,60,359,335,463,612,691,449,497,543,617,525,459,411
"227",238326,"r2c2ABA",-76.2435629212402,40.2739078098013,11,2798,1062,5287247,96.4717260818213,60,360,411,461,525,672,448,428,473,559,504,419,377
"228",11673986,"r3c2",-69.4994693240766,-12.8719405518943,11,113,1062,575339,175.801813718016,28,83,104,50,132,103,137,354,426,73,495,245,139
"229",40443713,"r2c3",30.4067562090903,0.407050238385004,22,236,1062,1333168,176.403014203484,52,325,405,327,156,241,432,616,335,264,301,398,401
"230",2740343,"r2c2AA",-88.5363420924365,17.7803135078877,12,571,1060,2077808,105.276896034179,60,562,541,669,602,561,418,421,423,519,629,591,621
"231",3452829,"r2c2AA",-84.9899649571481,10.7074827043631,11,265,1060,849969,154.538767217279,50,371,351,454,161,276,222,140,169,254,466,322,233
"232",3474919,"r2c2AA",-84.7508833525219,10.4883245667891,12,392,1059,1798249,162.105006375503,52,310,440,457,357,279,214,191,317,296,226,356,450
"233",2955833,"r3c2",-72.9163439235258,-3.2588676992165,11,299,1056,283613,103.535118540914,29,159,65,307,73,9,97,451,206,53,226,16,137
"234",31387293,"r3c2",-58.3522895083807,-34.6084431058249,11,2358,1056,20229977,177.318886676749,57,729,670,617,474,453,489,545,632,684,789,803,740
"235",3470029,"r2c2AA",-83.5056666617605,10.5381332344196,13,621,1055,1197503,120.045828270044,55,507,327,283,469,267,184,192,283,372,493,421,274
"236",3535209,"r2c2AA",-83.6550926646519,9.89062055522365,12,532,1054,1253986,106.904039214168,58,568,475,454,398,276,209,160,391,260,474,378,500
"237",1274167,"r2c2ABB",-74.1017902131306,40.7819562196319,11,5177,1053,13652724,104.76924756134,60,323,357,407,542,719,409,477,524,619,579,425,341
"238",13207933,"r2c3",77.6751817903922,30.4416768195494,12,292,1052,807358,103.052551897888,42,605,489,280,51,76,94,44,140,200,368,359,559
"239",20321730,"r3c2",-47.5238851655198,-22.4053195363634,11,681,1052,1858727,106.51282496971,55,494,561,363,437,406,340,504,579,638,517,611,514
"240",24808913,"r2c3",78.0736511314358,17.6508109720486,12,284,1052,2484523,190.21426791684,50,453,596,546,439,294,271,452,301,385,449,712,612
"241",11186027,"r3c2",-70.7247625477858,-12.3340069414854,11,122,1051,405309,155.60786834611,20,0,71,0,60,147,106,321,29,161,259,39,587
"242",27646986,"r2c1",-91.1363545427462,14.522826644856,22,849,1051,3295210,127.801783945253,58,703,766,612,452,439,349,428,382,480,550,556,439
"243",961334,"r2c2ABB",-69.9676707998028,41.8179765063454,12,2444,1049,5594949,100.231487102923,60,345,284,293,447,592,446,404,488,598,676,524,408
"244",14997263,"r2c1",-98.33868788211,28.4692535813834,11,1367,1049,4932787,125.667655691108,59,601,559,471,460,409,263,271,223,355,361,536,558
"245",590783,"r2c2ABB",-70.7148008142596,43.0432697300546,11,2523,1048,4196905,95.8322573898522,60,268,234,260,364,677,458,392,468,587,553,424,315
"246",943259,"r2c2ABB",-69.9975560003811,41.8777469075019,12,3726,1048,10147593,108.822040421845,60,245,249,298,429,684,496,530,600,693,612,424,249
"247",3546151,"r2c2AA",-84.5616104155262,9.78104148643665,11,235,1048,1318551,182.471888583501,43,583,498,361,311,355,202,221,224,223,179,260,340
"248",14192934,"r2c3",79.5280642262451,29.3558478652055,12,464,1048,1618683,155.969270901568,53,440,435,462,472,334,291,142,19,125,348,415,382
"249",337687,"r2c2AA",-83.2366998565561,41.6486270364018,11,2532,1047,3071697,61.4361807247104,60,117,176,292,529,891,243,320,356,324,253,147,124
"250",3858658,"r3c2",-78.6443407010281,-4.2550410518256,11,136,1047,641803,187.00184266172,31,368,307,284,206,121,71,143,168,43,154,269,306
"251",10234865,"r2c2ABB",-74.1217136801828,11.1457989795111,13,675,1047,1251266,119.00310730396,55,412,500,509,324,229,236,282,205,162,211,328,371
"252",14238308,"r2c1",-98.4881138850014,29.306039197575,12,903,1047,3979038,136.958018965254,58,499,472,496,546,548,311,373,432,458,468,475,461
"253",258003,"r2c2ABA",-75.2573513021572,39.8854002022837,11,6308,1046,24843767,141.142691976417,60,409,410,487,732,763,418,468,486,591,636,519,446
"254",19839094,"r2c3",72.40542475509,23.1297644113986,12,230,1046,1916290,163.24978973417,49,559,849,506,301,225,174,210,125,286,350,513,692
"255",308109,"r2c2ABA",-76.1937542536097,38.8892268496746,11,2998,1045,8318318,83.4610222476345,60,434,442,493,597,578,352,404,492,625,615,529,446
"256",23110833,"r2c1",-96.9440451884573,19.5236168749537,30,1315,1045,4154248,116.503903145777,58,502,419,512,660,598,316,240,415,536,470,486,450
"257",243691,"r2c2AA",-80.387644068094,42.5850299878544,11,909,1044,3067215,113.841159591347,58,130,132,296,494,823,223,230,264,493,539,337,207
"258",671231,"r2c2AA",-87.7692886109275,38.3313697722135,11,1292,1044,2337490,76.681115517836,60,322,294,387,572,641,371,328,441,515,467,353,319
"259",12195270,"r2c1",-109.724949302432,31.5573909744716,11,2624,1044,8330576,126.201806570223,59,547,494,545,520,374,160,304,469,569,611,591,525
"260",13298728,"r2c1",-97.8904098734359,30.3420594842885,11,3511,1044,12284870,147.143689889897,60,408,426,562,689,667,399,382,397,503,556,440,429
"261",84566,"r2c2ABA",-77.7178994831016,43.3221982687851,12,2175,1043,3397155,75.0690348271667,60,239,271,365,522,818,304,247,230,335,244,267,214
"262",311216,"r2c2ABA",-75.2473895686311,38.8294564485181,11,2340,1043,3788934,73.9351607483574,60,388,394,481,617,714,445,453,474,493,512,370,342
"263",13081889,"r2c1",-97.8804481399099,30.5811410889147,30,1453,1043,3369702,82.4795263391272,60,393,374,483,633,535,168,270,408,513,456,396,365
"264",3504065,"r2c2AA",-84.1631410744825,10.1994342945325,11,555,1042,1643189,147.979359990346,53,444,526,566,228,171,163,212,181,79,214,297,417
"265",16407400,"r2c3",88.4039687979922,26.9152231513132,13,349,1041,858338,159.646604570819,43,273,326,526,459,76,16,0,56,29,219,319,405
"266",5819270,"r3c2",-76.3132950559228,-6.41673722698735,11,249,1040,758326,161.375680608291,50,191,170,116,93,263,246,426,317,289,287,289,230
"267",25424331,"r2c1",-91.5846325514203,16.9734130922744,11,491,1040,939155,135.554925325346,49,283,292,362,472,270,228,332,269,309,315,335,265
"268",247737,"r2c2AA",-80.048945128207,42.54518305375,10,898,1038,3077667,105.216664645118,41,0,0,49,520,773,213,131,417,617,642,256,18
"269",275989,"r2c2ABA",-76.114060385401,39.5267777953444,11,2496,1038,7691516,119.533938055017,60,400,451,500,592,682,363,369,384,481,600,497,397
"270",12204263,"r2c1",-110.143342110528,31.5474292409455,11,4323,1038,14084058,140.934483106088,60,484,472,620,735,671,421,449,545,588,520,455,449
"271",12323708,"r2c2ABB",-58.9101465858418,4.24231764593004,11,274,1038,705325,143.686717921664,41,584,411,234,104,44,126,156,47,137,353,314,258
"272",13958620,"r2c1",-94.5333056751433,29.6148529368839,11,840,1038,1806364,103.126031885921,59,390,381,430,701,449,202,191,266,116,348,330,341
"273",17373560,"r2c1",-97.4222083977097,25.8493176640215,11,1347,1038,3979631,140.836205257053,59,488,440,492,555,436,223,224,99,270,319,538,382
"274",4497906,"r2c1",-105.182398814535,40.0447879387012,11,6141,1037,11887771,94.9983840446538,60,325,314,409,595,732,481,413,450,523,445,383,324
"275",13940437,"r2c1",-95.6589815635916,29.6347764039361,30,2633,1036,7044662,108.807938754791,60,460,443,455,666,516,203,197,367,483,520,481,486
"276",325847,"r2c2AA",-81.2842000854422,41.7681678387149,10,1805,1035,4534404,102.98097141182,60,119,179,269,526,763,232,300,422,580,522,330,143
"277",11689838,"r2c1",-104.465154000656,32.1152480519327,11,1386,1035,4452200,151.831581884843,60,271,302,392,570,561,301,269,359,518,392,352,341
"278",17075310,"r2c1",-98.3685730826883,26.1780548703825,11,2888,1034,5382897,104.259227608812,60,498,470,514,501,487,279,281,340,379,419,569,542
"279",1060623,"r2c2ABB",-71.0335762870946,41.4892392999844,12,1607,1032,4393166,131.299642968564,60,204,196,217,382,474,318,377,461,650,645,381,261
"280",2950134,"r2c2AA",-86.9026177941576,15.6983112009347,11,202,1032,1142161,164.147393569485,50,475,439,518,226,257,110,30,319,317,384,416,394
"281",3316505,"r3c2",-79.7700165894764,-3.65733704026014,11,421,1032,968869,140.82380291,46,414,475,315,105,49,37,231,282,177,259,476,519
"282",3538218,"r2c2AA",-83.6550926646519,9.86073535464538,11,339,1032,1699217,172.541104805365,45,321,386,339,371,418,272,319,433,470,508,485,367
"283",1849088,"r2c2ABA",-77.7975933513104,8.30670492457518,11,175,1031,1043218,185.832346965928,44,443,315,356,273,293,100,128,252,340,389,369,372
"284",289106,"r2c2ABA",-75.4665477062051,39.2677727236661,11,973,1030,3106443,124.864584744352,60,288,268,389,521,620,433,556,533,473,487,376,330
"285",482383,"r2c2ABB",-70.3960253414247,43.4018921369938,11,1800,1030,6809508,130.622513213937,60,161,159,239,423,805,419,394,492,683,564,310,113
"286",1171836,"r2c2ABB",-73.3347367316216,41.120655159519,21,2565,1030,5808846,95.618338648873,60,389,368,444,519,626,395,357,360,548,563,526,394
"287",298959,"r2c2ABA",-77.3293918755841,39.0685380531442,11,4652,1029,15048038,125.042315391381,60,362,411,484,678,714,457,446,482,590,519,451,396
"288",7866949,"r2c1",-115.263673142939,36.3290613334692,21,1935,1028,6606488,132.190939666918,60,387,327,436,599,590,304,251,313,637,582,444,381
"289",10217907,"r2c1",-96.7547722514616,33.7390106166855,11,735,1028,1495641,102.367304671536,60,399,352,424,464,557,259,273,330,319,440,393,408
"290",11709924,"r3c2",-71.4718925622426,-12.9117874859987,11,190,1028,624515,125.921195139837,31,206,239,259,74,37,171,77,180,379,319,84,198
"291",3543137,"r2c2AA",-84.6114190831566,9.81092668701492,12,853,1027,1316514,91.7114063128222,52,497,559,494,376,389,167,246,251,260,179,419,428
"292",3755138,"r2c1",-124.089769047055,40.8616500878406,22,4534,1027,14227396,97.8090601911285,60,665,636,646,661,587,497,472,583,676,692,675,656
"293",11993793,"r2c2ABB",-74.9186523622701,5.32814660027397,12,234,1027,1078161,182.235309922584,56,486,311,323,200,283,289,214,248,286,285,470,414
"294",357390,"r2c2ABA",-75.347006903892,37.9129769641177,11,1454,1025,2400290,89.4725718897824,60,445,387,412,463,643,432,397,440,483,529,494,465
"295",2795401,"r2c2AA",-89.6022475797282,17.2324181639527,11,285,1025,983017,122.615780389571,47,585,359,492,453,395,187,101,191,132,259,343,405
"296",1527670,"r3c2",-80.7960751426638,-1.68491380209412,11,234,1024,1908365,192.416317971465,50,415,513,281,283,266,262,317,287,395,406,508,563
"297",2181078,"r2c2ABA",-76.1240221189271,1.72199906382902,13,496,1024,1944205,131.834792105421,54,450,343,339,398,561,416,357,434,252,564,384,584
"298",2259113,"r2c2ABA",-78.8834223056543,0.167968633758818,11,265,1024,705160,146.518017414347,38,230,396,104,178,250,218,263,242,242,101,392,174
"299",7767554,"r2c1",-115.3632904782,36.4386404022562,11,3028,1024,7950545,129.530398246206,60,251,252,383,525,572,386,307,452,634,538,375,284
"300",15684023,"r2c1",-97.3425145295009,27.7121618334005,21,1106,1024,1270212,57.0439172221644,60,428,421,456,665,449,213,189,242,279,390,466,430
"301",16975948,"r2c1",-98.1394532115882,26.2876339391695,30,1733,1024,4979995,112.356602809424,60,526,522,550,604,388,208,162,215,364,475,564,469
"302",3436739,"r2c2AA",-85.4083577652439,10.8668704407806,11,122,1023,801293,162.092922055274,37,237,447,461,124,412,55,90,378,107,129,176,272
"303",17147711,"r2c1",-97.1632033260313,26.0983610021737,12,3354,1021,3435716,66.7343511976934,57,149,93,326,776,470,45,16,149,376,480,432,142
"304",25052881,"r2c3",78.3027710025359,17.3818441668441,10,474,1020,3022224,149.966094153341,60,732,614,560,389,436,392,407,361,526,600,640,587
"305",10170,"r3c2",-78.6841876351325,-0.0113425697108246,11,798,1019,2363710,147.812898756301,56,533,463,450,262,355,434,493,349,330,451,460,424
"306",50933,"r2c2ABA",-77.7079377495755,43.9896344150332,11,736,1019,2060291,119.852631930282,60,103,187,233,383,705,376,343,474,592,416,203,198
"307",3714082,"r3c2",-78.963116173863,-4.09565331540814,11,535,1019,1206298,136.074455259284,49,368,432,443,168,188,182,186,287,101,411,422,340
"308",22369119,"r2c1",-105.351748284478,20.3404790240931,11,612,1019,3047744,166.739338288376,44,660,683,770,370,122,17,131,90,56,251,377,498
"309",311682,"r2c2AA",-82.5094933091514,41.9076321080802,10,1642,1018,4319845,110.281723909327,54,36,48,196,362,722,172,122,313,490,424,237,88
"310",340291,"r2c2AA",-87.2712019346229,41.6187418358235,21,965,1018,1847605,110.60585472931,60,167,114,279,359,517,292,349,403,455,382,355,199
"311",1310324,"r2c2ABB",-73.9722876772914,40.6624154173188,30,11192,1018,33062782,128.70198009255,60,337,345,439,685,750,345,303,466,676,641,470,363
"312",11544620,"r2c1",-111.019974660824,32.2746357883502,12,10925,1018,34772025,119.506434626894,60,558,556,658,701,616,397,428,533,624,658,584,563
"313",3030401,"r3c3",36.612916195845,-3.33856156742522,11,318,1017,2759470,119.691618667622,54,589,627,654,564,604,330,269,515,575,611,483,458
"314",3775765,"r2c2B",-4.4593111322283,36.6777220068824,30,1642,1017,11917069,177.610214424824,60,504,454,610,649,507,398,461,557,650,615,500,504
"315",363884,"r2c2AA",-82.0512535669512,41.3896219647235,12,3748,1016,14399241,122.292656670294,60,233,285,411,646,792,404,452,513,622,592,395,263
"316",1298268,"r2c2ABB",-74.0519815455001,40.7022623514232,30,1201,1016,3236834,95.9910983558343,60,324,293,389,504,668,321,346,407,533,507,321,272
"317",1495058,"r2c2AA",-84.1432176074304,30.1527865472928,11,763,1016,1456556,105.626356710617,57,544,411,460,518,380,260,276,285,264,420,526,473
"318",3546239,"r2c2AA",-83.6849778652302,9.78104148643665,11,243,1016,1042927,154.408880752162,48,223,248,375,321,210,104,214,309,60,403,242,288
"319",3451823,"r2c2AA",-85.0198501577264,10.7174444378892,11,160,1015,431185,115.523935258755,51,209,366,421,237,320,157,114,181,41,345,284,230
"320",14609035,"r2c1",-95.5792876953828,28.8976081230053,11,646,1014,1289447,102.465305002739,47,443,329,359,555,319,85,87,132,141,317,387,399
"321",15114312,"r2c3",77.6154113892356,28.3397510455442,11,334,1014,2665256,166.881373048752,53,687,657,505,229,196,297,314,314,409,323,402,710
"322",10249929,"r2c2ABB",-74.0818667460784,11.0959903118807,12,606,1013,1179716,119.786504210179,51,538,501,553,342,271,142,256,176,185,216,299,401
"323",123978,"r2c2AA",-83.9340212033824,43.7704762774592,11,1530,1012,4148266,98.6260153641916,57,64,99,318,523,841,525,403,461,357,313,152,97
"324",22010999,"r3c2",-48.4104794493419,-24.2681637057425,11,199,1011,452160,115.010865054154,23,200,115,0,56,351,0,0,196,244,292,335,331
"325",3547225,"r2c2AA",-83.8543273351737,9.77107975291056,12,164,1010,776359,155.144199275166,44,338,286,492,314,267,112,248,228,53,428,227,196
"326",3477937,"r2c2AA",-84.6612277507871,10.4584393662108,12,408,1009,1802241,145.826532865558,56,628,565,554,465,312,212,293,246,250,280,378,479
"327",3542238,"r2c2AA",-83.5753987964432,9.82088842054102,11,196,1009,828486,135.412708368305,51,329,344,446,342,408,232,161,199,192,255,304,301
"328",3662945,"r2c2AA",-80.1186772628896,8.62548039741009,11,288,1009,808687,142.839418003104,46,345,489,426,279,169,193,203,114,159,373,193,291
"329",1581391,"r2c2ABB",-74.1017902131306,39.7658593999706,11,2850,1007,7249746,130.501713819089,60,413,390,410,388,558,351,339,370,399,449,460,397
"330",3577343,"r2c2AA",-83.5753987964432,9.47222774712783,11,931,1007,1900989,144.488133787523,53,427,475,485,373,321,282,439,208,255,216,225,299
"331",1578230,"r2c1",-118.839935478805,43.2624278676286,11,2183,1006,6271678,101.136460379911,56,41,82,263,470,764,598,411,491,685,353,137,39
"332",2089665,"r2c2ABA",-76.6121470617055,3.53503456557758,21,554,1006,2051751,159.702852115481,58,383,600,402,373,359,379,328,379,333,446,486,438
"333",12768252,"r2c4",121.975010780919,30.9198400288018,10,258,1006,837886,156.871599645736,53,223,105,145,419,365,112,122,261,347,242,325,160
"334",14201969,"r2c3",79.5280642262451,29.3458861316794,12,337,1005,1394000,154.899367813304,47,303,240,523,418,344,349,54,86,176,224,342,515
"335",201363,"r2c2AA",-82.3999142403644,43.0034227959502,21,2294,1004,7020125,118.082546048832,60,202,177,346,611,773,290,312,387,518,502,332,255
"336",18116375,"r2c4",121.925202113288,25.0224937813559,12,1359,1004,5047513,144.034317798542,55,502,499,509,529,252,51,90,150,319,579,649,599
"337",515914,"r2c2AA",-86.294952049066,39.8754384687576,11,2603,1003,3515085,73.0253439018286,60,241,301,403,554,622,399,405,423,574,518,328,283
"338",1223003,"r2c2ABB",-73.703320872087,40.9513056895754,21,3056,1003,9514606,120.540600643748,60,272,247,380,564,689,428,449,529,634,580,439,357
"339",1446535,"r2c2AA",-87.9187146138188,30.6309497565451,12,1571,1003,3464529,83.7174216390918,60,361,376,470,614,368,296,322,364,495,573,454,430
"340",1484630,"r2c2AA",-88.1079875508146,30.2524038825537,12,2354,1003,4142192,94.3211732195316,60,175,229,416,781,440,90,130,222,363,562,315,205
"341",326849,"r2c2AA",-81.2941618189683,41.7582061051888,12,1367,1002,3352868,109.329110400375,60,91,146,213,496,744,233,379,438,581,426,245,109
"342",394976,"r2c2ABA",-75.9845578495618,37.1658469496609,11,1671,1002,2729828,97.659187077063,60,325,322,281,270,340,174,209,303,616,574,500,355
"343",1816398,"r2c2ABA",-78.3952973628758,8.9542176037711,11,213,1002,549295,95.8658213940942,42,407,310,408,292,357,133,208,241,82,291,163,187
"344",1277192,"r2c2ABB",-73.9722876772914,40.7719944861058,30,12691,1001,35886222,129.841506294957,60,348,339,387,668,752,370,256,465,661,643,465,354
"345",1549402,"r2c2AA",-82.3301821056818,29.6148529368839,11,5657,1001,25599374,130.666735780173,60,616,630,636,683,503,411,354,392,472,619,661,611
"346",3621532,"r2c2AA",-83.007579985456,9.03391147197982,11,137,1001,635199,144.049547914569,25,1,82,790,74,138,0,119,46,0,143,276,133
"347",8952010,"r2c1",-106.686620576974,35.1336533103383,12,4409,1001,8855591,101.758364256326,60,400,408,446,533,537,373,374,493,613,555,453,403
"348",10153645,"r2c1",-106.885855247496,33.8087427513682,11,2549,1001,1790668,52.9828778186001,60,332,361,437,527,481,214,237,254,207,379,466,369
"349",2429558,"r2c2AA",-87.0918907311533,20.868450900976,11,586,1000,3534937,192.037115235668,60,502,504,458,558,505,339,417,365,371,546,500,564
"350",332243,"r2c2AA",-87.5102835392491,41.6984357040323,11,810,999,2348694,108.097927723875,59,208,198,286,371,625,186,227,325,560,483,277,173
"351",7297062,"r2c1",-122.057575407733,36.9566505456129,21,4648,999,6227196,74.7373448739179,60,551,497,540,531,492,404,397,454,688,642,518,489
"352",3477928,"r2c2AA",-84.7508833525219,10.4584393662108,11,209,998,562012,119.57573784966,52,258,227,293,265,245,226,349,227,126,288,245,444
"353",17075324,"r2c1",-98.229108813323,26.1780548703825,21,3883,998,8640545,118.432791136981,60,451,481,435,552,424,254,199,250,337,318,466,462
"354",3476926,"r2c2AA",-84.7409216189958,10.4684010997369,11,284,997,884560,134.15941308578,56,533,296,329,315,244,179,257,166,289,255,214,317
"355",3666668,"r2c2AA",-82.9976182519299,8.58563346330573,11,451,997,1656883,95.1110902744036,44,428,421,235,272,309,265,233,399,468,593,385,613
"356",11011928,"r2c1",-107.304248055592,32.8623780663895,11,835,997,2648347,133.022651560759,58,450,401,445,415,372,182,177,332,456,453,362,380
"357",82031,"r2c2ABA",-77.9669428212539,43.3720069364156,11,1161,996,3650988,104.917126012653,48,21,0,140,432,649,423,397,532,637,537,356,35
"358",354845,"r2c2AA",-82.1707943692643,41.4792775664583,10,2910,996,4381027,78.6079355850608,59,211,266,371,543,672,210,237,278,459,581,345,232
"359",2258608,"r2c2ABA",-78.9133075062326,0.177930367284908,11,112,996,904675,175.007250714289,37,261,272,172,292,442,356,337,299,92,162,246,198
"360",6754959,"r2c1",-122.087460608311,37.5543545571784,11,2297,996,8101442,126.222768445018,60,615,573,562,507,492,386,422,503,630,627,613,620
"361",224050,"r2c2AA",-86.2052964473312,42.7743029248501,12,3050,994,2371556,71.1369365085833,60,211,163,224,371,668,314,304,338,501,419,285,200
"362",1517104,"r2c2AA",-84.3424522779522,29.9336284097188,11,804,994,2135678,99.6422957898733,54,383,332,363,439,341,176,208,232,410,575,540,410
"363",4588298,"r2c1",-104.764006006439,39.9451706034403,10,1306,994,3939059,128.187502928172,60,285,260,321,371,543,300,368,495,651,464,357,313
"364",12140928,"r2c1",-111.039898127876,31.6171613756282,12,4523,994,12188845,122.811434966318,60,470,494,623,621,586,384,396,485,531,542,405,418
"365",24926394,"r2c3",78.3326562031142,17.5213084362094,30,767,994,3863776,141.889414541677,60,580,688,651,403,473,362,468,430,457,627,514,554
"366",3040293,"r2c2AA",-88.0083702155537,14.8017551835865,12,203,992,1064190,128.205230438387,45,556,499,540,259,347,171,120,353,388,483,173,311
"367",3672646,"r2c2AA",-83.3960875929735,8.52586306214918,12,216,992,1013720,164.849842462818,27,437,379,616,236,13,102,0,105,0,17,219,503
"368",8386966,"r3c2",-55.9913586626971,-9.2458695483972,11,123,990,844545,149.200282096514,12,0,0,0,224,409,252,405,78,506,377,0,0
"369",9763898,"r2c1",-119.258328286901,34.2370972929901,11,2617,990,8037090,93.3885534509677,60,540,495,522,486,497,367,371,472,574,584,547,516
"370",275631,"r2c2AA",-81.9416744981642,42.2662545150195,11,941,989,1395459,60.8294810716937,54,129,115,257,487,771,202,40,210,402,468,334,266
"371",1577614,"r2c2AA",-81.0550802143421,29.3359243981533,10,1558,989,12705506,235.364360575614,60,451,450,510,512,432,336,392,404,403,476,442,444
"372",3477930,"r2c2AA",-84.7309598854697,10.4584393662108,11,222,989,498958,135.351964782556,52,353,410,317,203,174,102,97,173,48,142,268,305
"373",5907441,"r2c1",-104.435268800078,38.490757508631,11,543,989,1484557,125.185903797108,48,58,28,196,393,739,161,124,379,517,293,91,63
"374",1331416,"r2c2ABB",-73.8925938090827,40.5926832826362,11,1650,988,4459506,125.653638001601,60,321,324,418,472,493,328,340,420,525,510,406,295
"375",3527181,"r2c2AA",-83.6949395987563,9.97031442343238,11,283,988,587675,111.680860040236,51,228,193,285,180,340,175,75,140,266,320,531,253
"376",11204097,"r3c2",-70.7048390807336,-12.3539304085376,11,209,988,503088,153.465663187942,27,23,0,15,112,265,105,109,342,407,306,265,4
"377",23453150,"r2c3",72.9632818325511,19.1450710009622,30,1067,988,5385844,147.051710539919,56,605,620,549,228,175,227,210,346,455,688,645,595
"378",2012967,"r2c2ABA",-75.5362798408877,5.0591797950695,21,542,987,2741026,176.156989300311,59,493,504,477,392,505,287,274,326,364,561,622,523
"379",9601206,"r2c1",-119.875955765519,34.4164084964597,23,3070,987,5188796,72.8889085922165,60,613,593,630,592,475,437,481,472,493,520,553,570
"380",14175351,"r2c1",-95.6191346294872,29.3757713322577,11,2250,987,7694618,134.737080426774,59,531,517,543,541,393,328,349,322,342,466,544,538
"381",275540,"r2c2ABA",-75.5860885085182,39.5367395288705,11,1803,986,5315702,92.5093948163971,60,379,415,457,608,678,412,445,413,472,500,443,389
"382",3454914,"r2c2AA",-84.2029880085869,10.6875592373109,11,202,985,852661,135.604073898402,40,331,276,313,281,219,243,164,166,91,412,340,296
"383",11776995,"r2c2ABB",-74.2611779495481,6.04539141415252,11,402,985,1707589,187.245855564496,48,253,302,352,250,239,353,341,298,284,237,431,395
"384",3518029,"r2c2AA",-84.9401562895176,10.0599700251672,11,658,984,1841748,93.9124506777339,55,463,456,455,353,255,164,224,268,582,662,589,492
"385",9890513,"r2c1",-118.01311159614,34.0976330236248,30,2281,983,8887645,119.713912706472,60,538,500,505,619,514,430,372,457,622,631,541,541
"386",25876671,"r3c2",-57.176804952302,-28.5317856549094,12,242,983,900368,126.290102359404,47,368,303,466,138,371,288,255,112,289,500,372,198
"387",29064075,"r2c3",74.8560112025084,12.9588344812597,30,744,983,3244549,103.419400000905,57,565,620,579,418,284,327,273,239,351,527,561,648
"388",1845577,"r2c2ABA",-77.7677081507321,8.37643705925782,12,130,982,605111,154.473888161428,33,408,341,363,299,286,0,83,154,42,235,207,289
"389",2265137,"r2c2ABA",-78.8834223056543,0.0484278314457285,11,219,982,831277,172.495513238995,40,403,306,137,143,122,64,347,217,366,199,338,236
"390",10249930,"r2c2ABB",-74.0719050125523,11.0959903118807,11,1220,982,1960573,122.972669730999,53,410,512,526,316,167,193,342,261,241,210,391,407
"391",1328401,"r2c2ABB",-73.922479009661,40.6026450161623,30,2442,981,6550892,104.481407887461,60,334,319,423,519,616,354,361,404,528,503,450,372
"392",3580310,"r2c2AA",-83.993791604539,9.44234254654955,11,112,981,564857,126.341875561146,40,464,244,184,300,379,205,179,235,118,128,158,220
"393",144236,"r2c1",-93.2283185832253,44.846343498277,11,4308,980,10104040,112.122881892191,60,199,194,392,592,778,370,363,423,580,497,326,237
"394",2809506,"r2c2AA",-88.9746583675845,17.0929538945875,11,470,980,1308827,93.4464496392352,54,480,467,537,404,273,405,291,263,227,248,229,411
"395",1322386,"r2c2ABB",-73.8328234079261,40.6225684832144,11,1540,979,4118050,107.007353302426,60,249,235,299,417,672,397,389,431,485,465,378,325
"396",2761430,"r2c2AA",-88.2972604878103,17.5711171038398,11,692,979,1148875,78.5963657376686,59,364,305,434,368,375,282,211,399,387,404,467,409
"397",2811501,"r2c2AA",-89.0842374363715,17.0730304275353,11,369,979,226321,50.4070510876383,54,380,305,331,351,290,216,130,159,151,222,89,195
"398",14180703,"r2c3",47.6903638768582,29.3658095987316,11,350,979,1747109,136.289013726361,55,404,379,380,478,382,289,220,271,501,213,299,325
"399",67338,"r2c2ABA",-79.3117768472762,43.6608972086722,30,3806,978,8065219,101.83186558684,60,221,235,282,518,776,320,279,459,535,424,287,221
"400",124341,"r2c2ABA",-76.552376660549,42.5352213202239,10,3939,978,3686954,48.6108733897489,60,271,284,372,546,681,406,401,455,536,444,395,236
"401",1331450,"r2c2ABB",-73.5538948691956,40.5926832826362,11,2557,977,4038827,80.1039357399503,58,360,302,305,318,365,252,277,411,526,558,460,339
"402",28964983,"r2c3",77.7747991256531,13.0684135500467,21,1471,977,8358562,143.077620475363,59,671,675,675,482,471,467,481,495,563,701,693,706
"403",55332,"r3c2",-78.7638815033412,-0.0611512373412797,11,400,976,1636780,127.65443446955,51,402,376,485,359,425,385,269,363,324,343,408,532
"404",187104,"r2c2AA",-84.5616104155262,43.1428870653155,11,1235,976,3036245,99.2467807268835,60,145,157,402,524,694,395,424,520,365,241,108,96
"405",27628914,"r2c1",-91.1562780097984,14.5427501119082,11,287,976,1369171,161.915332535308,51,393,465,347,349,212,109,271,233,360,461,399,314
"406",31630199,"r2c3",76.6889701713091,10.1297021598498,11,940,976,2115717,127.416104688502,51,718,552,616,308,223,130,140,72,235,340,543,742
"407",3507099,"r2c2AA",-83.9140977363303,10.1695490939542,11,435,975,1295572,136.116332323645,51,321,258,258,224,334,253,277,255,264,309,449,436
"408",193793,"r2c2AA",-87.8689059461884,43.0731549306328,12,3162,974,8857259,116.922997229573,60,150,126,205,540,796,241,193,406,549,469,245,134
"409",616471,"r2c2ABA",-79.8596721912112,32.7627607311286,22,1615,974,3830528,95.2271810269878,60,430,402,435,413,401,308,279,327,568,620,480,454
"410",3487954,"r2c2AA",-84.7907302866263,10.3588220309499,11,182,974,553737,141.386260594974,46,207,202,284,151,411,119,117,259,165,190,161,411
"411",3658939,"r2c2AA",-80.058906861733,8.66532733151445,11,313,974,1013660,157.14605543924,49,393,354,423,396,166,207,253,139,100,303,189,297
"412",298590,"r2c2AA",-83.0374651860343,42.0371346439194,11,1049,973,4165603,131.031947464958,60,208,205,354,523,727,312,265,423,526,482,402,226
"413",406146,"r2c2AA",-80.6964578074029,40.9712291566276,11,1515,972,5098417,103.688456523525,60,239,265,344,528,649,378,441,492,577,510,343,257
"414",2074577,"r2c2ABA",-76.8910756004361,3.83388657136031,11,224,972,936345,205.346401384205,48,315,429,303,176,143,206,192,268,146,295,145,331
"415",5574349,"r2c1",-92.4513033681903,38.8593416490963,11,631,972,1262086,105.340470732915,59,239,191,304,587,636,222,271,361,360,227,203,231
"416",56849,"r2c2ABA",-78.7838049703934,43.8700936127201,11,893,971,2096485,105.937528683287,58,178,155,185,363,746,383,290,412,400,332,241,141
"417",329853,"r2c2AA",-81.3439704865988,41.7283209046105,12,2502,970,4731032,90.531368664569,59,215,267,347,563,706,375,344,438,495,410,299,193
"418",339698,"r2c2AA",-83.1868911889256,41.6287035693496,11,2377,970,7019797,115.012238377069,53,169,171,309,471,775,229,200,166,272,149,91,103
"419",9448359,"r2c1",-112.424579088003,34.5857579664033,11,1690,970,3514070,93.3795912606327,60,374,327,386,519,522,371,378,419,489,537,453,365
"420",462788,"r2c2ABA",-75.566165041466,35.8210129236386,11,2057,969,1930550,64.4229402515155,60,479,434,352,387,431,371,339,373,320,530,454,444
"421",9944656,"r2c1",-118.680547742388,34.0378626224683,12,2434,969,8149774,109.968693509486,60,538,520,525,445,411,380,410,490,612,600,515,516
"422",602153,"r2c2AA",-86.4842249860617,39.0187293855138,11,1353,967,2003477,76.0380558742594,59,305,278,352,555,560,173,324,354,489,393,269,236
"423",1473688,"r2c2AA",-87.2014697999403,30.3619829513407,22,855,967,4445801,166.16270227921,60,288,286,383,562,408,208,266,342,474,503,404,286
"424",14855247,"r3c2",-56.6189478748409,-16.3784707530784,11,303,967,1246150,126.550956774159,25,38,0,143,110,141,194,563,457,609,416,15,52
"425",56846,"r2c2ABA",-78.8136901709717,43.8700936127201,11,924,966,2883262,108.074522176475,59,191,156,307,536,745,273,219,314,426,423,255,175
"426",1004106,"r3c2",-76.7316878640186,-1.10713325758084,11,263,966,454375,158.587735311425,27,100,308,40,0,275,44,268,239,42,192,253,378
"427",9818187,"r2c1",-118.47135133834,34.1773268918336,30,2397,966,8521567,116.430225495919,60,501,501,550,603,520,404,417,453,544,573,522,517
"428",13976617,"r2c1",-95.2605122225479,29.5949294698317,11,2589,966,3647349,93.5531152925795,60,451,500,519,620,445,269,275,302,370,406,435,381
"429",3433792,"r2c2AA",-84.7907302866263,10.8967556413588,12,299,965,703533,100.155347279048,44,464,471,500,209,257,79,36,103,121,235,381,346
"430",3479937,"r2c2AA",-84.7209981519436,10.4385158991587,11,258,965,329647,87.5637774820238,51,250,367,476,165,87,136,203,143,196,178,169,190
"431",20146246,"r2c3",72.0268788810985,22.7910654715115,10,190,965,794002,150.92604894581,42,416,522,355,87,73,105,5,163,244,250,138,522
"432",55329,"r3c2",-78.7937667039195,-0.0611512373412797,11,227,964,1597164,149.084635143665,50,283,302,307,247,288,235,367,332,254,360,400,301
"433",342851,"r2c2ABA",-75.1577339668962,38.2018672363743,11,1944,964,1135640,45.6298312218663,59,184,187,231,342,465,359,426,442,518,529,426,281
"434",4868374,"r2c1",-104.853661608174,39.6363568641314,10,1465,964,3237512,105.793177576194,60,237,253,334,536,559,323,312,394,484,444,389,278
"435",7432616,"r2c1",-121.768685135476,36.8072245427216,11,1617,964,4653462,98.5627186960707,60,549,485,472,500,467,313,369,489,694,692,585,505
"436",10035607,"r2c1",-112.693545893207,33.9382452872074,12,2863,963,11291859,159.521591239292,60,398,417,489,553,552,411,409,451,584,528,420,403
"437",15286520,"r2c1",-96.9739303890356,28.1504781085485,11,1639,963,1968081,62.2291136892864,53,586,586,559,431,128,42,60,64,110,250,491,516
"438",5990926,"r3c2",-76.2136777206619,-6.60601016398308,11,197,962,518021,137.207409708999,44,245,162,186,327,224,105,149,221,180,261,228,149
"439",26769092,"r2c3",73.9295699845819,15.4891147968868,23,366,961,1632107,117.813699404803,50,641,592,472,373,181,0,93,186,120,288,544,631
"440",28230,"r3c2",-78.7638815033412,-0.0312660367630066,11,522,960,1026692,120.536746378179,50,285,391,340,188,407,391,372,213,147,356,382,328
"441",7613307,"r2c1",-121.858340737211,36.6079898721998,21,3325,960,5803849,82.3603798182961,60,528,483,505,465,393,304,295,382,590,536,551,499
"442",13805157,"r2c1",-93.2183568496993,29.7842024068274,11,544,960,995762,94.765119508361,49,221,126,191,563,415,14,18,104,280,390,405,185
"443",1780082,"r2c2AA",-82.4297994409427,27.3236542258829,12,7579,959,21782472,109.195182581279,60,639,643,640,630,429,376,344,334,342,564,570,600
"444",1828299,"r2c2ABB",-74.8588819611135,38.9489972508312,11,1316,959,1668180,75.4783351518032,59,354,258,303,268,410,297,326,386,511,612,417,303
"445",10147622,"r2c2ABB",-73.0757316599432,11.4346892517678,21,332,959,1062078,117.878244553991,54,434,384,386,256,433,265,151,325,398,526,347,424
"446",26662247,"r2c1",-90.3792627947633,15.6086555991999,12,108,959,767066,150.650261789487,47,403,504,382,318,427,257,231,202,196,308,125,267
"447",17066346,"r2c1",-97.6612900023359,26.1880166039086,21,2044,958,3711082,98.121947959723,60,369,398,496,584,417,206,186,248,354,298,547,365
"448",138547,"r2c2AA",-88.6758063618018,43.6210502745678,11,1588,957,3023779,79.8035991631915,54,4,10,191,497,790,493,383,449,355,392,179,37
"449",138726,"r2c2ABB",-73.274966330465,44.5375297589682,12,2734,957,6612747,111.386462448022,60,127,143,234,348,550,356,403,589,661,541,278,145
"450",940774,"r3c2",-77.6680908154712,-1.0374011228982,13,281,957,556115,106.411655642188,47,226,349,128,1,152,174,261,270,196,450,141,337
"451",301562,"r2c2ABA",-76.4029506576576,39.0187293855138,12,1460,956,2884185,91.2674716464223,60,382,339,374,395,547,276,233,363,395,480,489,422
"452",320052,"r2c2ABA",-77.2397362738493,38.6501452450484,11,2835,956,10179069,139.898911091644,60,450,434,468,644,614,414,394,440,559,573,465,421
"453",845952,"r2c1",-123.252983430864,44.0693282832419,11,2535,956,7783218,117.334292552512,60,347,369,424,505,623,475,554,611,595,479,378,338
"454",3445772,"r2c2AA",-85.3485873640874,10.7772148390458,11,367,956,1098985,151.767196295763,60,243,394,341,272,316,314,220,258,379,243,270,327
"455",85570,"r2c2ABA",-77.7178994831016,43.3022748017329,11,1647,955,4172034,111.266642587695,60,145,210,461,595,719,358,235,289,187,171,142,161
"456",357804,"r2c2AA",-82.6688810455689,41.44939236588,11,796,955,3193220,121.390879773344,50,60,87,310,565,835,263,295,257,179,93,9,57
"457",12280556,"r3c2",-56.628909608367,-13.5393766981424,11,121,955,492164,156.77206587952,19,0,0,0,95,287,18,244,334,477,78,212,92
"458",64365,"r3c2",-78.7738432368673,-0.0711129708673707,12,288,954,929969,107.306478133672,58,287,198,215,234,333,378,377,344,495,352,447,442
"459",252000,"r2c2ABA",-75.0481548981092,40.0049410045968,11,2623,954,10611184,146.284570300047,60,289,306,382,508,660,361,391,462,645,601,367,326
"460",360820,"r2c2AA",-82.5991489108863,41.4195071653017,12,1602,954,5578659,118.951513744712,60,180,191,343,550,809,304,287,332,501,384,276,175
"461",666074,"r2c2ABB",-70.8044564159945,42.7942263919023,13,1414,954,1190864,68.0914857755876,60,237,224,271,400,571,298,300,363,410,381,312,277
"462",3663611,"r2c2AA",-83.4757814611823,8.615518663884,11,271,954,739567,125.441678002649,34,353,511,483,144,34,30,169,36,7,298,298,216
"463",10080339,"r2c1",-117.106593845266,33.8884366195769,11,1028,954,4539676,144.981783230777,60,441,423,472,543,489,353,390,358,569,573,528,485
"464",14987752,"r2c3",76.9180900424092,28.4792153149095,21,224,954,1489478,125.816683141564,42,515,470,282,126,67,228,135,71,354,675,486,424
"465",208770,"r2c2ABA",-75.6259354426225,40.8616500878406,11,1911,953,4094372,95.7653258989985,60,295,335,453,596,664,385,343,365,396,416,357,290
"466",8760854,"r2c1",-120.84224391755,35.3428497143862,11,2739,953,5439764,81.7493212174934,60,651,574,563,534,372,326,395,408,480,612,594,610
"467",9231572,"r2c1",-111.89660721112,34.8248395710295,11,2801,953,5230102,83.9853009812522,60,308,313,465,626,539,329,298,292,411,447,396,348
"468",14446197,"r2c1",-97.6513282688098,29.076919326475,11,829,953,1579778,64.9560773092728,60,364,353,431,541,511,237,262,334,365,376,352,355
"469",307030,"r2c2ABA",-76.9408842680665,38.9091503167268,30,4315,952,11877258,108.239362009041,60,344,379,462,619,661,372,411,404,506,588,469,384
"470",314544,"r2c2ABA",-77.100272004484,38.7597243138354,30,7572,952,24056025,126.29163939161,60,370,371,443,590,632,424,433,446,564,544,408,389
"471",9430288,"r2c1",-112.434540821529,34.6056814334555,12,1223,952,3111815,103.674886930788,60,435,379,399,499,435,392,382,380,509,465,435,429
"472",305093,"r2c2ABA",-76.2336011877141,38.9489972508312,11,1634,951,5031031,112.439524374695,60,397,376,452,511,536,429,457,436,365,490,439,422
"473",1147766,"r2c2ABB",-73.0757316599432,41.2003490277277,21,1871,951,3718450,102.568726146454,60,319,308,326,327,387,318,306,342,502,567,485,361
"474",3548153,"r2c2AA",-84.6014573496306,9.76111801938447,11,222,951,428462,91.9630145898852,51,455,606,328,124,225,99,263,140,45,179,235,321
"475",23220939,"r3c2",-54.5469073014139,-25.6030359982386,21,320,951,793547,119.594706876995,50,314,235,213,85,151,171,376,394,286,451,297,298
"476",28892674,"r2c3",77.4859088533964,13.1481074182554,30,794,951,4331733,147.076581397072,53,551,495,467,248,232,250,292,261,419,676,639,650
"477",29163726,"r2c3",77.5058323204486,12.8492554124727,21,1543,951,7951743,164.266303526271,56,592,607,624,428,372,458,343,375,492,538,490,541
"478",46296,"r3c2",-78.7838049703934,-0.0511895038151887,13,372,950,1352049,118.242832821861,54,354,327,274,316,459,317,325,314,280,470,401,414
"479",3491963,"r2c2AA",-84.8206154872045,10.3189750968456,12,676,950,659317,94.4106287548441,59,372,354,413,247,377,193,184,157,266,239,314,448
"480",10289020,"r2c2ABB",-74.7293794252743,10.9664877760415,12,325,950,1542925,131.845061271524,47,551,489,504,239,228,263,266,281,308,201,315,396
"481",13077204,"r3c2",-40.1322788891602,-14.4160092484384,11,93,950,579007,195.895155948711,27,132,211,274,0,105,102,113,137,165,334,430,134
"482",108547,"r2c2ABA",-78.8634988386021,42.8440350595327,11,2904,949,6945418,115.16749243602,60,228,203,394,606,709,356,357,439,553,440,332,266
"483",235922,"r2c2ABA",-75.1876191674745,40.3237164774317,12,3493,949,6911394,100.134308436381,60,358,363,410,468,576,362,372,446,552,547,464,410
"484",254983,"r2c2AA",-87.7991738115058,42.4654891855413,11,930,949,1824942,95.7525163030176,59,77,82,237,326,701,396,341,279,364,366,224,132
"485",1045213,"r2c2ABB",-74.5201830212264,41.5390479676148,11,3546,949,7232535,99.5752409529151,60,230,273,399,589,717,455,427,435,557,450,328,239
"486",2011461,"r2c2ABA",-75.5362798408877,5.08906499564778,30,464,949,1931808,113.278863935777,55,362,473,452,373,413,346,452,340,269,572,588,409
"487",27646985,"r2c1",-91.1463162762723,14.522826644856,11,374,949,2711126,176.560793372201,55,653,519,479,322,407,267,303,366,484,513,392,500
"488",258943,"r2c2AA",-88.3171839548625,42.4256422514369,11,1178,948,2158802,90.2620371586854,60,137,156,340,467,630,376,348,358,406,481,285,114
"489",931156,"r2c2ABB",-70.5454513443161,41.9175938416063,22,1410,948,1992068,66.5898029898092,60,248,284,327,430,611,377,320,351,426,467,387,307
"490",3643603,"r2c2AA",-82.9577713178255,8.81475333440582,11,1395,948,2535313,89.6731721482715,51,348,356,398,371,444,309,428,337,530,502,438,523
"491",6330271,"r2c1",-122.515815149933,38.0225560329047,11,3543,948,14530015,122.218265709704,60,649,614,639,428,414,414,419,435,535,586,600,638
"492",252977,"r2c2AA",-87.7991738115058,42.4854126525935,11,2700,947,2412972,76.9390816036326,59,226,237,331,335,573,239,215,277,196,356,353,254
"493",309029,"r2c2ABA",-77.0305398698014,38.8693033826224,30,2756,947,5300704,96.3459772112218,60,295,319,384,566,614,327,312,358,395,414,344,312
"494",2782468,"r2c2AA",-88.5463038259626,17.3619206997919,11,694,947,996476,67.4913724308572,59,449,370,421,513,431,268,298,210,280,376,338,359
"495",2812500,"r2c2AA",-89.1240843704759,17.0630686940092,12,345,947,818705,80.8548414991675,56,515,280,286,435,401,171,327,427,600,360,143,170
"496",3120634,"r2c2AA",-87.0022351294185,14.0048165014992,12,1837,947,4827868,112.014022672953,60,555,531,638,654,540,415,407,442,535,640,539,538
"497",24732368,"r3c4",152.856384711801,-27.2666454970959,11,841,947,4638505,142.022452189254,60,610,466,377,327,456,521,484,614,618,666,589,627
"498",318114,"r2c2AA",-88.376954356019,41.8378999733975,11,1178,946,2340721,90.9634443808371,60,127,164,341,402,605,392,368,391,399,473,294,173
"499",328174,"r2c2AA",-88.0781023502363,41.7382826381366,30,2340,946,5078067,110.216487023083,60,156,182,277,443,664,368,354,434,595,508,301,199
"500",889031,"r2c2ABB",-70.1170968026942,42.0570581109715,11,991,946,1308574,69.4287453164848,60,218,193,157,313,582,263,260,348,500,437,408,274
"501",5547039,"r2c1",-94.4934587410389,38.8892268496746,11,1198,946,1580429,67.3388405906446,60,290,286,396,533,613,342,244,299,346,463,374,314
