"cell_ID","SC_obs","obs.richness","sampsize_obs","SC_95","richness_95","sampsize_95","SC_97","richness_97","sampsize_97","SC_98","richness_98","sampsize_98","square"
5933892,0.999906291984104,377,12619,0.938752874229577,149.246482872929,26,0.969974864146335,176.317181492801,51,0.980255248395229,192.364502844925,77,"r2c1"
5984727,0.999771760804776,408,12566,0.948254549802732,134.00568996145,51,0.971020877460273,164.596142433695,101,0.979465685612271,184.492351525069,152,"r2c1"
5991944,0.999569667489753,357,4981,0.95360356654958,145.488669167862,50,0.969512640460944,165.983332094249,80,0.980424942996224,188.110674056982,130,"r2c1"
6064103,0.999657084271533,372,9491,0.952068548296905,150.572967711384,96,0.968778433272122,174.860093272456,153,0.98014316142248,200.848859898354,248,"r2c1"
6071319,0.999264663764456,356,4789,0.951769457115344,149.605085302009,77,0.970349728202346,177.409342167734,135,0.98030889029392,201.101117269215,212,"r2c1"
6071320,0.999886679180114,389,10719,0.957425690346318,135.418404148931,44,0.968961257651257,151.791060871515,65,0.979809687758051,174.750231145865,108,"r2c1"
6078537,0.999730366378805,365,9706,0.946729843782558,108.96476093559,39,0.970292109016543,134.719771713933,78,0.978744154159538,151.151122137298,117,"r2c1"
6085759,0.999592524520336,369,4728,0.953781239611664,157.928913228544,48,0.970363137148338,180.549619724092,76,0.980343333329068,200.537769316887,114,"r2c1"
6136272,0.999780117896167,408,14195,0.945565867681174,144.165775842873,58,0.971998266997519,176.710248913643,115,0.98142703758733,195.806884315283,172,"r2c1"
6150700,0.999708932841376,383,9542,0.944920924355944,151.93233961382,58,0.971017128197479,185.188742794591,115,0.980671544611812,205.415470856373,173,"r2c1"
6150701,0.999766056607859,376,8727,0.950504764860846,168.187567159061,71,0.971535441518987,195.805813223075,123,0.980608154337844,213.485917122641,176,"r2c1"
6345230,0.999781126026257,350,9566,0.958956585179899,152.468078618372,58,0.969325850643973,163.788671178824,77,0.979915762122749,179.94442810905,116,"r2c1"
6359980,0.999724956631989,396,6338,0.953937789752544,168.953377449835,51,0.968654783566158,189.940903132775,77,0.980667367477513,216.45148205302,128,"r2c1"
6424617,0.999842666525629,370,7912,0.957634201141426,155.64388461867,32,0.971336009956378,172.298817860033,48,0.978167826130055,184.251329549616,64,"r2c1"
6431835,0.999879153228701,398,14917,0.957807021814847,168.744186761003,60,0.97128002861165,187.864682225225,90,0.978264615355526,201.608718290447,120,"r2c1"
6439051,0.999949769980263,373,25228,0.952099151699457,132.49021404408,51,0.973812751156387,163.540968024238,102,0.98193806799745,182.396689049019,152,"r2c1"
6446267,0.999754842836088,360,8683,0.956072982357195,136.534162278185,53,0.97185497665024,158.44614396865,88,0.979211969277286,173.560440733267,123,"r2c1"
6482348,0.99991019386452,362,17120,0.935306630005354,135.174005443515,35,0.967057337080496,162.505126471666,69,0.978158807999243,178.976929365343,104,"r2c1"
6568950,0.999941388012796,379,19043,0.938581739915707,141.644496304464,39,0.967547619860515,171.672105278892,77,0.977475324825614,190.03720890169,115,"r2c1"
6568951,0.999923479463213,349,16123,0.954901995482982,152.456119084855,65,0.970203056492671,170.074813143635,98,0.981717350521994,191.689549407981,162,"r2c1"
6619466,0.999903913232564,379,11682,0.956839261861236,143.433120595285,47,0.969913129492348,162.735722583446,71,0.98135649325558,187.473865577949,118,"r2c1"
6626683,0.999920668953533,393,18084,0.960435683593289,164.173133230429,73,0.97258540965514,183.979772124979,109,0.979016842761861,198.825820798732,146,"r2c1"
6641115,0.999630453123936,371,4903,0.954926763118456,164.10684575374,40,0.969065235725869,183.125456921388,60,0.980782036432902,207.194797453067,99,"r2c1"
6713399,0.999879870699474,402,10433,0.946347595364833,137.214198260097,21,0.971571225249827,163.830725590266,42,0.979937876648081,180.245140755839,63,"r2c1"
6872305,0.999899287457868,357,12999,0.96314171450066,146.345140886379,53,0.973991249163517,162.310958113294,79,0.979583280668884,174.224858720676,105,"r2c1"
6958799,0.999669087196727,360,4894,0.943564999506494,141.059832932446,30,0.969431778883769,169.690322207844,59,0.980395680326418,193.143470251799,99,"r2c1"
6987532,0.999869458342652,419,11997,0.951677395140763,170.588182585289,49,0.966871531704554,190.253824051482,73,0.97984799695567,215.496572271064,121,"r2c1"
6987533,0.999899980086655,390,11094,0.960331624192137,169.217019823803,45,0.972625471470195,186.878810677864,67,0.979172794225405,200.274583669168,90,"r2c1"
7016408,0.999836300488277,360,8434,0.955303743579821,143.018409639741,34,0.969947035884041,158.439359440886,51,0.981836698526199,177.940886145692,85,"r2c1"
7030855,0.999740424994434,352,6139,0.947933544295628,131.527602095254,25,0.973481988683004,157.62699105732,50,0.978454383903202,165.779479334111,62,"r2c1"
7088793,0.999649408852197,372,7313,0.944718907190629,166.446516673424,59,0.968054747364371,193.652535945932,103,0.97960598046159,215.89006945497,162,"r2c1"
7110243,0.999946701137686,457,25076,0.97246864555312,190.964155907094,51,0.97246864555312,190.964155907094,51,0.984692523361518,220.471436221644,101,"r2c1"
7117463,0.999956374771383,372,18188,0.971711518700159,157.589658850243,37,0.971711518700159,157.589658850243,37,0.985193509077713,183.091698611332,74,"r2c1"
7139211,0.99990041930926,368,5406,0.950266199987206,143.603561745848,22,0.973477009251916,173.294365649545,44,0.978575202919429,183.110544036678,55,"r2c1"
7168087,0.999949380404519,391,11289,0.960474305222422,131.725683691539,23,0.97742454112771,159.231939943015,46,0.97742454112771,159.231939943015,46,"r2c1"
7247367,0.999543285188371,356,5911,0.947764858141321,138.541727463793,60,0.968996292133904,167.112826338587,107,0.979701487828849,189.89737608609,167,"r2c1"
7269017,0.999901943832445,389,14055,0.944334991496017,131.575986015912,29,0.969435319738652,158.11199958308,57,0.978206678883724,174.870293170874,85,"r2c1"
7276233,0.99954971961202,371,5367,0.94965504887645,160.522489481335,65,0.968718954433104,187.299473610941,108,0.980554205269505,212.426020955533,173,"r2c1"
7297884,0.999723244863739,352,6214,0.945711654922501,144.322452105568,38,0.971247984428151,172.840236784419,75,0.980154376276988,190.745799750519,113,"r2c1"
7297885,0.999864593056037,388,12443,0.956218187209522,150.925320595577,50,0.969731762194595,168.750025161524,75,0.980692454950614,192.24769277243,125,"r2c1"
7348509,0.999961015256355,351,19395,0.965947583839867,143.295130931928,39,0.965947583839867,143.295130931928,39,0.982483760209916,170.74856268324,78,"r2c1"
7355747,0.999873019105988,351,6863,0.950883284307491,142.417871208304,28,0.973939551873783,170.981208039776,56,0.978518938741849,179.853059103329,69,"r2c1"
7456755,0.999930571840755,351,13371,0.938525706025147,122.660889301189,27,0.967521565796298,149.72503352986,54,0.977498091415886,166.231894101273,81,"r2c1"
7478408,0.999939975405015,386,9688,0.961530862435663,179.399949956077,39,0.974664702768627,198.791732996722,59,0.980841677274078,211.798298798537,78,"r2c1"
7630190,0.9994495443642,354,2421,0.951066137404253,172.087583087605,39,0.970784552950603,196.237982406178,64,0.980337848841345,213.981648009335,93,"r2c1"
7695143,0.999874670799006,377,7817,0.942672734521966,160.924263823518,32,0.971098173786637,192.994520593616,63,0.98116685643585,212.038032083351,95,"r2c1"
7781809,0.999866490324657,368,5495,0.959132292401506,171.256942661839,34,0.969471080403778,183.019337960016,45,0.979612725810335,199.498394598219,67,"r2c1"
7796231,0.99972413380083,378,4467,0.95431748380816,185.830615499978,54,0.970066546776302,206.912479701309,81,0.979490781352486,225.708631344255,117,"r2c1"
7803450,0.999942644342646,436,20124,0.945060761362414,165.690463199312,41,0.969608594276803,200.781392694328,81,0.979259141906921,223.075435837719,122,"r2c1"
7839526,0.999758683579436,376,7074,0.945959692882567,169.023169095302,57,0.969308098286348,197.550400793784,100,0.980509532190283,220.324591313815,157,"r2c1"
7861173,0.999910360959947,398,10386,0.952705571585605,182.684840396185,42,0.968698316966243,202.707719211387,63,0.981415252745676,227.622779965682,105,"r2c1"
7868389,0.999463217877591,363,2183,0.950080700128902,178.98719861621,53,0.969902082420975,211.147171257846,92,0.97966939504171,234.369449629045,136,"r2c1"
7911682,0.999789065407787,396,6448,0.951568780860708,189.039401574118,65,0.97003134556812,215.19826714602,104,0.980345873417872,237.415346865277,156,"r2c1"
8041548,0.997502320765869,354,1866,0.949881050565701,187.101314258332,90,0.970420454040507,216.728472921345,150,0.97983786237401,236.810866431852,214,"r2c1"
8048765,0.999678200877323,379,3416,0.951561801070542,187.968302562114,48,0.969267463697633,213.569381184165,76,0.980516621688044,237.288226300443,117,"r2c1"
8063197,0.998770961924869,349,2889,0.950704200516928,169.354026189508,87,0.969442340081973,198.467401839937,145,0.979840065431984,220.967280430884,215,"r2c1"
8092052,0.999590933947074,392,3472,0.950599625067052,179.392475498651,42,0.969494115042961,206.906035360832,70,0.980542753405297,232.746977089567,112,"r2c1"
8092053,0.99921424794909,383,1576,0.947803997831353,202.522228452998,38,0.970550341208281,232.187217005167,64,0.980275633565928,251.811758689608,92,"r2c1"
8099279,0.999881655525472,406,10629,0.946877045158493,180.161057465824,43,0.965885613472037,202.594574137813,65,0.980197102854567,228.537381146872,107,"r2c1"
8099280,0.999651354382379,379,6350,0.952250970850183,186.653223498322,90,0.970340995981749,210.860788904014,141,0.980151475670547,230.153991319662,204,"r2c1"
8106490,0.999737997037451,355,4975,0.954095691893268,145.66205739981,40,0.968743837039837,161.973071731925,60,0.980581159938927,183.011346864615,100,"r2c1"
8120924,0.999436018306982,367,3945,0.950154702403944,153.984963760689,56,0.970290449675022,185.479711839871,103,0.980033943069022,209.336608733605,159,"r2c1"
8128141,0.998791963668894,352,2149,0.950169213561541,166.000273252958,65,0.970114951476875,196.522773211032,113,0.979887941552796,219.215286670238,169,"r2c1"
8135360,0.999465281466831,378,3571,0.952471352727509,192.743585220501,65,0.969794216144123,216.263524412621,101,0.979973837054313,237.456008737222,151,"r2c1"
8359056,0.999666676620171,349,3857,0.95234930766198,134.271826710519,31,0.9699574033831,159.705231474381,55,0.979666307818167,181.161216068723,86,"r2c1"
8373504,0.999668172142066,370,4579,0.948233640810322,174.54422051456,65,0.970862353817506,209.40920219842,120,0.980020549502212,231.227877240184,175,"r2c1"
8380702,0.999911791347083,400,13469,0.95622130096493,168.550500689245,55,0.970270838214354,188.229917028276,82,0.981780793394926,213.483438890503,136,"r2c1"
8380704,0.999744624312622,355,6675,0.946944711503518,125.423683528115,41,0.970664603018009,157.636328282199,81,0.979871064567608,177.577164356776,121,"r2c1"
8380715,0.999679373427957,376,4899,0.950746628534067,157.848042775857,60,0.969137794817395,184.90830216249,99,0.980641758756185,210.523138855595,158,"r2c1"
8387926,0.99996825573928,435,17367,0.965656150579601,182.699754468145,35,0.965656150579601,182.699754468145,35,0.981371707304876,216.148551417273,70,"r2c1"
8387941,0.999962546861041,461,20576,0.958490914317985,202.98296467315,42,0.97913254500587,240.287642286606,83,0.97913254500587,240.287642286606,83,"r2c1"
8395139,0.999927412112734,400,10262,0.935873933502921,148.023531388017,21,0.966136062725011,177.947455721883,42,0.981030483591831,209.652962909355,83,"r2c1"
8395157,0.999742106746515,401,8062,0.954878191755337,186.684379281152,81,0.971899371096744,211.727328630336,130,0.979526390538711,228.665105985275,179,"r2c1"
9181615,0.999104213106309,368,1780,0.951598823793039,181.616900911433,43,0.969352460294735,203.288402759517,68,0.980020099344782,225.478087969731,108,"r2c1"
9297367,0.999141255891253,364,2032,0.949851094664048,189.352734796228,58,0.969930609965493,218.62865097519,98,0.980127182160616,241.24119978622,147,"r2c1"
9333165,0.998256722825348,406,1726,0.951556948803895,170.360114507689,46,0.9696600481968,200.497402074383,80,0.97981410212131,228.565695912681,129,"r2c1"
9528175,0.999647269027244,376,2574,0.951668173164449,176.504177941472,31,0.968622196474335,197.23882601995,47,0.980290787011271,218.612740641841,73,"r2c1"
9528176,0.998395687322136,355,1403,0.949512748997165,186.544359206673,62,0.970233132293093,218.906213590772,107,0.979888247806029,242.150086849343,158,"r2c1"
9889107,0.997657786979345,350,809,0.950183208497327,195.795745827225,43,0.969863556641471,222.934881145138,72,0.980040380078476,246.05927993122,111,"r2c1"
9925225,0.999351288124684,349,1208,0.951389592068802,226.837859216611,47,0.970336928601285,249.011037758831,71,0.97974453070606,264.503285689134,97,"r2c1"
9975717,0.998247136171374,364,918,0.949356815947297,235.623502735175,65,0.970083821493221,264.568065516587,105,0.979947458649218,284.654165244782,149,"r2c1"
10004597,0.998998846562819,367,1639,0.950399936168977,225.068557518018,70,0.970244325793771,251.543521391056,109,0.980036542064885,270.07382103383,152,"r2c1"
10408732,0.999656565841467,353,2606,0.947052393428272,163.007474939862,21,0.969434948640905,186.03338725095,37,0.97992128117539,204.663197441917,58,"r2c1"
5595424,0.999779252673852,349,7612,0.957136422256042,168.356152003033,62,0.971890045982385,185.693303061423,92,0.979170037563019,198.200763272527,123,"r2c2AA"
5660405,0.999893191545678,352,8753,0.964928426344727,168.191249536563,36,0.964928426344727,168.191249536563,36,0.982568691029871,193.757121382723,71,"r2c2AA"
5761314,0.999978015947638,398,27489,0.964895526322898,185.745366824288,56,0.964895526322898,185.745366824288,56,0.982089581226031,219.693135913513,111,"r2c2AA"
5761399,0.999876102830791,378,10632,0.957452885998711,171.387016648533,43,0.972208388672741,189.843519803324,65,0.979378668396446,202.109621389934,86,"r2c2AA"
5790180,0.99993127214703,353,14340,0.957262567167879,162.797800252278,58,0.970943867495645,180.398674289876,87,0.982056693463792,202.761618851973,144,"r2c2AA"
5811902,0.999988257337954,349,31634,0.978859959323073,183.228888563188,64,0.978859959323073,183.228888563188,64,0.978859959323073,183.228888563188,64,"r2c2AA"
9362369,0.998483961768609,350,1022,0.949153969449038,193.93070982915,46,0.969863525296042,224.729748860249,80,0.980112376134249,248.035569248875,121,"r2c2AA"
9434538,0.998974801214982,357,1419,0.951792620858892,178.033535055678,35,0.969577247139581,201.779877582459,57,0.980019427776935,223.966343688456,89,"r2c2AA"
9838655,0.999786360510346,423,6303,0.950293017205427,213.727424412131,76,0.970385594424538,245.569466367598,127,0.980696022639944,270.138692221015,190,"r2c2AA"
9838656,0.999790958133398,411,3520,0.951399769105619,242.401414353988,43,0.970705314681845,264.069864248291,64,0.979497290430651,278.118834957616,85,"r2c2AA"
9838658,0.99984012664664,396,4482,0.952982568320921,183.843164859511,36,0.968107286355843,203.346278899657,54,0.980103940820065,228.517333768824,90,"r2c2AA"
9874730,0.999765737943797,351,2531,0.948768928255116,197.385491688957,36,0.97143446876034,223.225095965382,61,0.979498199580242,236.987887930313,82,"r2c2AA"
9874746,0.999460289746462,356,3203,0.949475972849047,170.152125626762,52,0.969323432752316,194.203676207989,84,0.97957478730837,212.816898111617,123,"r2c2AA"
9918032,0.999595797510711,354,1988,0.949324674714062,204.404062666657,48,0.970759981783013,230.354232131222,80,0.979657840024396,246.862993724984,112,"r2c2AA"
9918042,0.999527565452311,368,1562,0.951096860745733,233.033486320406,51,0.969335707990477,256.736606333846,76,0.979764553942896,275.619672125973,107,"r2c2AA"
9925254,0.999587145314429,382,3235,0.950888105615745,183.778202098735,39,0.970482413914857,208.942344826483,65,0.98042846848583,229.118252536196,98,"r2c2AA"
9932454,0.999345112993848,360,1920,0.950658251663689,194.36795879674,43,0.970535120303687,218.075326427724,70,0.97979885924486,235.501180658489,101,"r2c2AA"
9932455,0.999656096177637,372,2961,0.946605129404389,195.099474251729,36,0.969513216692686,219.772101066718,60,0.979880102259586,238.703712070583,90,"r2c2AA"
9932467,0.999407253833688,368,2145,0.949040087441569,192.495175903563,44,0.970432348729695,219.910624996078,74,0.980202368730263,239.320955780442,108,"r2c2AA"
9946899,0.999703135609543,385,9010,0.953737963058752,176.689636837428,109,0.971441490276801,204.899080350064,181,0.97951641684146,224.004175630699,254,"r2c2AA"
9946906,0.999559356775757,351,2073,0.949855760891366,202.621279483009,34,0.968766843061157,220.782933931277,50,0.980531116999601,238.323506588783,75,"r2c2AA"
9954115,0.999811442520494,402,6394,0.948167436591917,209.573745377908,52,0.967710829080932,231.700513900829,78,0.979679539895495,251.864122757427,116,"r2c2AA"
9954116,0.999780453057057,358,3139,0.951249069725642,191.22734597433,32,0.971399415526567,212.987138645472,51,0.980229497804181,226.830529217812,70,"r2c2AA"
9954117,0.998997003993558,351,1532,0.950068293810612,199.806898380755,50,0.969347969931426,222.541425925217,77,0.979781227180891,240.708232218525,111,"r2c2AA"
9961332,0.99992854086101,415,7855,0.94558759039945,214.17951686404,32,0.965933063291765,235.216064713835,48,0.980903256045601,259.152889430106,79,"r2c2AA"
9961333,0.999057545868421,358,1360,0.950781123378078,220.217658401039,39,0.970232655289475,239.023248782813,58,0.979714455693796,252.97165007219,80,"r2c2AA"
9982967,0.999276662874799,365,1957,0.950963554468025,199.898240943347,44,0.97057745326652,225.310252021215,71,0.979726341387783,242.264012650182,99,"r2c2AA"
10011862,0.99943522987676,359,1462,0.952136937567047,203.906110168402,36,0.970167904615024,225.946804783255,56,0.979619948574382,243.172536475327,80,"r2c2AA"
10127323,0.999849637350706,428,9368,0.950533541868735,207.42202428473,57,0.97125527068404,235.766016762606,95,0.97962881879578,253.565362353574,132,"r2c2AA"
10199528,0.999229112096464,369,1630,0.947513506686435,192.347931094127,36,0.970804917155335,221.740951883103,63,0.979738063105967,239.379375275057,89,"r2c2AA"
10343844,0.998954166508635,387,1477,0.950795179083719,228.775512642933,54,0.970013850726315,254.776299315008,83,0.980285325663148,275.174389641614,119,"r2c2AA"
10675857,0.997975789106558,361,1101,0.949116834604714,207.976594327582,64,0.969710656800798,238.198862083091,106,0.980065712658571,261.191004247844,157,"r2c2AA"
11051143,0.996894831256163,368,323,0.949165726937319,239.354234921322,28,0.969713397969921,268.073426264626,45,0.979925800482306,289.273834534135,65,"r2c2AA"
11051155,0.999774246994393,491,4265,0.954872891713258,225.351087549738,35,0.969306438254486,248.442895547507,52,0.980892769353834,278.219307680431,86,"r2c2AA"
11072795,0.994667949289613,385,668,0.95011038556031,205.867064562739,62,0.970058489251406,250.699392726597,116,0.980045465606305,284.431343727138,180,"r2c2AA"
11080017,0.999468577179574,512,3215,0.950699195376679,254.866527120457,59,0.970035108174495,290.614946157052,97,0.979529879156033,317.95777156798,142,"r2c2AA"
11080018,0.999403906482913,496,2729,0.949783219307992,243.704952380987,44,0.969034849839224,276.196403120304,72,0.980338863668525,307.381297953984,115,"r2c2AA"
11080019,0.997248988666896,433,972,0.95068957384026,246.640930535232,61,0.969835679067699,278.497515919617,98,0.98008153907785,306.36616351549,149,"r2c2AA"
11087251,0.999389566279363,416,1967,0.947488987603045,215.476455315082,36,0.969292045381995,245.191549326987,60,0.980277961211486,268.697243465158,91,"r2c2AA"
11108915,0.998463803057554,428,2158,0.948891498030719,206.115782730806,78,0.96968388805482,245.677307081259,139,0.979905959865803,275.877995497789,213,"r2c2AA"
11116109,0.997271216962289,429,1387,0.950042513307884,217.194340649414,81,0.969875639733261,258.154579853058,142,0.979975942425393,291.379705253168,220,"r2c2AA"
11123324,0.999743963727643,509,5585,0.950366070192068,238.091250686747,45,0.97209513332245,272.344507956934,79,0.980427360580082,294.005146670322,113,"r2c2AA"
11123325,0.99834399699598,439,1737,0.949796492072567,240.454552414726,74,0.970184107683827,275.145011848893,122,0.979994648214351,300.757832300953,178,"r2c2AA"
11123326,0.999574802928256,488,4102,0.947666458488813,193.920572824417,42,0.970961869312328,235.52469040298,83,0.97956345791362,261.824371697956,124,"r2c2AA"
11123327,0.998634720644977,423,2628,0.950546708350407,186.957648494629,69,0.970444967831342,221.771562061942,122,0.980130134448396,248.064239489751,185,"r2c2AA"
11123339,0.997450434987643,352,745,0.950099897101764,211.1067495874,51,0.970123450142395,238.986434188431,83,0.979958977072028,259.989197078145,121,"r2c2AA"
11130541,0.998835331273352,440,1221,0.951406470608628,244.952811454713,45,0.969539183306699,275.2098759391,71,0.979997162633621,301.3120929695,106,"r2c2AA"
11130542,0.999906649596681,540,9762,0.949084435544519,223.429832699487,40,0.972512122856135,267.672958074256,79,0.980825105917554,295.142195634133,118,"r2c2AA"
11130543,0.998592376581919,442,1123,0.950750090705616,257.346011902394,52,0.969840195067775,288.756474811559,82,0.979959460387607,314.118110852241,120,"r2c2AA"
11130544,0.99194207790004,351,454,0.949985763313612,220.481740205236,65,0.970062691972238,254.20405166109,109,0.979954322279587,281.402352577913,165,"r2c2AA"
11130554,0.999636804377644,451,4107,0.953468830914927,208.297482524387,42,0.970790009055332,233.796187546389,66,0.980428558759722,256.492495830311,99,"r2c2AA"
11130555,0.999604045474564,471,4733,0.949461053230895,211.538983593953,48,0.968851478861644,239.111774667235,77,0.980625999243383,266.682672650083,124,"r2c2AA"
11130556,0.999875493679035,524,9580,0.94398683358579,229.573658988768,39,0.973258762523118,270.925178396211,77,0.978815263616757,284.530782711024,97,"r2c2AA"
11137761,0.996033306488881,382,575,0.950729352030878,236.63503132602,55,0.970126095315386,267.64791981143,88,0.980064013751965,291.54001548014,128,"r2c2AA"
11137771,0.996432342646285,356,674,0.949800849368221,215.483013032874,61,0.969837955510135,245.984156150827,98,0.980009956159037,268.337495866091,141,"r2c2AA"
11144973,0.998245705345882,382,1217,0.950692095953529,201.654526941051,47,0.969657303572516,230.479879930708,79,0.980215671460181,256.775575223688,125,"r2c2AA"
11144974,0.999104853445498,459,2785,0.948485515755771,231.421851001079,62,0.969652600653447,263.474326141302,101,0.980168056844782,288.960697476923,151,"r2c2AA"
11144977,0.998661771117601,428,843,0.950749350990029,250.924714293944,38,0.969801978587941,281.606545841263,61,0.979788621075851,306.352502415525,90,"r2c2AA"
11152190,0.998393903367059,440,3145,0.95100630090148,192.422609135743,95,0.97021016501443,230.598515872803,171,0.979948398727353,261.256130125996,266,"r2c2AA"
11152191,0.999871168892134,525,16034,0.960559233384563,184.037565815099,65,0.971698509942416,204.182400622134,97,0.98117078196221,231.842475327972,161,"r2c2AA"
11152195,0.994330096211952,350,487,0.949797361516485,218.182543747089,61,0.970001589498226,252.995513114285,104,0.979961580026388,279.188760593467,155,"r2c2AA"
11152203,0.996392540097735,385,571,0.949443177774363,256.689613486629,64,0.970009864440137,287.382341344199,101,0.98006596537054,309.759455018029,144,"r2c2AA"
11159408,0.998093663517442,403,1430,0.951007357423571,180.905816232222,41,0.970218417016009,211.498660778981,72,0.980013306678534,238.689515577876,115,"r2c2AA"
11159413,0.993161587269867,349,296,0.950000278198619,248.864932055397,52,0.97001687239972,277.43445795069,82,0.980002174004919,299.131802763109,118,"r2c2AA"
11159420,0.998466554247927,450,1467,0.950897132859974,246.58313451075,62,0.970305115938497,280.885644820182,101,0.979992622255538,307.29582487133,148,"r2c2AA"
11166630,0.998298476378924,411,622,0.950323273774242,253.031513609459,38,0.970154077878515,285.346195725792,62,0.979988345512125,309.271562053468,90,"r2c2AA"
11166637,0.999075504859714,422,3252,0.948588420309151,139.043676881377,53,0.969962809647917,184.032599004428,111,0.979974647134337,219.126091604133,183,"r2c2AA"
11166643,0.999108999315102,356,2146,0.95109697269106,179.072063267487,56,0.970424079733197,206.178959724227,91,0.980309150666003,227.306555939756,134,"r2c2AA"
11173847,0.997486856524509,372,1043,0.950569964299954,190.920759073049,63,0.970222241168639,226.38467464143,111,0.979907303486399,255.26289510208,172,"r2c2AA"
11173851,0.997274012419222,350,952,0.949959234414603,179.112554881582,56,0.970199913999886,212.884386413357,100,0.979951919634455,239.681057657149,155,"r2c2AA"
11173854,0.998338702754432,427,1871,0.9502971151851,199.694769990297,64,0.970068634060925,237.144603323321,113,0.979869419628935,266.418360585356,173,"r2c2AA"
11173859,0.998725826475959,470,2178,0.950575256085521,213.476406643481,53,0.969605428724747,248.59972288225,92,0.980035733550904,281.304582003965,149,"r2c2AA"
11181054,0.99822623594187,355,1330,0.951398922501726,172.283976084192,41,0.970389254867638,198.287127782541,70,0.980034603605359,219.588861235008,107,"r2c2AA"
11181063,0.999292363923272,413,1720,0.948486686536898,198.336800529719,35,0.970211749092452,231.522269671152,63,0.979694477200977,254.688679615024,94,"r2c2AA"
11181076,0.998050392245432,418,1232,0.950675215352437,214.029538546672,60,0.969724785839324,251.334206034217,104,0.979963470519958,282.204434188193,161,"r2c2AA"
11181079,0.998716743090048,398,1166,0.948902968517346,204.567293161297,38,0.970189258002624,238.85849838614,68,0.980070090269067,263.915899695815,103,"r2c2AA"
11195515,0.998863507252028,435,922,0.948644624818503,233.980207360872,30,0.969875691653089,268.618732492819,52,0.979809261018945,294.338984517303,78,"r2c2AA"
11209938,0.999297262873488,362,5198,0.952478042649505,118.321345882898,53,0.970309522969288,143.033307229371,94,0.979760061815851,163.956990244302,147,"r2c2AA"
11209948,0.991793395386464,377,468,0.949776679842822,233.465993952166,72,0.969909918180813,276.236945004622,129,0.979997198455743,310.994648343306,202,"r2c2AA"
11217164,0.998349421120099,381,1142,0.948882526957314,174.440049684336,39,0.969736346448712,209.637055068697,71,0.98023229162704,238.428499241184,113,"r2c2AA"
11217175,0.99884887062876,354,1199,0.948895986034958,196.653469337837,41,0.97018518100757,224.137587558064,68,0.980096059553286,243.838441823551,99,"r2c2AA"
11224382,0.998321229621014,397,1318,0.949815694132344,192.74022563289,48,0.970304277363026,226.706198098749,85,0.979840118545477,252.969888714163,130,"r2c2AA"
11224383,0.995860982968025,383,552,0.950505990864993,210.000563001961,35,0.970204056929205,239.742443937337,59,0.979913561454417,264.210929551735,90,"r2c2AA"
11231599,0.999401444404121,432,1818,0.950738681215708,203.996686904704,33,0.970223145622981,231.816082786719,55,0.979952192408841,255.179503577101,84,"r2c2AA"
11238797,0.999390473383058,373,2446,0.951713342373975,179.272523097467,59,0.970607382463112,208.426762878311,99,0.980086451670198,231.414533839329,148,"r2c2AA"
11238812,0.997594695457764,410,1918,0.949463119119018,172.950534968652,58,0.97028733205579,203.067518371263,104,0.9800079796178,230.314320305022,170,"r2c2AA"
11238813,0.998923874830007,473,2026,0.949602407983484,216.948399275845,57,0.969937838176389,258.421200979243,102,0.980059991890606,291.578190253239,159,"r2c2AA"
11238814,0.99930108998145,456,2097,0.948043101582055,225.487335071015,38,0.970885042184793,262.759805148818,68,0.979696003860355,285.394664968885,97,"r2c2AA"
11238818,0.999836509171319,540,7238,0.957438715580126,227.5211718449,44,0.967500550560435,245.052962626807,59,0.980390721299505,278.802114319189,102,"r2c2AA"
11238828,0.992345750508101,394,162,0.950258732934214,290.700236807946,35,0.96968826240538,323.420371867301,54,0.979876765610821,347.465306691882,76,"r2c2AA"
11246013,0.998361605088979,369,1142,0.949238027607846,184.820531643069,35,0.97027911027855,213.901424746677,60,0.9797552514077,233.750200179024,87,"r2c2AA"
11246014,0.999816740215208,525,7538,0.954184303275153,270.27125795552,46,0.966721890805211,288.208097948292,61,0.978735788545848,312.474344381527,91,"r2c2AA"
11246029,0.9981311205801,403,1176,0.949596552951889,224.932303955206,57,0.969913111870461,257.106134834399,95,0.979952703560965,282.232308916103,142,"r2c2AA"
11246031,0.999197962360806,447,1054,0.950832810906197,261.29232252294,36,0.970231073230954,294.230199363408,58,0.979954273510966,318.132013874507,83,"r2c2AA"
11246032,0.997818367509784,410,727,0.949142761865549,232.364242668773,47,0.9702401431882,273.051617503681,85,0.980148650543649,302.654743798052,129,"r2c2AA"
11246035,0.999095958576311,404,682,0.947952225981434,252.553204682174,26,0.969528676721168,280.900132406731,41,0.980150310988983,301.836455139318,59,"r2c2AA"
11246036,0.998297373564912,374,360,0.950816225855531,247.807409240799,28,0.96997868965258,276.024509229149,44,0.980005205172997,297.353050162677,63,"r2c2AA"
11253231,0.999565871733087,468,3731,0.950193757387677,230.524719714768,60,0.969103658383328,262.627825211745,98,0.979786934602746,290.627689871675,150,"r2c2AA"
11253247,0.997745644620088,414,937,0.950223642895788,241.516023970878,59,0.96989009947016,275.328731477806,96,0.980001595021566,301.413203543567,141,"r2c2AA"
11253266,0.997873257137866,406,1169,0.949199550934258,239.82503046187,66,0.970212921471914,271.034523576408,106,0.979821041973758,292.686074990343,150,"r2c2AA"
11260447,0.996194210637839,370,758,0.94982783846428,226.640428671983,81,0.970136143504939,262.106328187741,133,0.979913759736375,286.729691636497,190,"r2c2AA"
11260483,0.998160443434783,376,681,0.950515282701969,243.833007953677,48,0.969797117859757,271.306031892288,75,0.97995632683632,292.695807697656,108,"r2c2AA"
11267664,0.995261043365653,385,786,0.949989701154935,210.540272043826,70,0.969964270479983,250.820383242807,126,0.980038963955536,284.720986655271,200,"r2c2AA"
11267701,0.99696805704927,365,668,0.950005711374799,234.571026538743,75,0.969843058488733,267.725648062975,122,0.980059220455845,292.720364449831,178,"r2c2AA"
11274881,0.998719488886618,442,1536,0.950736949699053,218.123379898408,44,0.969954128585286,250.295910042467,74,0.980205302379241,277.493039449888,114,"r2c2AA"
11274920,0.997374340787591,373,859,0.950645923136784,233.487366956929,71,0.969938250034531,262.080147796432,112,0.980114776748989,285.093380828869,164,"r2c2AA"
11282099,0.998391410113494,359,1170,0.950942128521745,203.532566051313,57,0.969764630795767,230.510276261075,90,0.979940153418706,252.44943428393,132,"r2c2AA"
11303767,0.998634962129098,391,1565,0.950885199142057,163.827005129259,41,0.970324378571135,198.616956705863,76,0.979988215795286,226.639845437322,120,"r2c2AA"
11303769,0.998503519904971,426,1261,0.949705822925426,206.478422447609,41,0.969904811290868,241.005746990053,71,0.980036422916879,268.570872032982,109,"r2c2AA"
11310975,0.996609076161842,390,2028,0.949461992237761,188.268517586357,131,0.970273124031751,231.250764315819,241,0.980100186056833,263.275526777781,371,"r2c2AA"
11310984,0.993143450308838,392,556,0.949987151982001,234.876324297375,69,0.97007578305546,275.744921347983,121,0.979999186735459,307.12548017702,184,"r2c2AA"
11310985,0.997641025901296,374,1037,0.95009355820402,181.68147031998,42,0.9701681038119,211.873684340929,73,0.979866065840527,235.397785334628,111,"r2c2AA"
11318192,0.996424772687436,394,1511,0.950289060036356,205.166521897462,110,0.97009260113429,244.979513980736,194,0.97992921779015,276.126901639505,297,"r2c2AA"
11318201,0.997221541669868,406,1634,0.950193817684914,198.391372313265,76,0.970205169477789,231.795495956504,132,0.980052018547193,260.169978791341,207,"r2c2AA"
11318203,0.989369337901172,355,221,0.949922864570947,255.381115092548,50,0.97000744372679,289.039878935028,81,0.979934117939054,313.78070448656,117,"r2c2AA"
11325419,0.998095591386794,422,1096,0.950309742569545,204.835652611911,36,0.970314219163706,237.584103691251,64,0.979885949740626,263.737314933127,99,"r2c2AA"
11339848,0.998105894912753,461,1700,0.950114132530686,236.448619646001,82,0.969849403349019,276.710162545098,140,0.980128422205963,309.610194714517,215,"r2c2AA"
11361502,0.997188387183111,417,848,0.949420064245797,225.068243069468,58,0.969999440253529,268.592887822279,106,0.980107265167235,301.776483309108,164,"r2c2AA"
11383167,0.994528403783536,369,321,0.949937102595036,246.287264733864,43,0.970062168007917,278.341623824889,70,0.980103602003169,302.309812796522,102,"r2c2AA"
11412035,0.998903289850349,365,1141,0.949567549249789,187.618712387598,30,0.970550515440082,214.817891567835,51,0.979826372509493,233.656400429517,74,"r2c2AA"
11412044,0.997535931851245,351,833,0.950714751131233,174.302344829716,39,0.969793486620699,203.951033594762,69,0.979907234553957,231.144576241052,112,"r2c2AA"
11419252,0.999628433336609,480,5371,0.948869967103386,203.871638241312,44,0.969836481910474,234.526827112968,76,0.980120288855275,260.269238849047,119,"r2c2AA"
11419267,0.99675986394652,416,824,0.950345135285564,259.840659276316,85,0.97004037271399,298.453537811678,141,0.980058852616211,327.372067055684,207,"r2c2AA"
11426469,0.99952367255951,455,3298,0.95166621477202,198.168360476075,40,0.970183820285775,227.4550908903,67,0.980493676598579,254.287934873121,106,"r2c2AA"
11426480,0.998795599125976,383,1508,0.950241420377648,183.924021838558,31,0.969222419654302,206.123266602888,49,0.980403762514125,226.897502720829,76,"r2c2AA"
11426484,0.994428252777581,392,675,0.950030577523795,255.619359536602,99,0.969970757124633,293.114772928283,161,0.980043136984658,321.044697287054,234,"r2c2AA"
11440888,0.996531898462773,376,791,0.949066207074851,198.593290647713,46,0.969805519500476,230.806813852096,81,0.980079149483757,258.528954933584,129,"r2c2AA"
11440889,0.997782599258114,365,859,0.950894498048946,192.584407317153,42,0.970291940754635,221.503156110324,71,0.980143630729948,245.624725133755,109,"r2c2AA"
11440892,0.998891183218732,397,1324,0.948226262324873,206.123989815939,32,0.96957784483454,235.315080615044,54,0.979809235088377,256.858136199461,80,"r2c2AA"
11440898,0.999448414561807,431,2782,0.948318000348935,219.427900718134,40,0.970260641217421,247.623314171816,67,0.980624952015164,269.40291343305,101,"r2c2AA"
11448120,0.998667434667148,363,1195,0.950211831250944,174.559992839875,32,0.969783363926696,203.734597779924,56,0.979917634510794,227.706177940675,87,"r2c2AA"
11448127,0.99896514732391,373,1158,0.948119170032909,177.093714345824,19,0.969118498119328,197.272890928692,31,0.979823310949995,215.976658797607,49,"r2c2AA"
11448176,0.999692773989147,434,3771,0.950259789945305,219.654139612285,46,0.970752951162337,248.259224993669,76,0.97954801724264,266.648966065567,106,"r2c2AA"
11455393,0.999729592281544,451,6191,0.948441797162524,204.925815594559,63,0.970849173398518,239.818469306438,112,0.979790572843599,262.246568127465,162,"r2c2AA"
11469761,0.998894292698405,359,915,0.952112880682829,210.439099696489,28,0.970066936114905,228.110499616443,41,0.980244367021885,243.709191375124,59,"r2c2AA"
11469763,0.9978194747601,399,1278,0.950675963720638,218.075112618648,59,0.970092671859746,246.733569061122,95,0.979987597018638,270.065142177606,141,"r2c2AA"
11476975,0.99799971452424,354,660,0.948950814713378,199.505328965494,32,0.969583000107458,226.465041586818,53,0.980042512938533,248.092861994751,80,"r2c2AA"
11491414,0.997645323568948,387,1685,0.949787950103138,196.081607018458,61,0.969933385872501,224.004258577257,102,0.979973253513341,247.258089778708,156,"r2c2AA"
5494445,0.999888579418306,359,10154,0.958265375461319,175.433142277802,62,0.969190058288563,188.162452945944,82,0.980040372748238,206.096860074087,123,"r2c2ABA"
6273892,0.999780128580891,349,8574,0.94341343472011,146.905942625125,52,0.971574599968261,177.506326145996,104,0.980969277699488,195.08316208446,155,"r2c2ABA"
6346057,0.999865821270671,354,11644,0.958915557839527,152.936463073402,71,0.968664509847566,165.11282437371,94,0.97872051884637,182.922523354117,141,"r2c2ABA"
6418218,0.99989948422257,361,13774,0.951902075392122,158.85066339272,56,0.967145551499976,175.9161996334,83,0.980202864174578,198.487830002699,139,"r2c2ABA"
6620271,0.999760092797895,356,4676,0.953939191680355,180.016661432736,47,0.968260883398901,196.293529613807,66,0.980678645883441,217.198922273352,104,"r2c2ABA"
7139806,0.999930576766475,357,10241,0.959373613168577,161.76816597182,42,0.972094437448774,178.875244088634,62,0.979001622880703,191.789028024534,83,"r2c2ABA"
7262473,0.999836874781446,350,9375,0.947077881268394,134.994259644941,38,0.972174045501194,162.325357980725,76,0.980791643952139,178.525180807118,113,"r2c2ABA"
11347154,0.999261290144944,384,2192,0.950769379445464,204.746954235414,80,0.969526179727058,236.93423833624,132,0.980249668232622,264.795329722603,203,"r2c2ABA"
11361581,0.999890103912611,528,11535,0.952483442686107,240.031410125364,47,0.968092406291651,263.347317451278,70,0.98013883436203,293.260142652848,116,"r2c2ABA"
11361582,0.999716038815213,513,6310,0.950686265525329,233.333045125958,64,0.968998092914619,265.597936177363,102,0.97944716927816,293.550739327661,153,"r2c2ABA"
11368799,0.999030259947257,415,1901,0.950211527759618,226.995716067812,58,0.970569131665775,259.271474835498,96,0.980153414019049,281.842376524229,138,"r2c2ABA"
11368800,0.999172046066094,414,3619,0.947592317674597,175.466499363047,59,0.969647500411431,211.095817952729,109,0.979687875920691,237.42244824658,168,"r2c2ABA"
11376016,0.999155605243449,424,1515,0.951472010040128,218.913965257181,34,0.970315898544726,246.342419412467,55,0.980316009212144,269.595681745819,83,"r2c2ABA"
11376017,0.998825815749657,422,1531,0.951418997672836,227.438750171383,53,0.969782285325545,256.196166133979,83,0.980202030687892,280.638478170334,123,"r2c2ABA"
11383235,0.999188122397777,455,2901,0.952224521979217,225.611797526892,59,0.970015822559242,255.366206916769,94,0.979992543455815,280.666700741386,140,"r2c2ABA"
11383236,0.999659908925595,376,11144,0.950147254235344,113.53062417181,68,0.967802682793669,133.442333786379,112,0.980822492425847,158.501635291939,202,"r2c2ABA"
11383237,0.999011364929468,381,2855,0.947522949646539,150.608342043756,46,0.970488043366643,185.429079078366,92,0.979875526250249,210.039921666252,144,"r2c2ABA"
11390452,0.998705737045712,433,2553,0.948845013116134,221.414743352501,82,0.969812940498096,257.09515348921,139,0.979703218609485,283.237058951026,205,"r2c2ABA"
11397691,0.999424413537916,435,976,0.951058985787513,279.267764290164,32,0.970700590453326,306.979940447423,49,0.980035185602218,325.683995140758,67,"r2c2ABA"
11397692,0.999154021360193,417,2406,0.949416759120443,217.43602930361,63,0.969445084940027,248.231784171679,102,0.979682822602856,272.276794641755,150,"r2c2ABA"
11440963,0.998683102454037,381,1199,0.948937469229247,217.481702586136,53,0.969941718423792,247.81727708295,87,0.979840414570996,269.118737353186,125,"r2c2ABA"
11491522,0.999098152825559,400,2112,0.949142722024908,202.739630863789,51,0.970042656646504,231.204747622284,85,0.980211583510675,253.65217508813,128,"r2c2ABA"
11505957,0.99884277430754,372,751,0.950152636718357,220.907973841081,38,0.970345516563803,251.880269634054,64,0.979799447326766,273.171009165836,92,"r2c2ABA"
11556477,0.996418937759963,376,404,0.950356301829011,281.896474423514,74,0.969947981759354,309.651842956585,110,0.980038697113612,329.199176492491,150,"r2c2ABA"
11744169,0.998436386715459,455,1411,0.950374549338816,214.249198098024,49,0.970191995996748,253.212244466904,91,0.979977755132385,288.248060022324,150,"r2c2ABA"
11895715,0.997279817910763,406,1293,0.949087162616597,160.169754162668,34,0.969950765942541,188.890784148935,63,0.979965459750351,216.199308732649,107,"r2c2ABA"
11953439,0.998546894603973,447,1017,0.95030976300407,227.591353726042,45,0.969889182824512,266.761486189389,82,0.980072870363251,302.510798614916,135,"r2c2ABA"
11989530,0.998940369602334,437,6532,0.948598477580873,151.016293764711,79,0.96914576152947,179.90393966981,145,0.980349755106818,208.366655806629,250,"r2c2ABA"
11996748,0.995807876640861,370,902,0.949635323603601,240.900933811705,107,0.969887926140858,273.117660422866,174,0.980028116234106,297.693616273981,255,"r2c2ABA"
12032831,0.998109863332401,402,745,0.949324517980195,224.669919707966,36,0.96984201012613,255.954341356156,60,0.98000293517813,280.475812973919,90,"r2c2ABA"
12054477,0.999385343998159,598,5743,0.954764842347626,276.863408256714,70,0.970843488122583,303.363480383316,104,0.979806808567551,327.276316355783,150,"r2c2ABA"
12054478,0.998937383843416,501,2280,0.950988452501164,226.481579823385,60,0.970323944726794,269.638814389856,106,0.980200396389271,304.922892645632,165,"r2c2ABA"
12076131,0.991392822971903,355,411,0.949872138688165,240.712923735675,81,0.969901410928155,278.530928006638,136,0.98000774715457,306.391111799754,200,"r2c2ABA"
12083355,0.999107361235701,449,2316,0.949056070205313,162.27635698911,24,0.970633065176091,192.963381825989,47,0.979686004857576,216.711617787768,75,"r2c2ABA"
12083356,0.999350760275616,416,2707,0.953855521080165,156.041637303203,28,0.971229995591766,179.895027841559,49,0.980175566398227,200.777624971046,77,"r2c2ABA"
12083358,0.999100181211371,474,3229,0.951238115051376,176.182169692036,39,0.971059349769434,207.434431247507,72,0.979685101690649,231.428193630589,111,"r2c2ABA"
12090573,0.997522931600311,355,995,0.950118518876214,176.234686765985,36,0.970304483992454,200.964214804992,60,0.980183069144548,220.399955054036,90,"r2c2ABA"
12090574,0.995491128839897,376,1586,0.950459701618378,147.067584635399,61,0.969704027934251,178.900027460035,115,0.980071316088217,208.88941164948,195,"r2c2ABA"
12090575,0.996699783710754,394,1088,0.949494589071979,197.223435577322,62,0.969870563402641,235.87438561029,114,0.979965341651436,266.427364399579,179,"r2c2ABA"
12097789,0.999001020027492,395,1519,0.949279770898802,177.379596845351,25,0.96909534629527,204.68364085087,43,0.979931934019751,228.496098132423,68,"r2c2ABA"
12112233,0.993982180842865,365,489,0.950282338631324,234.664047561464,74,0.970030775384486,273.19552187012,123,0.979996212870988,299.17018917547,175,"r2c2ABA"
12141090,0.997103625223102,359,1053,0.949449571413071,190.221005142717,64,0.970061464510667,223.649482561125,112,0.979892589611911,248.77602447806,169,"r2c2ABA"
12148308,0.998470210747416,503,2253,0.949806608875723,219.622362770463,55,0.970038753235074,258.100995921791,100,0.979971839417513,292.346120494178,163,"r2c2ABA"
12162742,0.99606253098884,400,844,0.950269218881238,221.505267432104,73,0.969908254310673,262.158617442994,127,0.980043061155685,293.6759293006,193,"r2c2ABA"
12177181,0.996823310341394,420,951,0.949375853038373,192.043882452136,42,0.97028638565515,231.44014443135,81,0.980080798093862,266.625037898937,136,"r2c2ABA"
12191617,0.99821555460282,394,698,0.950817597950452,232.856615149581,47,0.970015497781345,267.98651114217,77,0.980013510373558,294.131108771191,112,"r2c2ABA"
12220478,0.998940383298017,384,980,0.950681462860096,194.587693996189,48,0.970048304398018,228.632289886805,87,0.980092664091096,260.357553189206,144,"r2c2ABA"
12299848,0.998874988625804,365,961,0.947290558209725,142.847403689739,14,0.969355743221308,167.394033308181,27,0.980280974620916,192.73114170786,49,"r2c2ABA"
12350362,0.999035297982704,374,1445,0.948669534341334,172.8291232087,29,0.96994465319269,197.590487898301,50,0.980077325230395,218.850504444537,79,"r2c2ABA"
12357576,0.998407345293848,506,2065,0.950711766950814,213.291149631247,58,0.970180326691722,257.009147599741,104,0.980071331326039,292.123357053735,162,"r2c2ABA"
12357579,0.999358700610493,461,3983,0.950786036834316,170.909676619735,32,0.970796689250915,197.519726111706,56,0.980583794203362,219.829323524338,88,"r2c2ABA"
12364796,0.998335356771794,385,1243,0.948651781696033,184.647061294019,40,0.97022884353972,216.756295982583,73,0.980030404484001,242.364359473228,115,"r2c2ABA"
12372012,0.99557996930337,384,620,0.950225769573075,228.543045642465,59,0.969948323883699,264.526716169504,101,0.980010255376047,292.262438918942,152,"r2c2ABA"
12393663,0.995741053946165,378,552,0.949624125550118,216.19287850989,51,0.970035785977959,253.246617677145,88,0.979934776104898,281.737542589127,133,"r2c2ABA"
12393665,0.996997220300097,358,1081,0.951159976094761,145.548019337674,35,0.970104965644607,172.359153345842,63,0.980005307268841,198.088854028818,105,"r2c2ABA"
12682352,0.998380057343379,353,982,0.950282048655786,161.72737335264,28,0.969892966978201,187.740476569809,50,0.979904550990232,212.572102290331,83,"r2c2ABA"
12761700,0.994707135058996,350,689,0.950145718709101,197.573949325327,65,0.970030411571098,232.100382333742,114,0.980016263412134,259.837137953447,176,"r2c2ABA"
12783353,0.991836394055268,349,353,0.949824670590068,220.886779120488,55,0.970008247142927,257.02703184726,93,0.980070959736041,285.203415944454,140,"r2c2ABA"
12797812,0.994329075657893,378,578,0.950100379858214,268.956725297761,110,0.969950358131407,304.157941214964,175,0.980033492580307,328.201094709586,245,"r2c2ABA"
12869975,0.997404134766734,461,1172,0.950162623047446,255.563684770654,80,0.969770500226752,300.325536929553,141,0.980016010376344,335.841589624121,217,"r2c2ABA"
12956543,0.997547904679934,438,927,0.949731534604614,264.48718025443,62,0.970217630153053,298.152858802947,101,0.980110293310608,324.241700868331,149,"r2c2ABA"
12963754,0.998943220815146,354,929,0.94918585241871,191.133976468697,25,0.969957350979809,214.155064954289,41,0.980300947859886,232.89009485028,62,"r2c2ABA"
12963760,0.999033526832997,399,1020,0.951396509755891,189.127022854297,27,0.969195695620354,216.666358756301,45,0.980044901318397,244.982009415314,74,"r2c2ABA"
12978194,0.998370989527142,370,761,0.949764988174273,226.119944242303,46,0.969911318340918,256.124676273307,75,0.980099835183899,278.270965251579,109,"r2c2ABA"
12985411,0.999094098498375,423,1842,0.947790488307999,193.09616311844,37,0.970260815260698,227.669531918381,67,0.979722145864422,251.425971732004,100,"r2c2ABA"
12985414,0.999096082155554,391,2482,0.949130037045461,176.245562716725,50,0.969911326536155,207.420040680453,90,0.979909783251059,231.985301733832,140,"r2c2ABA"
12985415,0.999317148312568,424,3100,0.950631561475062,167.622050009934,44,0.969389741204248,195.976675432753,75,0.97961735972322,221.789962654096,119,"r2c2ABA"
5631698,0.999841902614139,362,10605,0.954565504873677,177.325649167554,86,0.969093883732121,197.974519481141,128,0.979704329755425,218.986284133862,192,"r2c2ABB"
5747171,0.999711123453627,355,4229,0.950994767944874,176.840288429368,60,0.969269735327184,200.624497718722,94,0.979436730176397,219.628264765986,136,"r2c2ABB"
5783258,0.999750172629336,359,6427,0.95358876300557,161.997852927963,52,0.968477169956507,182.48830196446,78,0.979068872182581,203.081965058246,117,"r2c2ABB"
5877029,0.999878941163137,372,9540,0.958225233190045,176.405512546439,58,0.968254476843611,190.852675525938,77,0.978884379083567,211.305766708404,115,"r2c2ABB"
5884236,0.999933288022733,356,12030,0.960892019782633,154.528071114005,49,0.972638742766112,173.159428339719,73,0.979020005303716,186.812256124513,97,"r2c2ABB"
5891452,0.999818242035142,356,13689,0.95537013725297,154.653265016594,83,0.971714913918809,178.051782951945,138,0.979171737762539,194.132987089469,193,"r2c2ABB"
5970819,0.999955943905571,353,30984,0.973892996022061,155.474151308297,63,0.973892996022061,155.474151308297,63,0.973892996022061,155.474151308297,63,"r2c2ABB"
5978036,0.999851253063876,351,6524,0.952228494835805,158.014951611978,40,0.970846325311705,181.048749297451,66,0.979345814383866,196.214013166518,92,"r2c2ABB"
5978038,0.999931845844185,375,11691,0.962330802177354,178.689181532129,47,0.975677151364547,198.837379989046,71,0.982178775090242,212.113824158251,94,"r2c2ABB"
5985252,0.999652561324743,373,5410,0.952434363013909,171.21880650581,55,0.970882920789439,194.032493428433,87,0.979453104236976,209.50331310969,120,"r2c2ABB"
5985253,0.999849882562199,351,6367,0.948066720152551,145.622744402033,39,0.971866350734574,177.297352894186,77,0.981033498588513,197.089815357917,116,"r2c2ABB"
6006901,0.999649463497185,366,4887,0.948747719893443,175.824577570032,50,0.971503578023659,205.240303979557,89,0.980399826394602,223.528726354559,128,"r2c2ABB"
6245028,0.999927698195196,405,16387,0.961110618758804,190.740585481418,66,0.974371213301764,210.974123424898,99,0.981087479551604,225.101766734888,132,"r2c2ABB"
6245029,0.999977914519704,463,45225,0.979032224102395,229.041864700148,91,0.979032224102395,229.041864700148,91,0.979032224102395,229.041864700148,91,"r2c2ABB"
6252245,0.999970249684877,455,29047,0.970248326597438,209.547301113845,59,0.970248326597438,209.547301113845,59,0.985177762817965,242.872114155894,117,"r2c2ABB"
10957568,0.999401902033659,397,3280,0.951629243302042,175.066221759945,40,0.969979538831214,197.187738675436,66,0.980305451912361,218.870690365523,106,"r2c2ABB"
10979202,0.99315602081977,394,679,0.949922753097042,216.707421861223,71,0.96986247590351,256.729174151022,124,0.979990487844542,290.138560793051,194,"r2c2ABB"
11008065,0.997993390061296,421,1856,0.95015216701241,202.133226384231,75,0.970383950129609,240.625791114348,131,0.979912497872087,268.202885806965,194,"r2c2ABB"
11008066,0.999097985952693,443,2736,0.951224154170507,232.503562182611,72,0.969154015395439,259.333022860371,110,0.979999631303023,284.137198745675,165,"r2c2ABB"
11015283,0.999638494321064,450,7466,0.953645895249863,181.881470349671,75,0.968942620116927,208.351118424119,120,0.979757607892019,237.447193587783,195,"r2c2ABB"
11116462,0.999447173576097,358,7276,0.949762925259169,163.280658522292,103,0.971422230207419,190.604420286132,176,0.980314737399572,207.78319355025,249,"r2c2ABB"
11116463,0.999230540284512,372,3202,0.95018779288662,167.617140178573,65,0.970690078072009,198.197987794163,116,0.979871112446143,220.42290402728,174,"r2c2ABB"
11145209,0.997352660107341,355,1702,0.949142581462921,171.872930760971,79,0.969795162695766,203.964179338192,137,0.980078775689285,228.950293102077,209,"r2c2ABB"
11744202,0.999639142839287,465,887,0.950362123598245,254.614869952546,50,0.970080645662757,300.40587057628,89,0.979983129119603,336.304122569261,137,"r2c2ABB"
11765854,0.998599962818524,602,1774,0.949076898968565,293.303300341251,57,0.969899236732826,342.451090972721,100,0.980013118238352,381.208401606832,154,"r2c2ABB"
11910175,0.998696490580769,388,1312,0.949999966414597,215.764686577111,53,0.969821712546638,243.326369177943,85,0.979877740147167,264.624600045769,124,"r2c2ABB"
11939031,0.998238224935293,500,1903,0.950587567675253,255.036505297494,73,0.970000469655691,296.077233298704,126,0.980098231687696,330.151108396872,195,"r2c2ABB"
12040067,0.997570636052865,435,1097,0.951415711691057,218.121030968466,47,0.969799509317151,252.611764609044,80,0.979930722896525,282.21459020251,124,"r2c2ABB"
12090597,0.997532945764435,455,958,0.95086335849272,192.905674229972,33,0.970216521044164,233.033970677676,62,0.979882262492213,266.729631387118,100,"r2c2ABB"
12119487,0.997239187517237,458,916,0.949387502756002,270.127486077669,72,0.969870892045069,313.174928646257,123,0.980015325570029,345.637874875636,184,"r2c2ABB"
12148337,0.998608772103121,351,2758,0.952074563097397,111.51137982697,34,0.970437062877815,132.540918780881,61,0.97993459234469,152.234119422529,100,"r2c2ABB"
12148352,0.993226404824707,354,367,0.94963139244012,219.553503188647,56,0.970043593108513,261.132634333571,100,0.980031573180938,292.187646475297,152,"r2c2ABB"
12155863,0.995479445976158,357,494,0.94969404259344,239.803829181302,64,0.970105802609953,269.230659503435,101,0.97994950298005,290.839951186756,144,"r2c2ABB"
12169983,0.997845598955815,374,1346,0.951730038452333,131.489483632155,25,0.970340652859505,155.15626475783,46,0.980028407904464,179.055284942808,79,"r2c2ABB"
12169984,0.999256695434169,508,3052,0.952417924120089,215.168349094462,43,0.970758455386799,248.158434941069,74,0.979699523428707,273.932917599627,111,"r2c2ABB"
12213282,0.993665989182771,353,276,0.949694121933084,243.818036129261,65,0.970073404486422,289.974434226395,114,0.979987110865128,318.118122571761,161,"r2c2ABB"
12213285,0.992364496533801,350,468,0.950127538993879,200.952007773123,65,0.969962935336778,245.618859562073,123,0.979962834087089,281.970989868027,197,"r2c2ABB"
12213330,0.99611226036559,354,458,0.950019182489318,252.441386598126,64,0.969834730665532,279.925309796684,98,0.979956176713823,298.862678373009,135,"r2c2ABB"
12220547,0.997572223849596,358,732,0.950068839951586,218.11299698979,69,0.970061978247413,252.98987736867,115,0.980037721284413,278.450454389315,168,"r2c2ABB"
12227730,0.992854777237888,392,453,0.950107537225101,278.627330481151,84,0.969974132081603,312.323763896378,131,0.980008337717763,335.921995145917,183,"r2c2ABB"
12227734,0.995689644156755,448,759,0.95045064956557,260.261392334526,66,0.969825900739238,299.880932118009,111,0.980079918634732,333.445287124199,171,"r2c2ABB"
12227735,0.999135774441722,488,3085,0.952378277965147,235.670227338091,69,0.970130638766389,270.221739720509,112,0.980012064244849,299.399286414787,168,"r2c2ABB"
12227736,0.997493412971724,369,762,0.949675976267674,178.75325748312,36,0.969946455781398,212.282488721383,65,0.979834166446255,238.608542407741,101,"r2c2ABB"
12234947,0.99452595573522,413,762,0.950074143256275,258.273009862976,94,0.970121775676399,298.329839025565,158,0.979984297649741,327.734666128501,232,"r2c2ABB"
12235245,0.995885876813324,357,712,0.949737782091635,230.09984278469,66,0.970079994963311,256.844625465729,105,0.980103320313016,277.139690719659,152,"r2c2ABB"
12242167,0.998779155118755,453,1740,0.948858201019768,208.987512003856,49,0.969708951546914,248.228068514915,91,0.979914222809732,281.22189404354,147,"r2c2ABB"
12242168,0.99648659555162,403,1265,0.949207013151421,211.249127234517,84,0.97002248177347,249.029742499594,148,0.980024914213109,279.891029002374,231,"r2c2ABB"
12249383,0.996728001627643,372,1444,0.950596851302876,178.729994813265,76,0.969955925480738,214.863851717846,139,0.98002799036389,244.921892954031,221,"r2c2ABB"
12249384,0.99681621701871,388,1745,0.950660865011907,192.830320417407,106,0.970115589279758,228.675511667417,183,0.979950401218171,258.726221338363,284,"r2c2ABB"
12249676,0.994940998677643,411,554,0.950038834169661,285.033350425875,76,0.970095489608896,317.062173689606,116,0.979925034617618,338.880727632188,159,"r2c2ABB"
12263819,0.997040310965368,349,573,0.950241834757468,167.140086901541,21,0.970306661973836,193.231779184756,38,0.979870932913933,215.712551281234,61,"r2c2ABB"
12300017,0.991087433180756,387,496,0.949813116169276,285.729697625218,112,0.969921189739266,317.275949998782,169,0.97998894843723,339.238889901163,232,"r2c2ABB"
12300018,0.993494082718186,389,434,0.94987124527587,256.000166744234,63,0.969989058532432,291.816187318659,104,0.980026865189429,319.4466251076,154,"r2c2ABB"
12307236,0.993236008637176,366,409,0.949625842107515,232.280251936524,52,0.970027104377966,266.65801962592,87,0.980061100657557,291.373630026052,127,"r2c2ABB"
12473141,0.997535829676547,351,309,0.950042183719724,281.587336853497,71,0.969984026305623,305.723709855638,103,0.980038602201757,320.986252451286,135,"r2c2ABB"
12487575,0.999547400021946,402,1259,0.949879850777349,247.872626752144,59,0.97024184068444,280.290815774158,96,0.979902341480567,303.088954193138,137,"r2c2ABB"
12530865,0.994821265711544,429,366,0.950007907569755,286.656483787787,54,0.969844515546712,326.496767678864,89,0.979927354286796,357.617337614885,132,"r2c2ABB"
12595795,0.991695434685579,363,317,0.950215867453559,267.145650357394,79,0.970101113418507,302.800033502295,126,0.979962272619494,326.434143604154,175,"r2c2ABB"
12603013,0.99662173162745,404,419,0.950255741738742,279.170369789688,56,0.970196373589665,313.039778336898,88,0.98007928707381,336.495957401276,123,"r2c2ABB"
12617445,0.997596469933189,368,383,0.949523706096973,252.788138134898,37,0.970049951578042,279.960944610033,57,0.980159000707844,298.64857636348,79,"r2c2ABB"
12761857,0.990887867260105,386,392,0.949846870118555,255.081493193984,77,0.97005747098394,300.613098242315,135,0.98005244458731,333.964344929999,202,"r2c2ABB"
12761858,0.994575461422542,403,289,0.949690888136789,259.305424051615,43,0.9701753462928,303.227112931851,75,0.979985415203527,334.481961086296,111,"r2c2ABB"
12769074,0.995538108078697,450,463,0.949959093287798,321.548970347505,73,0.969935229105033,358.300764207438,113,0.980077690166751,383.839387934583,157,"r2c2ABB"
12790728,0.990417109169975,367,263,0.949653279259899,278.942062871932,65,0.970068240213501,308.201655247557,99,0.980057589024321,329.251815590874,138,"r2c2ABB"
7387976,0.995764820005118,374,615,0.949387870519364,212.156106163748,53,0.97022877053755,250.447986159241,97,0.980011626396931,280.130590105489,151,"r2c3"
7662266,0.995976476623931,390,654,0.950054083192188,198.775397183901,40,0.9697961176012,233.343600875944,71,0.980074235597795,263.617475183528,114,"r2c3"
7662274,0.995621900097484,351,550,0.949688707192646,203.081316736024,50,0.969886447175927,234.970338628213,83,0.979994098872969,259.953990831252,124,"r2c3"
7669491,0.999664296656659,366,5430,0.95265525309624,93.6728894953705,22,0.970217019731242,115.724804476315,44,0.979881937368073,137.360142371084,77,"r2c3"
7676707,0.99912637720229,490,4462,0.951628553719788,187.579455175622,72,0.970239680750159,222.49002594267,126,0.979855557646402,252.606239754953,198,"r2c3"
7683924,0.999671965225941,516,12407,0.955144570222336,183.891069997988,75,0.971017384963445,213.395342436133,125,0.980806701585077,242.367652544731,200,"r2c3"
7770537,0.997117478163687,387,837,0.948910563919461,201.11353358864,42,0.969998961433229,233.644688586482,73,0.979843755912131,258.722302830177,111,"r2c3"
7805829,0.999915909330682,402,5204,0.960423477339941,192.070424904277,32,0.969825142923818,204.830322697421,42,0.97977398515803,223.840635385159,63,"r2c3"
7828298,0.997354680348054,363,1619,0.949714917828669,187.333584599707,85,0.970401658265082,220.068103465305,147,0.980055313774571,243.748214765434,218,"r2c3"
7835490,0.999316748698242,360,1195,0.951850479027448,202.957401923776,29,0.970281162599815,225.077178556809,46,0.980150802267958,243.422316348193,68,"r2c3"
7835516,0.996762481176656,365,1615,0.949693781755912,187.787378507592,111,0.969878309865072,226.35628767511,198,0.980082046618353,256.312260771992,305,"r2c3"
7842735,0.998902596400436,469,3253,0.949323578578977,179.006204347642,53,0.970354587072921,214.283099302149,98,0.980159379847727,243.359256305717,157,"r2c3"
7987034,0.999143522435333,363,865,0.949264410280391,192.830382770453,18,0.970498753405609,216.910476653802,30,0.980291894899465,234.337688715037,44,"r2c3"
7994251,0.999059551269224,365,1057,0.948569659733842,188.619383501721,20,0.969662152708113,215.025584292589,34,0.980151120722428,234.880718169193,51,"r2c3"
8037686,0.991080378326189,361,473,0.949911644731252,228.676629190316,89,0.970012442807123,271.83727129733,151,0.980005648359,302.179063678895,220,"r2c3"
8210783,0.999580359015652,384,2209,0.956623244183172,178.140719531687,23,0.969107204273542,191.085692462157,32,0.980812715611002,211.74337670899,54,"r2c3"
8225426,0.996371769461603,370,907,0.949841629286775,217.620789358155,73,0.970245152346139,249.012651904862,122,0.980086777877711,273.295166586376,182,"r2c3"
8254290,0.99394586935282,382,884,0.950148948655406,231.212474895801,103,0.970127575797687,267.765928605135,174,0.980026908606666,296.216267242139,261,"r2c3"
8889208,0.992550717758327,354,531,0.950131501307507,190.252963724119,56,0.969959734071839,229.277441044875,104,0.979975373732188,263.342947354189,170,"r2c3"
8903548,0.998654472891666,355,580,0.947990702547171,186.377218496535,14,0.969469857221452,206.869720781402,23,0.9799329875337,225.043117519536,36,"r2c3"
9004699,0.999432697081298,394,5098,0.952646896628168,200.922016214787,93,0.970588208095186,223.870572399634,144,0.979910816598741,241.765939747683,205,"r2c3"
9603631,0.999223259720863,362,1502,0.952152868561851,142.690598869496,22,0.970813843755067,173.671276615383,43,0.979950813664034,196.610717712195,67,"r2c3"
9625283,0.998967647352964,360,1450,0.949884382092671,149.939612525882,27,0.969360357060119,178.148388583734,50,0.979857840067069,203.05490838775,82,"r2c3"
9704688,0.999653288913304,350,4117,0.950508671206815,151.005494773559,42,0.97103337572068,178.035815784576,75,0.979594319694005,195.468068508559,108,"r2c3"
9863550,0.998849742045532,350,563,0.951231462102208,181.569290092966,13,0.970141916976014,201.2314435361,21,0.979926281400629,218.38108103513,32,"r2c3"
9885206,0.999304675575013,354,1091,0.951476102929793,162.213698900876,18,0.97075027452954,184.209809551353,31,0.9802298151796,203.592357692754,49,"r2c3"
10231544,0.998504720985117,352,1126,0.948787303335368,189.522682126646,39,0.969844062974912,215.207650991174,64,0.980153331959351,235.000796680103,95,"r2c3"
10664648,0.999933448199717,381,29552,0.960198589488133,126.858158718336,60,0.979382213829354,154.919163769272,119,0.979382213829354,154.919163769272,119,"r2c3"
10707949,0.999786179586314,353,3076,0.951605289583803,148.860714265985,25,0.970115804766722,175.317989306114,44,0.979973976782255,196.781189491683,68,"r2c3"
11732001,0.992692968445893,368,260,0.94960039032432,216.686550305363,36,0.970173426514952,262.522311463253,67,0.979945341907843,296.218317527608,103,"r2c3"
12908214,0.991303111515587,384,415,0.94976974186716,226.322389097535,46,0.969867015115763,261.147773397973,82,0.979984156042893,295.396788993789,138,"r2c3"
12915431,0.995835893476858,474,856,0.949220564008684,227.086804223757,40,0.96975665408084,263.516263903621,71,0.980008468722664,297.49350241746,117,"r2c3"
12922648,0.993480804719108,469,560,0.949798947260392,245.964940674097,48,0.97007876183594,294.700517375704,92,0.980020223231437,339.699075839378,156,"r2c3"
12980423,0.992884827729293,382,374,0.950230529455097,216.465594656579,38,0.969954994968447,250.730171878503,64,0.980041993463895,279.861643924826,99,"r2c3"
12980426,0.997228105682067,450,1006,0.949489568877546,178.681048889379,29,0.969619898805552,214.881024416649,55,0.980049036247889,249.919858428588,95,"r2c3"
7576465,0.993519761272912,352,373,0.950088032434599,238.575521553849,58,0.969839315881987,270.233496399753,94,0.979923738717714,293.72335082984,136,"r2c4"
8045124,0.98527358958103,369,433,0.94995888357048,277.450656741596,140,0.970023481662626,316.564580739597,223,0.980030075004479,345.69189915642,321,"r2c4"
8146159,0.997062852974271,419,1140,0.949823285423499,202.339152130175,48,0.969827544642855,235.961676686635,83,0.979977774263304,263.274087747173,128,"r2c4"
8247157,0.984473142321717,362,295,0.949788806982485,271.295960691451,102,0.969917815035914,317.339612830167,173,0.980049877480439,347.795703824079,247,"r2c4"
8254373,0.994560705127638,418,505,0.949823748616589,251.073207622288,58,0.970079149618953,293.739731466337,103,0.98001170871436,328.012973670724,160,"r2c4"
8283212,0.994774398209727,393,610,0.95032886051637,232.288168044985,63,0.970078214172029,271.04341598727,109,0.979954267522548,299.999552971168,163,"r2c4"
8312123,0.997113815085841,362,585,0.949348400426747,235.288381820219,61,0.970147630706525,266.65503740245,99,0.9799897362175,288.982263687439,142,"r2c4"
8348717,0.999388883180796,373,5955,0.949490557828878,170.453663804188,108,0.969140236806827,198.3823383408,180,0.979626204974992,221.83240575448,275,"r2c4"
8543611,0.998912081547305,349,2893,0.947852135920464,142.046578121832,53,0.969868777417829,172.531668710415,99,0.979655889417801,194.162060307593,151,"r2c4"
8579704,0.999640168750304,405,5060,0.950256852064023,156.587321366194,41,0.96961741654714,184.986552369476,72,0.979896162002534,208.308088984476,112,"r2c4"
8615772,0.998904670059825,378,2961,0.947342626543438,132.539129706021,36,0.969768925988072,163.649539413148,72,0.979999599671177,188.83222949943,119,"r2c4"
8637442,0.999150146431859,349,2958,0.952149203789528,141.979687253068,48,0.970831506901851,165.816331836692,84,0.979868021726534,186.10239404973,131,"r2c4"
8673463,0.999766605799642,394,6407,0.953412574146218,155.811107330951,39,0.970075373689293,179.757642524978,65,0.979978934384262,202.723116180696,103,"r2c4"
9019818,0.999082372908686,423,1992,0.947045036188948,170.432171062647,28,0.96993706695057,202.854613924886,52,0.979985172208204,226.136557609895,80,"r2c4"
10426949,0.998332099030362,370,1769,0.949404519938101,187.746140214109,64,0.970062014404371,216.617473839516,110,0.979847079253211,239.288348693625,167,"r2c4"
12209605,0.99717949866825,353,977,0.950499406340799,237.219623317942,96,0.97010269858355,263.77087387131,149,0.980041942723622,283.20197490208,210,"r2c4"
12992630,0.99939742410995,454,3680,0.945966195649445,170.969275354852,37,0.970005304889031,208.038667631558,74,0.979850203880365,235.865207598249,119,"r3c2"
12992631,0.998629095481681,412,1921,0.950102596741065,176.650326106912,43,0.969730167919917,209.972939074931,78,0.979743440051504,238.00931866823,124,"r3c2"
12992632,0.998973032714503,399,2531,0.951478576141736,179.495271886742,51,0.969840215241838,207.955677171235,87,0.98009364649167,233.808631659256,138,"r3c2"
12999847,0.99970911183451,554,7600,0.952322217461366,219.738234903557,46,0.971208623553748,250.234097275622,77,0.978858774208897,269.983784810979,107,"r3c2"
12999931,0.988661614260984,380,120,0.950184322988817,315.779665388525,45,0.969887431633869,344.304838244738,66,0.979949955897655,362.406478700497,87,"r3c2"
13057626,0.991647549368771,386,340,0.949642709209817,252.488944491275,57,0.970053329046572,294.171127410894,99,0.980006456463767,324.288156016884,147,"r3c2"
13064843,0.991726862833128,352,396,0.949693398006226,230.029361773427,67,0.969988489633347,268.235592275233,117,0.98000653355694,297.284060928718,177,"r3c2"
13064850,0.998101432606162,488,1276,0.949524043336187,288.88620349471,75,0.970097885502946,326.276415552498,121,0.979972050346266,354.98989444665,177,"r3c2"
13072063,0.997888673209184,465,1292,0.949973957566797,285.614422459313,83,0.97031050134473,322.269311424605,133,0.979935948757902,347.365011977998,187,"r3c2"
13079281,0.996639926572945,475,944,0.949486320149235,318.688744348306,93,0.970073852784553,354.241658923913,144,0.980109386730988,379.198954715055,201,"r3c2"
13079282,0.992803268947126,471,563,0.950057574519352,343.424736635566,111,0.970066909864435,381.616280872035,171,0.979962449098547,409.077395537381,239,"r3c2"
13086478,0.991870840469989,403,278,0.950346513827514,295.678864153738,59,0.969885121745945,329.472685537903,92,0.979986235734608,354.181397183718,130,"r3c2"
13093686,0.999026595504259,456,4451,0.947599281546821,149.508949797894,45,0.970666843832872,181.486374014957,90,0.979600376185373,205.28502012704,143,"r3c2"
13108125,0.999392455609683,547,3478,0.950090573970029,259.138895109884,56,0.970791233357969,299.841961176656,98,0.980313171131206,329.802101173761,147,"r3c2"
13108149,0.990295106401691,355,228,0.950287971364091,259.372930274118,57,0.970145556102369,294.4888313367,92,0.979951492764581,319.364798901428,131,"r3c2"
13115340,0.996578870352316,452,1313,0.950394629293294,252.830654666051,106,0.970156922800278,296.743581379282,182,0.979933931022836,329.96292574156,272,"r3c2"
13173077,0.99617570662909,417,682,0.949336151854231,228.184291369906,56,0.970091112250091,270.458215245958,100,0.980005611908263,303.774322951219,155,"r3c2"
13173082,0.991724156144138,351,177,0.950023583031424,292.446670507554,59,0.97005714642132,315.537337457161,84,0.979854027559062,329.594185355724,108,"r3c2"
13180296,0.984310293033519,462,241,0.950113630646233,346.681371120084,79,0.9698931755737,399.547547773738,131,0.979974152969369,439.576646082216,193,"r3c2"
13187530,0.990197494203311,379,358,0.949767993015791,296.302060120509,102,0.970003115886498,326.720996957439,153,0.979974993494113,347.042369168837,207,"r3c2"
13288486,0.998613996625061,354,847,0.949575146594586,198.610193787653,36,0.970164140713938,226.31761298015,60,0.980119316381273,247.346750362774,89,"r3c2"
13570109,0.996431549221396,543,1176,0.949934198586731,367.931352127426,135,0.970087331148677,409.502963738719,208,0.979971518077395,439.06715712589,290,"r3c2"
13606195,0.990115178033762,375,361,0.949898240298453,255.624682343291,74,0.969962360662993,295.861324497363,125,0.979959873887075,325.375414140217,184,"r3c2"
13642142,0.999390017081969,366,1995,0.950285101766126,212.77897024961,53,0.970789251226578,238.834739243539,85,0.979763981253475,255.474239892563,117,"r3c2"
13663981,0.993737643807204,472,536,0.949834768890072,303.705237153421,71,0.96989564856552,344.676698299945,115,0.979987199542379,378.224282633476,172,"r3c2"
13671200,0.989873421738735,354,408,0.950157288701337,268.268013356906,114,0.969967459869709,300.727713966415,176,0.980035046101399,322.612340357288,242,"r3c2"
13721546,0.995810235999343,381,1069,0.950612590251781,183.011191700756,63,0.969847951131308,217.7401030683,112,0.97995414554765,248.514966453705,180,"r3c2"
13736160,0.992945436478442,378,596,0.949997070532642,222.70896734555,73,0.969981802091001,260.736583272825,125,0.980083405628965,292.162042574795,193,"r3c2"
13750420,0.99462434295632,432,557,0.949735644365841,276.454668477215,63,0.969844844722948,311.947003229921,101,0.979861630684263,338.532706674945,146,"r3c2"
13757744,0.95929434081084,350,125,0.949957872570484,327.543974129515,99,0.969937875852702,379.656209409567,169,0.97997793237162,407.630939368911,228,"r3c2"
13757745,0.981718454122238,392,171,0.94962049276538,339.088090567549,83,0.970031409256815,369.677372956576,123,0.979971382347347,388.600433893744,162,"r3c2"
13757804,0.984265665496381,482,232,0.9499483568878,400.229630284475,99,0.97013575649817,441.186596729059,147,0.979944286833353,468.230547705724,197,"r3c2"
13772179,0.971478829163103,359,140,0.950263218325398,323.598193738647,88,0.969912969604999,355.80074099323,134,0.9799660939177,376.494050477441,180,"r3c2"
14003034,0.996652886368924,393,1293,0.9496571846678,200.562420065941,78,0.970006370645082,236.823462324504,140,0.980053202941569,268.649653259125,226,"r3c2"
14003035,0.995747058023947,401,1031,0.950218331610576,240.580722729108,112,0.969831949140795,278.580355059407,184,0.979994403981167,307.687680951811,271,"r3c2"
14003037,0.992812091214882,410,493,0.949620150367165,230.728576254881,55,0.970085641745406,274.611462435813,99,0.979999906481571,310.573336581699,156,"r3c2"
14075221,0.996805447213465,491,843,0.949771007592472,270.665124390836,63,0.969870716970293,317.78179244546,110,0.980094629477178,356.409219419845,171,"r3c2"
14132971,0.9930525331469,419,488,0.950164461679805,271.089989111014,72,0.970073713105435,310.729612871931,118,0.979963766324113,340.268485959536,172,"r3c2"
14140188,0.992496696580311,422,605,0.950180457034726,234.1073318309,72,0.96997923580343,281.776992358038,129,0.979997897095912,320.566190822568,202,"r3c2"
14169058,0.990006392671894,362,286,0.949861099766137,281.609360605028,81,0.970010035394501,311.072894394792,123,0.980004224851461,332.335116293179,171,"r3c2"
14176759,0.994830700464557,445,270,0.950061390168602,341.180807824284,60,0.970153522458909,376.207012007462,91,0.980006075061799,399.091553785034,123,"r3c2"
14306181,0.981491278648538,359,183,0.949889908813312,284.133868934782,71,0.96997093210205,323.481452456481,116,0.979988977554243,353.329660589671,170,"r3c2"
14580714,0.982020135068889,405,143,0.95036000544,339.373569576841,65,0.969907260022257,375.415755276024,98,0.980057734700567,399.650297986668,133,"r3c2"
14602474,0.989513239383032,461,206,0.949917404924705,367.894304725747,64,0.969947479053788,405.134989451742,97,0.980094731151215,430.059228277803,132,"r3c2"
14638571,0.993805652342238,472,246,0.950637880425845,342.76386082012,40,0.969857023437334,375.205217061068,60,0.97999719588257,400.935836709117,85,"r3c2"
14689093,0.975021263936782,364,139,0.950252248788598,319.002637292938,76,0.970123191577182,352.164972931421,118,0.979933005085024,376.97477061015,167,"r3c2"
14696309,0.998559771321387,588,1559,0.95105572133659,357.371797300861,60,0.969998634903588,393.383374155373,91,0.980138276198967,421.477342091413,129,"r3c2"
14703526,0.994880090105329,467,538,0.950240402090928,327.887076939731,83,0.96992500874532,365.774533289855,128,0.979978048077929,392.482082252256,178,"r3c2"
14746783,0.96940726174026,376,233,0.950018062968623,325.042415120658,139,0.970045293349085,378.118994511468,238,0.980014174502096,411.227079058608,334,"r3c2"
14768236,0.980374660646031,353,69,0.948960248436294,283.88828266888,25,0.969939220138457,317.388765621052,41,0.980025200352394,350.874634560481,67,"r3c2"
15049683,0.990970756950324,360,248,0.94977364022223,295.8361063126,81,0.969962477024479,321.463055458099,118,0.980007701716669,337.642967156963,155,"r3c2"
15107377,0.992282814930751,489,364,0.950051396110361,346.275766268576,69,0.970136359534926,389.94686861202,111,0.980011427485483,421.552315782845,159,"r3c2"
15121815,0.99042202991147,412,203,0.95030774760402,318.045260844359,54,0.970057650928881,351.887473456213,83,0.97997934462139,375.621093799693,115,"r3c2"
15186775,0.93690707822107,407,59,0.949447090565017,417.893269667561,66,0.969536372274834,435.344445718299,82,0.979813527511211,444.272014554328,95,"r3c2"
15186779,0.993057601586508,520,252,0.949785273128871,412.680704296847,69,0.969984010559695,452.521726765002,103,0.98009003578612,478.364497063096,138,"r3c2"
15186780,0.992512624477679,441,391,0.949874801290897,335.367680738927,90,0.970057681147796,370.050358793666,137,0.979985331962089,394.34260826082,189,"r3c2"
15201214,0.990983631337044,458,317,0.95015832534894,316.295134296658,62,0.970059966645406,359.220150811657,100,0.979931331300616,392.172739458939,146,"r3c2"
15215681,0.99827734792803,463,1356,0.949707217597788,306.955293228944,104,0.970299294091669,339.95318822244,158,0.979897866800447,361.965262074001,215,"r3c2"
15215682,0.983714831318542,376,252,0.950012791866584,309.201339964514,106,0.969959133231002,343.899735023735,162,0.979994097515984,366.727618857827,220,"r3c2"
15222877,0.998777240865722,562,905,0.94998060814181,379.570478072374,62,0.969824469667282,417.73429020836,93,0.979831690473856,444.279084802371,127,"r3c2"
15222898,0.99585188991065,490,714,0.949838001220682,332.052386839658,92,0.970090149275183,372.801882718142,145,0.980006746580106,401.478907906533,204,"r3c2"
15230112,0.987511494959569,394,500,0.949876372686422,264.232649781606,118,0.969957760602147,311.804474332253,202,0.980008190937725,349.810944621183,308,"r3c2"
15230114,0.985968118628941,391,278,0.950273720221664,299.622660914651,85,0.969946389134908,335.774728764528,134,0.979977920421643,364.785787795173,196,"r3c2"
15230115,0.99126495075366,428,365,0.949747348291551,321.41932411711,86,0.96993178419632,357.436026533994,133,0.979955737770631,382.138931740688,184,"r3c2"
15230116,0.983310596282512,424,239,0.950011217210939,319.198058911988,81,0.970056479396731,367.790123246092,133,0.979978010335148,404.996545740326,196,"r3c2"
15244556,0.920869283887626,350,65,0.949828169958786,391.180851341858,93,0.970193877558355,420.141812584248,125,0.972523029554577,423.45397251586,130,"r3c2"
15266196,0.969447424483495,357,169,0.950177837711471,310.935523915936,102,0.969998154286345,358.613470877748,172,0.980014366185571,387.957926400448,239,"r3c2"
15273372,0.992327274352187,544,440,0.950129427952514,378.550407649078,93,0.969982975905964,436.056578599727,153,0.97999745163322,475.619376527275,218,"r3c2"
15273413,0.970832187675386,377,152,0.949776914439132,325.891378306914,86,0.970012922012201,373.93996579887,147,0.979982414689306,411.707508103259,221,"r3c2"
15280589,0.998696254505907,654,1880,0.950975794243725,351.329517974287,72,0.969527628145326,399.30006400464,117,0.980206951779128,443.362987456941,182,"r3c2"
15280590,0.97998867528985,464,337,0.949817125989144,365.450056354832,133,0.969980338407088,418.296893586476,219,0.97998867528985,464,337,"r3c2"
15280626,0.995051136364638,491,512,0.950081819037676,340.145043046581,75,0.969853620598799,379.877558571488,117,0.979937792136685,409.285581468724,166,"r3c2"
15280628,0.989036221488087,435,397,0.949761438177614,315.196831104363,98,0.969992515599534,358.436669936968,159,0.980006728666013,390.258284090552,230,"r3c2"
15287805,0.994029513151419,379,346,0.950525309647209,267.119089105097,53,0.970028783830323,295.680452758348,82,0.979923991549614,317.635950373779,117,"r3c2"
15287806,0.993630717671028,490,752,0.95018410089983,315.26934409729,109,0.970070509716226,363.82651033763,184,0.980062704921328,401.250834260687,275,"r3c2"
15287843,0.975215427119081,350,122,0.949837715916006,309.011340954604,70,0.969968781670455,340.235485672605,106,0.979885870324568,359.002202713933,140,"r3c2"
15309455,0.997062536982118,581,1955,0.950684321324552,273.22960136164,106,0.969922953042643,330.945020068013,193,0.98005241082716,380.558700832377,310,"r3c2"
15309456,0.988016551226258,423,431,0.950200318071831,303.770181067082,120,0.969919411103466,351.346041239268,196,0.980040492818652,385.876494827761,283,"r3c2"
15316671,0.996419406652322,396,1314,0.949919935842994,221.816421915603,116,0.970154499000091,263.541787533393,206,0.979957170168311,295.398356950555,314,"r3c2"
15323927,0.992730062547422,498,541,0.94994910095605,340.085126250698,89,0.970088943806931,383.100533416199,142,0.980007467077279,415.945294826315,206,"r3c2"
15331105,0.998042600859722,401,2446,0.950575317768609,166.012500361169,74,0.969791636400852,199.639704331054,138,0.980155009151951,232.414548779495,236,"r3c2"
15396354,0.991831959499714,438,255,0.949888971710213,323.639541734259,56,0.969952354416948,360.482089074732,87,0.979908540536299,386.837476276826,122,"r3c2"
15504389,0.990651679574445,464,282,0.950326565666131,313.393215869668,54,0.969872474097459,360.160996420904,90,0.980002072459017,397.213687444229,135,"r3c2"
15735575,0.998478594220329,354,782,0.949536436207654,216.60573581377,44,0.970070163446732,246.925500398337,73,0.97998115341917,268.045525968573,105,"r3c2"
15894336,0.999378713390038,371,1134,0.951095909301768,211.835028365735,32,0.970328141394615,237.625724926364,51,0.979839912678809,256.757068285658,73,"r3c2"
15915987,0.998193953877343,361,728,0.950542230900129,204.731986299927,30,0.969920486270501,229.236712260043,49,0.9801876076418,250.445890923284,75,"r3c2"
15966503,0.998168198583424,356,967,0.948779539588733,209.594975060125,37,0.969520651382337,231.10139016324,57,0.980127729271033,247.798887730605,82,"r3c2"
16067545,0.997134805678603,351,703,0.949498520637695,214.713935564821,44,0.969635116494099,239.029487112273,69,0.979958592401346,257.998654509356,100,"r3c2"
16955490,0.998718051997734,397,1325,0.949185950443123,197.96556245178,35,0.970352551276304,228.651692070919,62,0.979740861991809,250.992671075578,93,"r3c2"
16955525,0.997209912106869,425,750,0.949769073191378,240.353504658163,41,0.970344312852562,272.960080143249,67,0.979974049729181,296.701150416226,97,"r3c2"
17150330,0.997826559757143,374,745,0.950870907636682,225.664671206759,41,0.970440863285961,251.094658212748,65,0.980075510860936,269.969787397899,93,"r3c2"
17222469,0.997880443510377,358,712,0.951738671066354,208.462347589763,35,0.969574834070489,228.550600311056,53,0.980115155336853,249.216045026649,82,"r3c2"
17272973,0.99749702291007,413,808,0.950597651133509,270.317506039552,49,0.970338278848885,292.567652081461,72,0.979839495402814,309.193209516669,99,"r3c2"
17280193,0.997504814699146,418,709,0.948732699579418,268.671737605151,40,0.969597721452557,291.942527978351,60,0.98005108720331,310.720868917146,86,"r3c2"
17280217,0.992276337094808,378,756,0.949866069189573,231.77365975988,105,0.969987715629372,269.740121030302,176,0.979966126290175,298.843858863332,262,"r3c2"
17287434,0.999243588161787,423,4248,0.948697277256816,180.979559846428,60,0.970066068723903,211.286574379507,103,0.980086001493168,233.688928957737,154,"r3c2"
13095868,0.979065892574785,357,192,0.949658185499101,273.377680500104,69,0.97009418167794,319.738427054093,124,0.979991123718099,361.975192694276,203,"r3c3"
13168010,0.996526409068372,398,831,0.950817197508337,214.118269496175,49,0.969865457333006,245.196881166051,82,0.980008718563607,272.236585473803,127,"r3c3"
13586736,0.998258705984362,411,718,0.951539917053383,197.166822462142,18,0.969434420523809,221.117986308488,29,0.979946435670799,243.37237753822,45,"r3c3"
16148527,0.994255498997528,370,336,0.950407072734613,250.82591222263,53,0.969951523578812,285.030085489835,86,0.979917489987397,310.139529001069,124,"r3c3"
16162974,0.99527347823394,353,401,0.950271603413657,236.345502276316,61,0.970106521600659,270.25177609155,99,0.980066539763656,293.991603390685,141,"r3c3"
16170191,0.997020546530306,427,1165,0.949086513235684,218.284065423427,68,0.969908108375451,258.697160173062,122,0.97992953350289,290.77263529854,190,"r3c3"
17397175,0.994357631401586,354,635,0.950105020208885,195.01963804332,54,0.970115387693804,228.332278122173,95,0.980037064802308,255.655413908858,148,"r3c3"
17974539,0.997914811018573,369,1186,0.950780926251626,204.064174859327,55,0.96980120836017,229.684918759167,88,0.97978665560771,251.088471917156,131,"r3c3"
