"X","cell","number_checklists","total_SR","total_duration","avg_duration","no_months","X6","X7","X8","X9","X11","X5","X10","X2","X4","X3","X1","X12","square"
21803,368799323,894,561,4195200,146.7417538214,12,226,205,115,73,77,39,96,13,13,1,10,26,"r3c2"
22770,369955608,934,540,3338328,133.319808306709,12,49,71,129,122,118,125,196,27,52,9,22,14,"r3c2"
122328,298329894,1141,534,5656952,148.78102151386,12,41,41,38,36,412,118,124,65,34,65,68,99,"r2c2ABB"
2065,325649798,2689,527,11096152,157.671786856128,12,135,239,199,68,425,32,188,272,168,322,324,317,"r3c2"
317660,285319076,7592,526,33566176,133.525506794386,12,323,424,357,203,671,420,533,1036,595,1153,1145,732,"r2c2AA"
21270,367931948,242,518,1117258,149.806650576562,11,13,64,1,19,1,21,52,2,3,5,0,61,"r3c2"
317795,285355285,6382,509,27913856,142.033562306009,12,192,339,237,156,631,405,380,837,409,1108,850,838,"r2c2AA"
322565,287523609,5664,502,25860641,136.652369427829,12,234,290,235,183,580,337,670,580,335,784,718,718,"r2c2AA"
129784,304147838,1066,494,4599011,159.960036172655,12,93,98,103,33,159,65,51,77,33,121,146,87,"r2c2ABA"
16860,357995483,693,490,2163622,144.270320730813,12,62,142,138,98,31,22,39,31,29,25,63,13,"r3c2"
20064,366305669,358,489,1247191,127.759782831387,7,0,49,17,78,22,25,166,0,1,0,0,0,"r3c2"
1431,324782618,1267,486,3623400,135.840143960411,12,141,71,86,52,216,10,85,155,85,112,104,150,"r3c2"
66494,213348511,11364,485,8196653,45.1805368757579,12,505,279,194,311,718,640,476,5561,797,792,576,515,"r2c3"
124210,301798993,1756,482,5161567,143.832330156607,12,42,164,89,73,285,201,38,253,48,136,209,218,"r2c2ABB"
23325,370533802,1234,479,2843760,122.22289078953,12,69,150,224,206,150,67,218,14,59,16,35,26,"r3c2"
9581,338732487,235,478,623851,118.851400266717,12,3,5,1,30,4,3,10,61,1,3,60,54,"r3c2"
66240,213131685,2935,473,3809810,75.4328198629866,12,110,142,141,214,93,304,161,1179,147,161,192,91,"r2c3"
12342,345236656,737,470,3123326,161.487306757665,12,117,64,88,50,83,52,89,51,19,30,59,35,"r3c2"
23522,370823100,431,469,1140963,131.842269470765,12,26,13,68,34,46,56,58,31,15,8,27,49,"r3c2"
122041,297860093,852,460,4704892,175.496736170689,12,38,47,50,54,282,43,52,41,50,88,24,83,"r2c2ABB"
315685,283692858,2398,458,13587944,132.073093446861,12,120,72,74,95,212,160,151,295,236,374,266,343,"r2c2AA"
22695,369883335,376,458,1756967,161.322835368653,11,6,113,43,64,43,28,46,5,20,4,4,0,"r3c2"
25916,374581623,266,458,1684036,181.979252215258,12,40,25,6,14,20,15,50,12,11,16,20,37,"r3c2"
393933,228364337,17237,456,65259571,111.572368646009,12,261,222,342,547,2964,1386,1205,1348,4696,1606,1486,1174,"r2c1"
16435,356730647,226,456,1508036,154.765599343186,9,25,34,19,38,4,37,39,0,22,8,0,0,"r3c2"
191,323372986,2734,451,6033486,112.144495455475,12,175,154,163,201,307,247,228,230,203,324,232,270,"r3c2"
326486,291318160,2950,447,11119721,126.756580222286,12,136,132,109,55,130,179,144,547,134,512,568,304,"r2c2AA"
131143,306027067,1329,447,5174612,154.780210576693,12,46,69,62,89,196,39,45,145,16,189,319,114,"r2c2ABA"
127437,304943052,893,445,6168087,183.918865730387,12,21,82,65,53,119,57,115,70,36,77,129,69,"r2c2ABB"
6764,335010010,580,445,777166,96.578352180937,12,35,328,12,4,4,3,25,5,11,100,19,34,"r3c2"
13284,347299030,264,445,1394283,179.606208939843,12,35,11,18,22,29,27,35,20,5,4,39,19,"r3c2"
317605,285283003,3524,443,9740981,113.621296598703,12,110,251,222,137,327,186,259,426,219,356,621,410,"r2c2AA"
322554,287523588,1959,440,8312714,132.706162196679,12,90,82,67,84,201,150,358,234,120,211,176,186,"r2c2AA"
130955,307653479,2415,440,5359791,102.601332337908,12,150,138,116,171,153,336,270,218,241,151,346,125,"r2c2ABB"
322938,287704280,946,439,6034038,158.953610284239,12,36,50,68,27,99,94,174,83,68,113,70,64,"r2c2AA"
166910,322986636,845,438,4856983,148.499801265784,12,100,165,109,49,44,43,51,63,26,30,58,107,"r2c3"
317245,285138381,2517,437,12259757,171.433963055668,12,149,145,112,129,167,142,162,354,212,308,385,252,"r2c2AA"
21297,368004226,372,437,1107887,152.959685213309,11,3,25,75,61,77,13,104,0,8,2,3,1,"r3c2"
317874,285391411,2249,436,10409031,138.414284194569,12,105,117,155,138,167,175,212,298,153,264,226,239,"r2c2AA"
222,323409124,1549,435,10199770,174.587826503714,12,117,153,107,111,154,118,110,134,114,148,144,139,"r3c2"
393957,228400396,16428,434,106782908,163.904668346907,12,250,193,216,348,2652,657,623,2203,2154,2292,2915,1925,"r2c1"
318664,285788860,4151,434,9196599,124.650632293742,12,217,336,296,184,311,255,279,517,307,423,503,523,"r2c2AA"
316184,284307179,1936,433,5846988,129.967724726594,12,79,94,96,68,192,137,121,201,243,277,208,220,"r2c2AA"
318971,285969614,1054,430,2831305,103.627296683991,12,36,52,63,61,65,62,111,117,46,193,149,99,"r2c2AA"
322898,287704195,2929,429,16642682,172.354076697632,12,80,157,105,80,216,167,132,476,205,531,462,318,"r2c2AA"
22705,369883523,176,429,960133,162.294286680189,12,14,10,21,8,12,18,44,10,14,7,16,2,"r3c2"
317397,285210658,1486,428,6223144,126.785592046288,12,38,91,70,43,77,101,112,231,128,205,261,129,"r2c2AA"
24796,372306061,226,428,1111995,151.456687551076,9,1,45,38,82,27,20,4,0,6,0,0,3,"r3c2"
322757,287631919,1817,427,5897209,133.478395690455,12,55,129,54,19,100,105,57,319,163,354,278,184,"r2c2AA"
317404,285210668,2167,425,9210846,133.787180269293,12,57,95,112,65,145,134,166,327,166,341,330,229,"r2c2AA"
104507,181965375,21981,425,61052415,102.840535254969,12,737,765,1099,4209,1827,2590,6613,573,989,769,1027,783,"r2c2ABB"
22708,369883532,348,423,728958,116.726661329063,11,45,29,64,23,16,75,21,0,36,11,6,22,"r3c2"
16876,358031622,239,421,1716681,174.140900791236,12,20,38,51,42,11,12,13,13,5,5,19,10,"r3c2"
319632,286331018,1138,420,4425011,163.405132939439,12,75,48,81,48,66,64,135,144,64,142,146,125,"r2c2AA"
125962,290089796,1133,419,3995101,123.806160711519,12,32,53,42,40,52,47,43,257,70,208,180,109,"r2c2ABA"
21674,368654876,575,419,1298813,106.889391819603,12,44,32,39,78,38,37,70,32,16,67,110,12,"r3c2"
323014,287776470,2399,417,5551688,103.734967674427,12,26,92,44,17,156,105,68,618,111,554,372,236,"r2c2AA"
125933,290053655,1917,417,9282654,172.443878877949,12,81,84,57,95,133,150,179,239,139,267,343,150,"r2c2ABA"
132766,310363509,888,417,3514175,156.442817076971,12,94,45,60,64,74,31,64,149,45,82,89,91,"r2c2ABA"
50600,411372075,705,417,3192230,155.105679996113,12,28,118,73,92,90,23,114,64,6,15,47,35,"r3c2"
129531,306460851,1386,416,4373201,160.055667386451,12,91,87,81,114,156,51,205,65,38,81,139,278,"r2c2ABB"
316187,284307182,650,415,6172862,186.570210965363,12,34,12,20,31,45,56,70,70,54,128,62,68,"r2c2AA"
1836,325324528,3250,415,8477970,134.547459967307,12,178,318,246,177,569,74,209,374,141,256,208,500,"r3c2"
41636,404650962,649,415,3314767,149.969099217301,12,33,82,58,81,133,46,103,17,5,22,9,60,"r3c2"
126431,290740403,480,414,4742655,189.789707471287,12,7,32,9,34,21,35,60,74,22,67,95,24,"r2c2ABA"
326906,291643377,1936,413,6936484,120.285154421073,12,51,62,42,22,140,173,76,428,121,302,411,108,"r2c2AA"
21675,368654877,1004,413,760713,54.8736204284787,12,31,107,67,59,125,75,41,33,42,106,292,26,"r3c2"
125960,290089794,2281,412,4342709,74.6016113516114,12,144,129,89,106,136,122,198,363,97,294,398,205,"r2c2ABA"
16859,357995482,372,412,2264521,159.181850133558,12,30,48,77,51,15,18,38,14,20,26,25,10,"r3c2"
318381,285644322,738,410,4325302,161.385843811798,12,42,18,13,20,29,39,74,276,67,74,19,67,"r2c2AA"
1561,324891014,806,410,1703194,130.743379135641,12,43,32,65,29,169,13,40,99,15,89,156,56,"r3c2"
22771,369955612,216,410,257817,70.6541518224171,12,8,29,29,21,17,34,31,4,18,6,1,18,"r3c2"
2092,325685936,639,409,2247628,139.595553071238,12,16,69,28,12,94,6,62,86,39,94,66,67,"r3c2"
303871,261359145,6447,408,22497461,109.526795711907,12,336,336,399,425,443,501,422,697,563,818,941,566,"r2c2AA"
21267,367931925,57,407,237327,149.638713745271,6,5,27,12,5,3,0,5,0,0,0,0,0,"r3c2"
323038,287776553,764,406,3106135,155.742829923787,12,43,63,29,16,18,68,25,99,69,167,85,82,"r2c2AA"
125914,290017516,898,406,6483325,200.635173608962,12,47,37,27,61,39,43,69,135,58,134,188,60,"r2c2ABA"
125991,290125933,1302,405,2221723,82.8722816964452,12,110,48,45,24,55,160,49,190,154,192,179,96,"r2c2ABA"
2940,327023045,73,403,624138,179.556386651323,11,6,8,0,7,6,10,9,3,7,8,7,2,"r3c2"
301894,258793388,5468,402,5305689,59.5830179568093,12,281,310,387,327,288,337,377,545,577,760,897,382,"r2c2AA"
126141,290306628,1188,402,5392454,125.610389005358,12,61,35,30,73,79,46,81,223,96,209,175,80,"r2c2ABA"
319204,286114167,2974,401,4609809,75.7855721965575,12,130,151,143,114,238,124,218,489,165,457,431,314,"r2c2AA"
126113,290270490,2841,400,7092421,120.484167431115,12,262,151,81,229,232,177,370,385,220,293,278,163,"r2c2ABA"
133646,312929776,1255,400,3421482,119.929965999509,12,73,77,70,105,116,132,171,78,73,185,62,113,"r2c2ABB"
50429,411227512,631,400,2148979,133.121414854736,12,38,38,38,112,81,32,150,5,13,16,7,101,"r3c2"
76433,170942013,24122,398,79310998,121.006238662006,12,1328,1492,2206,3146,1748,5159,2263,707,2808,1343,878,1044,"r2c2AA"
129817,304220116,745,398,2014539,102.777358298046,12,33,90,15,53,110,24,48,95,30,105,96,46,"r2c2ABA"
166126,321721598,455,398,2552158,165.983220603538,12,42,110,31,33,25,23,20,52,17,26,32,44,"r2c3"
166154,321757737,268,398,1203573,138.916551246537,12,5,27,10,16,27,9,35,44,11,36,16,32,"r2c3"
388940,222220886,8075,397,15646686,73.3663090571488,12,207,217,258,424,629,639,458,956,2046,974,777,490,"r2c1"
320306,286656291,833,397,4189131,122.05381388031,12,12,21,130,268,50,49,150,51,38,29,19,16,"r2c2AA"
131390,308014850,1222,397,4481650,136.005401796553,12,61,84,63,69,151,123,199,94,36,93,124,125,"r2c2ABB"
1749,325143883,271,396,1208630,167.678967813541,10,0,29,6,7,9,0,14,17,4,1,160,24,"r3c2"
21444,368329468,177,396,1508921,232.714528069093,12,6,24,20,40,18,13,36,1,4,3,1,11,"r3c2"
322896,287704193,1145,395,6772181,132.476154147105,12,40,64,20,18,74,66,45,212,79,221,187,119,"r2c2AA"
324993,289547305,908,395,2687020,140.527169081115,12,20,59,15,14,94,56,37,154,71,109,145,134,"r2c2AA"
135507,320843497,472,395,2122869,177.660808435852,12,19,6,33,9,19,84,17,47,44,40,65,89,"r2c2ABA"
317708,285319147,1756,393,3484032,79.2113495816661,12,37,56,47,30,176,64,138,286,117,319,278,208,"r2c2AA"
318665,285788861,2793,393,18835851,201.396948442144,12,87,183,218,92,163,126,105,573,186,427,340,293,"r2c2AA"
104506,181965374,6259,392,23076616,115.012165765407,12,331,166,191,598,616,1039,1604,101,667,600,221,125,"r2c2ABB"
16845,357959346,144,392,936479,186.326900119379,12,5,16,22,35,2,7,32,8,3,1,9,4,"r3c2"
22575,369738783,202,392,819323,144.018808226402,12,10,16,12,33,29,25,29,3,22,7,4,12,"r3c2"
304366,202162825,11426,391,65737926,141.25402030134,12,405,351,598,720,1183,678,1110,1411,896,1443,1482,1149,"r2c1"
394257,228581068,8741,391,45710595,161.112777476226,12,128,61,66,119,1112,262,216,1496,962,1388,1811,1120,"r2c1"
317851,285391350,886,391,5063828,168.575119011951,12,17,50,16,24,154,50,64,129,37,93,109,143,"r2c2AA"
318663,285788859,2667,391,3144451,83.4470304123985,12,148,263,125,81,181,189,188,280,284,296,431,201,"r2c2AA"
136253,323083873,841,391,4626711,172.496868242488,12,47,92,41,53,110,23,84,172,19,70,86,44,"r2c2ABA"
104497,181929239,14498,391,39441055,92.1255223382065,12,767,882,1124,1867,735,2796,3788,243,957,542,449,348,"r2c2ABB"
2878,326950759,604,390,1769858,116.714455288842,12,16,91,100,40,23,33,97,60,5,17,29,93,"r3c2"
316231,284343322,518,389,1675503,133.399920382166,12,47,17,10,33,31,104,48,33,34,82,39,40,"r2c2AA"
16186,356043965,107,389,284899,103.561977462741,6,23,23,20,31,8,0,2,0,0,0,0,0,"r3c2"
376979,215897006,8550,388,29698303,127.838006646234,12,80,59,83,115,175,797,271,291,5613,618,257,191,"r2c1"
301864,258757250,2297,388,7306760,119.362247815078,12,111,131,136,95,135,126,91,339,207,398,340,188,"r2c2AA"
9639,338840606,163,388,476368,144.836728488902,11,13,28,13,13,10,15,11,8,6,10,36,0,"r3c2"
9498,338623235,298,387,1584349,172.926107836717,12,4,26,31,8,54,6,47,32,25,11,32,22,"r3c2"
316979,284957817,997,386,2059332,110.130595218996,12,37,36,81,59,113,24,149,70,92,71,193,72,"r2c2AA"
318727,285825000,2670,386,7404735,155.222518027838,12,189,192,141,82,163,250,104,303,230,376,376,264,"r2c2AA"
22673,369847386,335,386,997482,150.336397889977,12,23,80,98,20,3,15,4,26,6,7,49,4,"r3c2"
319142,286077990,391,385,2249019,139.864365671642,12,15,12,38,29,23,45,40,71,20,10,32,56,"r2c2AA"
327373,291896651,3635,385,5876418,97.9109267219834,12,162,254,127,410,396,204,368,429,264,293,459,269,"r2c2AA"
130154,304798389,1131,384,6258094,191.58994611805,12,58,203,76,50,192,37,6,180,9,101,148,71,"r2c2ABA"
381967,217197920,7785,383,23916966,112.207206192822,12,54,65,238,635,270,727,560,208,3526,1033,277,192,"r2c1"
125959,290089793,885,383,3711288,152.033427553152,12,41,32,20,59,62,52,63,150,64,132,139,71,"r2c2ABA"
9065,338044995,1132,383,2492790,123.313875834776,12,14,22,122,32,177,22,155,141,91,83,152,121,"r3c2"
388821,222112419,1327,382,4638625,109.504839471199,12,19,24,64,151,116,107,92,93,371,101,119,70,"r2c1"
69635,216709501,1619,382,4057505,120.450780739773,12,314,16,2,12,281,135,85,117,259,174,94,130,"r2c3"
6735,334973873,309,382,434789,104.667549350024,9,10,227,3,7,0,0,19,1,6,26,10,0,"r3c2"
317751,285355207,672,381,2494411,93.4166354580181,12,14,37,19,41,47,61,211,36,14,47,66,79,"r2c2AA"
322944,287704287,506,381,2362373,156.968305647841,12,13,27,31,13,51,42,81,19,69,116,17,27,"r2c2AA"
44519,241612047,1080,381,6681244,160.298560460653,12,27,30,34,81,113,93,133,78,133,130,82,146,"r2c4"
322314,287415186,752,380,4105880,120.97109690345,12,32,33,48,81,68,61,140,39,63,52,63,72,"r2c2AA"
129799,304183977,901,380,2687462,133.161331879893,12,59,64,58,30,133,50,79,107,12,86,121,102,"r2c2ABA"
104463,181856961,10831,380,42531710,125.274544340634,12,138,85,1027,2704,227,2054,3366,57,767,153,77,176,"r2c2ABB"
230477,190272399,12002,379,16892192,63.7624073319141,12,178,288,382,796,4699,449,1156,413,372,494,580,2195,"r2c1"
316316,284415679,973,379,4241957,141.833522803263,12,106,84,51,51,65,57,37,116,79,81,169,77,"r2c2AA"
115359,282754341,1452,379,2839672,112.120345875943,12,93,112,73,54,98,95,63,270,64,158,214,158,"r2c2ABB"
165973,321468633,349,379,1452636,151.568864774624,12,55,84,41,11,16,18,17,17,26,24,17,23,"r2c3"
129537,177914885,8880,378,20530378,103.482857344476,12,765,426,503,620,692,1416,719,498,1130,817,668,626,"r2c1"
322670,287559797,156,378,1030826,155.549419043308,12,15,8,6,2,27,4,44,7,9,13,17,4,"r2c2AA"
387671,221136756,3124,376,8897021,116.725105612553,12,20,15,20,120,170,71,73,427,866,712,405,225,"r2c1"
3050,327203819,343,376,649340,124.849067487022,11,6,24,16,16,21,58,16,60,0,4,14,108,"r3c2"
303612,261142316,4358,375,6339271,68.2038065113076,12,249,293,313,341,165,289,571,305,545,439,557,291,"r2c2AA"
123790,301256983,1218,375,4777063,172.109201614065,12,89,89,91,96,191,78,122,43,89,77,77,176,"r2c2ABB"
65826,212770273,573,375,1559462,95.7724006632684,12,10,3,6,19,115,3,34,158,5,25,130,65,"r2c3"
22831,370027877,330,375,1023091,124.569706562766,12,10,19,26,52,23,36,66,22,13,30,20,13,"r3c2"
50762,411589031,3208,375,4696201,91.7119282896536,12,271,283,229,167,178,482,122,274,441,400,252,109,"r3c2"
12867,346465415,376,374,1448090,162.908088648892,12,32,43,56,31,51,30,25,12,11,16,33,36,"r3c2"
316185,284307180,918,373,2400899,118.206833735414,12,27,88,83,7,50,22,67,133,41,215,129,56,"r2c2AA"
125961,290089795,902,373,1786739,92.3379328165375,12,48,11,34,35,54,101,130,113,103,104,100,69,"r2c2ABA"
68038,215119297,599,373,1421328,87.2354999079359,12,16,33,93,107,26,10,62,80,11,21,65,75,"r2c3"
68724,215909992,2684,372,21690206,152.032733338941,12,78,91,113,235,180,206,258,203,406,658,147,109,"r2c3"
126173,303858853,582,371,3501576,176.472936195948,12,26,44,33,48,62,59,27,42,29,49,87,76,"r2c2ABB"
21957,368907839,213,371,550167,125.465678449259,12,14,11,13,23,15,19,18,33,11,11,39,6,"r3c2"
362608,213547710,7011,370,22416392,121.375697129181,12,247,509,764,748,671,546,619,428,645,638,531,665,"r2c1"
305823,264720006,4840,370,15434669,132.961209124427,12,14,44,38,59,1631,20,2335,22,10,18,35,614,"r2c2AA"
21962,368907844,66,370,323883,165.499744506898,12,10,8,6,5,20,5,6,2,1,1,1,1,"r3c2"
344204,208920720,5586,369,30698706,151.982820761629,12,116,210,394,184,424,561,196,642,887,888,660,424,"r2c1"
319562,286294882,727,369,2162453,145.904662303488,12,35,55,37,31,120,53,49,40,40,71,45,151,"r2c2AA"
324777,289330503,622,369,3827867,173.733354513684,12,10,22,14,28,37,45,39,102,38,110,136,41,"r2c2AA"
327090,291751853,1074,369,6656220,143.243092020315,12,43,29,26,25,105,132,130,115,155,148,68,98,"r2c2AA"
19884,223179794,542,369,2385137,131.862947810703,10,1,0,0,1,67,11,18,71,44,149,75,105,"r2c4"
326953,291679488,868,368,3736041,105.711080301058,12,38,53,24,12,40,46,70,143,41,163,142,96,"r2c2AA"
388781,222076278,2085,367,5360757,93.4727729246221,12,70,73,86,242,238,96,200,214,362,200,187,117,"r2c1"
134113,315386990,267,367,918483,127.513952519783,12,17,22,9,17,7,52,10,17,32,55,12,17,"r2c2ABB"
27247,232433787,2705,367,10530294,131.95691783311,12,16,14,20,73,556,56,375,206,191,229,290,679,"r2c4"
6734,334973872,264,367,626440,136.449575255936,12,8,145,7,3,1,4,18,1,4,64,5,4,"r3c2"
22805,369991747,423,367,1639226,134.849128002632,12,40,31,50,43,56,39,84,14,20,22,5,19,"r3c2"
29469,382605392,1026,367,4746233,124.357621967196,11,38,380,121,272,3,5,187,0,2,9,2,7,"r3c2"
377183,215933144,7941,366,14651881,103.188073975999,12,44,62,93,134,145,646,191,130,5715,377,188,216,"r2c1"
319337,286186443,951,366,3543874,160.603371703073,12,26,48,40,11,65,34,49,173,58,197,175,75,"r2c2AA"
104494,181929236,4612,366,11262720,97.9094512831212,12,219,207,208,550,344,771,984,166,295,241,388,239,"r2c2ABB"
78786,225564202,620,366,1376495,150.815711624849,12,17,2,19,2,41,34,39,59,165,156,43,43,"r2c3"
300645,201584562,5271,365,24913485,125.028153746556,12,146,334,639,533,594,348,592,217,534,373,519,442,"r2c1"
393499,228183526,8369,365,24114351,132.52774556626,12,94,57,82,193,1541,223,357,1099,1204,1273,1189,1057,"r2c1"
317519,285246871,511,365,1342113,104.428338001867,12,16,23,10,31,21,40,50,108,45,75,60,32,"r2c2AA"
131529,308124729,355,365,878605,123.31298245614,12,2,8,3,33,30,2,59,58,8,38,55,59,"r2c2ABB"
321250,287017664,396,364,960332,118.691385490051,12,30,9,14,27,105,33,45,15,20,26,37,35,"r2c2AA"
134365,318748179,154,364,634288,170.599246906939,12,2,15,2,1,28,13,8,25,15,7,25,13,"r2c2ABB"
374627,215463395,4554,363,25921476,172.937813982347,12,26,22,102,211,107,439,641,77,2463,334,92,40,"r2c1"
384141,218209746,4718,363,8900391,100.530767840604,12,27,36,169,358,137,554,491,56,2175,497,104,114,"r2c1"
87627,173509324,6611,363,17917496,122.035498767215,12,267,281,636,537,709,861,611,502,681,499,649,378,"r2c2ABB"
11498,343791070,377,362,1713203,163.598453017571,12,31,26,41,20,64,35,48,33,14,15,19,31,"r3c2"
389637,222979770,2787,361,3535769,67.2161093473756,12,26,23,51,113,150,375,130,118,1337,237,154,73,"r2c1"
301847,258721125,2164,361,5239387,86.841148293637,12,59,32,24,41,189,109,80,389,137,513,326,265,"r2c2AA"
111327,253750292,1502,361,8861727,150.211492499364,12,42,45,65,114,228,30,276,189,31,143,165,174,"r2c3"
29862,383075180,676,361,3541824,149.079215422174,11,49,145,175,115,14,11,138,0,2,2,18,7,"r3c2"
98779,176472497,2310,360,9240084,151.593588502617,12,82,68,129,358,199,354,294,153,177,113,190,193,"r2c2ABB"
21595,225311689,277,360,589194,126.057766367137,10,1,0,2,0,36,4,44,62,9,34,67,18,"r2c4"
382143,217270194,1856,359,3858693,93.5214008725158,12,75,51,61,113,158,125,176,99,451,218,187,142,"r2c1"
319637,286331033,1099,359,4429386,139.3502170767,12,56,39,105,99,111,96,229,47,92,42,76,107,"r2c2AA"
315952,284090320,555,358,1856310,148.576116535937,12,43,41,44,61,33,66,24,47,55,35,43,63,"r2c2AA"
317659,285319075,733,358,822898,78.3936362770315,12,14,57,65,11,74,34,47,101,45,125,114,46,"r2c2AA"
115490,282935035,1845,358,3839158,112.380949593115,12,68,114,88,49,193,58,73,375,66,283,185,293,"r2c2ABB"
322068,287306772,814,357,2457042,108.632151383854,12,32,20,47,31,88,69,79,78,93,60,138,79,"r2c2AA"
323012,287776468,711,357,1062848,74.7957776213934,12,20,42,50,10,46,69,26,121,23,108,98,98,"r2c2AA"
104496,181929238,3816,357,5521734,56.2380608035851,12,287,182,287,434,263,507,531,180,318,217,327,283,"r2c2ABB"
9809,339093570,137,357,316079,127.605571255551,12,7,18,18,17,15,19,9,6,6,4,14,4,"r3c2"
76775,170978665,3614,356,21144379,166.27645402787,12,57,53,106,297,109,2038,188,93,370,129,74,100,"r2c2AA"
313455,276031490,993,356,1978599,103.111105320757,12,8,26,20,47,86,150,154,110,165,146,33,48,"r2c2AA"
134150,315676087,334,356,1953905,156.162484015345,12,9,10,19,10,18,52,35,22,58,34,22,45,"r2c2ABB"
136020,322614080,397,355,4108979,220.344219219219,12,14,38,33,34,52,5,36,64,26,21,42,32,"r2c2ABA"
115491,282935036,3233,355,5450232,118.650963317732,12,148,176,187,146,245,55,93,686,76,469,420,532,"r2c2ABB"
130684,307436800,459,355,691579,72.8207855112141,12,11,22,36,53,38,45,110,14,23,49,44,14,"r2c2ABB"
72238,219961656,937,355,7137395,153.737022358161,12,4,13,13,17,174,3,134,141,49,85,127,177,"r2c3"
13223,347152047,275,355,738642,146.410703666997,12,12,9,12,19,60,13,22,20,64,12,27,5,"r3c2"
303187,260708605,1462,354,5705647,149.007521349664,12,73,46,59,30,126,109,70,183,119,171,268,208,"r2c2AA"
317405,285210669,762,354,646619,65.4737748076144,12,28,31,12,38,77,53,78,69,41,79,177,79,"r2c2AA"
324251,288824564,1069,354,3788423,114.054160645472,12,17,22,26,5,47,32,29,237,70,272,258,54,"r2c2AA"
328206,292438375,652,354,3416740,161.281095114468,12,15,48,34,13,64,33,24,56,59,54,76,176,"r2c2AA"
69688,216745639,594,354,2331952,153.630146913499,12,28,8,4,8,117,75,26,24,91,101,36,76,"r2c3"
1292,324638033,238,354,1036996,159.097269100951,12,10,7,14,18,27,14,18,32,36,19,22,21,"r3c2"
49618,410251871,683,354,2960535,147.723915972257,12,147,90,122,82,37,29,115,14,27,2,11,7,"r3c2"
296821,201078072,13827,353,61349374,118.188440725051,12,948,1207,1551,1591,1110,1206,1111,944,1274,882,1051,952,"r2c1"
322873,287668161,265,353,2113339,155.931454290563,12,15,26,5,14,20,21,26,18,23,33,46,18,"r2c2AA"
324258,288824575,565,353,2185856,127.069875595861,12,21,19,41,38,33,42,50,86,31,59,97,48,"r2c2AA"
326433,291282022,1518,353,2473535,75.2085803764176,12,88,103,133,90,139,137,137,176,111,132,144,128,"r2c2AA"
17496,359475909,69,353,685570,185.942500678058,7,7,32,9,13,3,4,0,0,0,1,0,0,"r3c2"
302294,259552240,2475,352,6773344,98.4068574749382,12,127,127,75,67,193,286,210,310,161,424,253,242,"r2c2AA"
319526,286294818,1160,352,4687679,116.637944762379,12,43,62,119,60,76,101,136,133,90,116,121,103,"r2c2AA"
131170,307799502,605,352,1579276,137.113735023442,12,12,23,4,30,59,3,99,74,7,76,137,81,"r2c2ABB"
27583,379208500,752,352,2913661,141.797790539225,7,38,149,208,158,10,1,188,0,0,0,0,0,"r3c2"
1365,326780839,482,352,2061896,139.091743119266,12,98,111,28,77,43,8,14,20,3,20,13,47,"r3c3"
242338,192332961,5482,351,30182684,144.231189013026,12,217,356,414,459,545,465,543,442,493,542,534,472,"r2c1"
332334,206246611,6794,351,18016250,91.6302595374811,12,317,651,1122,496,383,1019,388,328,807,365,628,290,"r2c1"
388941,222220887,3984,351,2664628,48.4821600771456,12,61,56,95,180,198,384,197,340,1462,556,307,148,"r2c1"
132333,309099569,277,351,995631,144.357111787734,11,1,0,8,1,28,27,14,57,15,21,56,49,"r2c2ABB"
116431,259641325,1033,351,6729806,143.790056192979,12,70,69,43,54,79,74,139,124,83,112,93,93,"r2c3"
166853,322914347,282,351,1455886,147.506180344478,12,39,56,42,8,37,23,12,20,6,5,15,19,"r2c3"
190,323372985,777,351,3017697,123.858849121655,12,43,51,54,60,64,68,72,57,54,61,66,127,"r3c2"
22582,369738992,103,351,375291,167.765310683952,8,0,1,5,16,25,0,18,0,17,0,5,16,"r3c2"
22804,369991746,188,351,549608,128.683680636853,12,5,18,28,35,29,6,38,1,6,8,4,10,"r3c2"
30441,383978610,891,351,3120369,125.598494606344,8,15,402,113,171,24,5,159,2,0,0,0,0,"r3c2"
322688,287595780,1737,350,3078510,88.4603890692796,12,51,61,90,38,119,110,61,330,154,345,254,124,"r2c2AA"
324561,289149761,727,350,1831290,165.682620103139,12,35,35,38,43,63,38,34,98,65,100,105,73,"r2c2AA"
77466,224623521,855,349,5510556,138.571076520733,12,6,4,21,26,66,9,220,132,25,140,102,104,"r2c3"
16738,211040096,353,349,1243762,151.364488256055,12,15,10,36,58,45,30,35,22,38,12,40,12,"r2c4"
23652,227555013,4238,349,2475630,52.3743335872049,11,34,56,89,317,21,79,788,0,2661,148,1,44,"r2c4"
355648,212246718,1906,348,4604934,85.3540064132268,12,38,76,200,253,136,202,169,118,266,182,185,81,"r2c1"
317477,285246798,337,348,772730,127.21929535726,12,10,30,15,4,23,17,10,42,27,56,47,56,"r2c2AA"
323167,287884893,616,348,3118098,147.302437641723,12,8,33,22,47,45,104,23,49,39,96,55,95,"r2c2AA"
323567,288210124,671,348,3038464,116.282587064677,12,29,21,26,81,69,48,119,54,30,49,58,87,"r2c2AA"
11556,343863329,946,348,2382262,150.556910826013,12,113,138,97,52,137,40,156,99,28,19,43,24,"r3c2"
84590,153523766,4689,347,12209650,140.334352443566,12,418,284,347,658,229,1194,664,21,627,169,46,32,"r1c2"
13742,162630693,6279,347,38401519,160.613313647827,12,284,203,209,358,169,3823,201,128,348,210,179,167,"r2c2AA"
321673,287162267,1164,347,3590866,117.222146051644,12,40,34,39,106,122,94,119,116,155,93,167,79,"r2c2AA"
322652,287559746,333,347,1475513,127.441095180515,12,13,7,16,8,26,41,35,22,39,53,36,37,"r2c2AA"
127672,297823787,465,347,2482337,179.087872447875,12,37,63,18,26,56,66,30,29,20,68,30,22,"r2c2ABA"
9598,338768325,120,347,352215,151.816810344828,11,9,10,2,2,25,34,4,5,7,0,14,8,"r3c2"
344203,208920719,3801,346,10825986,115.783469872302,12,52,175,257,93,218,215,132,583,548,662,509,357,"r2c1"
380916,216872320,1933,346,8307846,138.864492620389,12,107,121,170,138,157,199,139,180,203,172,204,143,"r2c1"
317475,285246796,348,346,1024817,113.855904899456,12,12,28,23,12,31,27,20,36,22,47,30,60,"r2c2AA"
318454,285680447,917,346,2141611,145.400977663114,12,64,49,57,31,43,60,58,143,63,151,104,94,"r2c2AA"
319735,286403183,1221,346,3551935,115.296361216607,12,14,17,26,31,119,48,26,250,160,167,259,104,"r2c2AA"
129059,302087965,316,346,1460391,178.925630972801,12,28,44,12,24,27,29,12,31,26,17,30,36,"r2c2ABA"
343295,208704005,4144,345,14410879,125.264064184138,12,30,125,288,187,449,136,239,713,224,461,846,446,"r2c1"
394165,228508890,5499,345,5786238,62.9767193809249,12,20,6,63,225,927,426,404,58,2687,442,87,154,"r2c1"
130141,304798373,1113,345,7119147,175.456487985213,12,71,105,59,35,127,67,37,145,16,144,181,126,"r2c2ABA"
133810,313869306,168,345,977077,160.597797501644,12,4,13,13,11,10,17,29,24,4,6,35,2,"r2c2ABB"
26318,375487861,192,345,1478405,201.582356149441,12,4,4,17,29,27,3,22,24,8,29,14,11,"r3c2"
34065,392869750,338,345,1469672,140.289423444063,12,12,19,21,88,13,34,15,18,11,62,37,8,"r3c2"
318459,204260296,4926,344,19085173,129.77107868469,12,320,267,334,252,676,504,457,290,581,462,370,413,"r2c1"
418656,261611858,667,344,1405484,122.322367275892,12,38,38,49,51,41,58,46,57,80,91,77,41,"r2c1"
129269,306245591,402,344,1033104,119.96098467255,11,6,6,7,60,66,10,34,50,0,43,94,26,"r2c2ABB"
2885,326950786,154,344,671767,170.369515597261,12,3,25,14,4,13,13,16,11,4,7,35,9,"r3c2"
331288,206101939,17473,343,64980828,120.923360353721,12,757,898,1162,864,1358,1412,1060,1893,2105,2192,2278,1494,"r2c1"
304725,262298794,1004,343,3794019,119.881793478261,12,31,49,83,36,38,113,81,138,38,169,122,106,"r2c2AA"
318726,285824999,2116,343,2676510,92.159975208319,12,102,113,185,84,147,161,154,310,152,299,192,217,"r2c2AA"
319560,286294880,609,343,1088612,101.863198278282,12,22,31,27,22,24,42,38,121,46,135,83,18,"r2c2AA"
97484,175858167,5300,343,22274377,136.967729438893,12,492,591,763,516,364,923,365,211,373,289,220,193,"r2c2ABB"
71632,219564180,1361,343,8767818,149.346221979969,12,63,46,45,80,131,67,213,245,100,161,118,92,"r2c3"
116012,259171505,487,343,6025430,187.784149343971,12,23,34,28,29,64,23,45,48,16,33,66,78,"r2c3"
900,325299318,154,343,403238,110.77967032967,12,17,60,12,7,24,1,7,9,2,5,8,2,"r3c3"
205175,186622440,2554,342,11102339,129.735080687568,12,125,294,262,225,365,166,319,167,124,144,169,194,"r2c1"
376159,215752440,1355,342,3182732,103.06774611399,12,33,31,56,34,79,100,81,92,549,116,94,90,"r2c1"
392029,226990898,5920,342,22403176,126.041812944459,12,65,30,16,46,1248,170,113,1087,611,777,1126,631,"r2c1"
395010,229412314,2155,342,7818867,145.486240068474,12,45,32,17,44,431,114,71,258,346,302,318,177,"r2c1"
409971,252359992,2162,342,9865576,128.270959018099,12,134,75,223,184,148,329,154,156,292,214,153,100,"r2c1"
115465,282898898,1428,342,3376433,139.891987073252,12,81,74,53,74,165,120,80,182,106,185,102,206,"r2c2ABB"
122309,298293755,358,342,743085,90.4987212276215,12,10,13,11,27,92,44,8,63,12,11,42,25,"r2c2ABB"
52,323228443,1438,342,4595910,146.534561918123,12,97,158,116,55,183,100,121,195,54,114,114,131,"r3c2"
18490,362584001,57,342,271706,147.345986984816,10,8,10,2,1,5,3,16,1,0,0,7,4,"r3c2"
139742,179396576,1935,341,4773621,109.238678230623,12,106,76,127,161,237,242,185,126,291,160,119,105,"r2c1"
285752,199524142,5730,341,40554735,146.505890258044,12,337,312,397,420,523,490,451,503,546,511,718,522,"r2c1"
373281,215246601,2607,341,10665640,140.722503694321,12,26,5,41,89,183,269,380,67,1236,196,56,59,"r2c1"
303073,260564137,1331,341,3696356,84.2993066958584,12,67,63,109,120,73,106,120,157,108,151,189,68,"r2c2AA"
316186,284307181,317,341,855071,102.317937058753,12,12,9,20,6,31,27,20,29,25,68,30,40,"r2c2AA"
59020,206951893,345,341,1072475,110.541640898784,12,1,2,34,45,14,10,32,116,3,14,46,28,"r2c3"
92485,239295036,474,341,4013560,148.821239200564,12,8,8,9,21,47,20,27,100,10,51,99,74,"r2c3"
256,323445263,533,341,1615346,129.997263801706,12,57,53,40,22,53,30,39,56,25,46,50,62,"r3c2"
334580,206680805,2245,340,7908434,149.418719770254,12,99,68,82,143,342,284,99,124,235,100,312,357,"r2c1"
393577,228219665,4431,340,9115890,105.622899914259,12,75,67,77,89,896,227,204,494,374,431,653,844,"r2c1"
315656,283656720,759,340,1638804,86.3209902554648,12,6,14,32,10,77,33,48,126,40,111,171,91,"r2c2AA"
316229,284343317,338,340,1412507,131.62864597894,12,11,19,3,18,49,35,45,14,43,35,10,56,"r2c2AA"
326325,291209746,2185,340,4452779,75.2234854883941,12,160,183,164,204,153,158,271,158,143,156,228,207,"r2c2AA"
327375,291896653,572,340,1787976,138.645781637717,12,37,65,18,17,29,41,48,66,42,88,77,44,"r2c2AA"
69490,216637075,1059,340,4318556,119.916585677394,12,108,98,100,67,122,26,112,88,32,66,118,122,"r2c3"
14506,350043079,163,340,699815,185.381456953642,10,1,15,31,35,18,14,21,14,0,0,4,10,"r3c2"
14582,413873617,577,340,1165568,91.2667762900321,12,20,30,27,70,117,29,146,21,13,26,43,35,"r3c3"
393590,228219679,6395,339,15653108,116.234799655449,12,199,60,83,135,927,227,143,1054,565,712,1368,922,"r2c1"
65462,169496475,4882,339,9119506,95.2120566709473,12,215,384,513,470,600,880,347,115,633,153,221,351,"r2c2AA"
317246,285138382,500,339,2218250,178.229953398682,12,29,25,31,31,34,50,24,76,49,57,41,53,"r2c2AA"
323015,287776471,554,339,1363409,92.5286053613845,12,23,45,21,15,87,25,10,119,24,47,65,73,"r2c2AA"
327344,291896370,1005,339,3290705,93.4275452841974,12,37,36,39,39,108,55,77,136,61,92,203,122,"r2c2AA"
108367,190168605,2876,339,8985392,130.890805267451,12,195,177,197,349,220,311,404,246,139,196,309,133,"r2c2ABA"
132318,309098719,516,339,5084147,186.869077810858,12,44,50,21,26,55,11,18,95,16,56,79,45,"r2c2ABA"
104483,181893101,6115,339,12801070,86.453994110814,12,123,38,176,473,744,1251,1336,200,613,299,389,473,"r2c2ABB"
129425,306354332,225,339,1035360,159.901158301158,10,0,4,4,1,4,0,14,56,13,21,83,25,"r2c2ABB"
29859,383075173,431,339,1765605,128.970416362308,9,14,156,81,70,1,3,103,0,0,1,0,2,"r3c2"
131934,178276307,1767,338,5999715,131.021029874214,12,86,90,157,303,90,157,189,166,131,118,163,117,"r2c1"
389313,222654516,1673,338,2100594,56.7513373318204,12,59,51,52,79,168,125,84,193,327,195,203,137,"r2c1"
282894,222945088,6745,338,19628571,121.711721264207,12,218,218,203,257,333,569,699,515,2090,604,655,384,"r2c2AA"
322901,287704199,280,338,1851742,194.184354026846,12,15,16,6,6,16,24,7,60,16,41,48,25,"r2c2AA"
125992,290125934,617,338,1030350,79.1420231968661,12,19,13,16,23,24,28,48,117,50,136,55,88,"r2c2ABA"
126316,290559604,689,338,3895888,172.155899248785,12,34,31,14,32,39,20,72,105,35,106,120,81,"r2c2ABA"
21691,225420097,137,338,1073833,192.857938218391,9,0,0,0,4,10,8,3,11,29,36,12,24,"r2c4"
117,323300711,942,338,2333022,112.294089333847,12,75,90,33,35,183,35,101,111,26,102,52,99,"r3c2"
130738,178095582,5032,337,7220439,65.2860294583036,12,320,319,418,344,418,594,363,399,534,436,490,397,"r2c1"
299586,250337201,1197,337,5483619,159.914234055583,12,44,64,54,48,169,73,92,130,84,145,115,179,"r2c2AA"
318597,285752721,1213,337,1282401,82.8103448275862,12,57,77,129,70,80,101,87,127,52,133,183,117,"r2c2AA"
323598,288210310,861,337,2456914,111.942500455622,11,0,2,18,210,51,9,390,15,31,108,7,20,"r2c2AA"
325618,290414705,192,337,987238,150.447729350808,11,2,8,3,0,27,8,11,5,4,108,4,12,"r2c2AA"
82048,172678303,2363,337,7984236,135.525877140869,12,123,234,264,413,201,146,289,120,140,97,156,180,"r2c2ABB"
132375,309171837,144,337,1076689,200.538089029614,11,1,4,2,2,34,0,6,25,4,4,24,38,"r2c2ABB"
1703,325071706,249,337,654150,132.633819951338,12,15,5,19,10,11,10,16,52,11,36,39,25,"r3c2"
199474,185935779,4817,336,27125111,153.079702702093,12,227,266,497,713,446,259,991,273,242,329,281,293,"r2c1"
59830,168702183,6815,336,16282784,79.2445990996472,12,169,99,602,896,399,1558,868,212,1233,421,244,114,"r2c2AA"
318842,285897276,517,336,3088929,171.236154997505,12,8,24,35,16,28,25,35,78,55,72,72,69,"r2c2AA"
51137,168052662,2267,336,7369102,139.458034480801,12,167,120,138,261,166,461,156,128,185,123,198,164,"r2c2ABB"
127781,275505822,1546,336,11247053,150.074763486917,12,38,55,66,103,268,43,282,201,44,75,182,189,"r2c3"
128384,275794955,2139,336,15287616,139.554305953663,12,105,118,124,171,170,103,310,270,102,175,275,216,"r2c3"
116077,150267584,4508,335,11478596,122.337877156895,12,349,332,401,537,310,461,391,297,408,412,310,300,"r1c1"
392891,227822170,2907,335,9787062,110.72464391171,12,42,31,28,77,594,87,154,453,336,435,413,257,"r2c1"
322990,287740408,624,335,2008458,127.805154311168,12,49,46,49,41,71,47,79,31,23,86,30,72,"r2c2AA"
326585,291390464,265,335,1164992,136.896827262045,12,5,8,12,6,45,8,18,37,29,29,27,41,"r2c2AA"
127156,292764191,815,335,2598356,131.402649944371,12,23,69,22,59,44,51,51,115,59,56,142,124,"r2c2ABA"
136008,322577939,131,335,476221,155.272579067493,12,2,13,8,16,34,7,2,21,16,2,7,3,"r2c2ABA"
134366,318748180,149,335,892030,200.006726457399,11,0,10,3,1,16,7,9,22,3,22,48,8,"r2c2ABB"
107927,174949671,6270,334,24310079,104.582870147302,12,384,323,506,665,479,362,606,568,644,501,698,534,"r2c1"
303188,260708606,1876,334,4360304,101.01012347395,12,59,20,42,61,89,139,112,234,138,281,359,342,"r2c2AA"
303425,260925527,1402,334,5343831,104.030349634013,12,119,150,131,110,88,66,134,121,128,94,166,95,"r2c2AA"
316314,284415677,694,334,2748479,114.477029447291,12,42,64,33,29,63,34,154,36,55,58,50,76,"r2c2AA"
136286,323120027,696,334,4467331,219.309327442317,12,42,98,56,33,112,26,57,96,36,48,50,42,"r2c2ABA"
97395,175822085,3022,334,7831228,114.136213254048,12,244,239,292,411,347,255,476,113,178,107,169,191,"r2c2ABB"
131822,308412375,484,334,3063277,139.366560509554,12,13,21,5,30,68,37,98,55,13,34,22,88,"r2c2ABB"
16831,357923208,36,334,385202,231.352552552553,9,5,6,9,3,0,0,7,1,0,1,1,3,"r3c2"
50604,411372206,364,334,614249,110.041024722322,12,27,17,16,24,24,90,22,27,23,53,33,8,"r3c2"
292758,200537102,4373,333,3354465,54.1199864476784,12,75,142,111,99,752,357,396,418,505,414,529,575,"r2c1"
302681,260130454,648,333,1610625,68.7684129627258,12,15,12,30,51,117,50,79,53,57,40,45,99,"r2c2AA"
306634,266274130,1037,333,4163571,149.269386584448,12,20,13,13,34,49,39,67,244,51,255,156,96,"r2c2AA"
317135,285066112,427,333,624281,84.6712328767123,12,15,27,26,8,22,33,60,66,30,65,38,37,"r2c2AA"
327312,291860514,869,333,3590011,139.966899294319,12,26,41,29,79,101,62,77,112,58,146,88,50,"r2c2AA"
89006,173834511,7047,333,21951784,111.719598961779,12,692,871,976,888,336,867,609,217,565,518,242,266,"r2c2ABB"
4397,330494065,317,333,1109190,156.665254237288,11,18,35,72,75,18,1,53,0,6,4,2,33,"r3c2"
22628,369811058,75,333,299407,128.390651801029,12,9,3,7,3,2,10,4,3,5,11,10,8,"r3c2"
23259,370461687,32,333,91658,131.127324749642,4,0,0,0,0,26,0,0,0,3,2,0,1,"r3c2"
144039,153667605,4350,332,6242696,90.8901054102848,12,329,128,445,792,238,1113,665,24,376,74,140,26,"r1c1"
339749,207836563,10789,332,24122142,97.3031903092692,12,440,451,756,1025,1170,797,1089,928,959,1162,1029,983,"r2c1"
387226,220486290,1032,332,1189110,82.8128699770179,12,30,2,2,17,119,32,31,142,130,203,166,158,"r2c1"
317398,285210659,470,332,1074092,120.508470773028,12,18,41,27,17,26,16,24,69,26,77,79,50,"r2c2AA"
322895,287704192,417,332,833200,82.6997518610422,12,18,18,12,37,63,15,12,52,19,52,45,74,"r2c2AA"
121423,201624035,3951,332,16258138,140.122539387044,12,282,293,253,281,431,317,402,260,326,300,457,349,"r2c2ABA"
386555,219907928,1835,331,7036997,129.754890933564,12,39,44,37,56,149,47,50,173,118,94,547,481,"r2c1"
405878,249395832,1070,331,6431731,171.677637198377,12,5,20,7,14,53,17,36,271,52,241,227,127,"r2c1"
264382,213512538,1699,331,5048280,122.95184977715,12,41,36,50,133,132,140,247,107,436,155,88,134,"r2c2AA"
312968,275164163,1055,331,8557229,176.930197456839,12,45,47,49,70,43,66,95,242,97,117,131,53,"r2c2AA"
323521,288173983,474,331,1056074,106.782002022245,12,28,24,92,9,48,28,23,41,27,56,40,58,"r2c2AA"
16464,165052334,6251,331,19192123,120.708971980251,12,196,140,204,389,725,1431,702,273,760,594,385,452,"r2c2ABA"
96787,175677462,15656,331,48674831,125.98929701999,12,526,364,636,1651,967,3016,1416,996,2821,1344,1116,803,"r2c2ABB"
72117,219889383,502,331,3721789,134.681515524354,12,19,23,25,31,60,9,53,64,28,50,52,88,"r2c3"
129293,276192180,970,331,4466167,104.876529294352,12,31,25,19,41,97,38,88,129,118,100,122,162,"r2c3"
130552,276589964,2227,331,14349237,170.071078082776,12,159,86,124,174,152,142,192,470,123,196,227,182,"r2c3"
136808,279914447,1710,331,9241798,120.312412940181,12,77,93,106,82,279,90,189,153,90,127,230,194,"r2c3"
59512,276628319,1064,331,1910742,104.190086700474,12,73,41,39,63,155,40,53,177,36,131,151,105,"r2c4"
27512,379029442,256,331,1050238,161.401260181343,12,15,3,12,59,46,11,7,40,15,32,12,4,"r3c2"
137014,158584005,18261,330,43265293,108.8797,12,1085,602,2261,2375,1104,2879,1347,989,2013,1586,1141,879,"r1c2"
295654,200933504,6036,330,25927403,137.831804964143,12,338,228,476,958,289,732,840,277,771,383,491,253,"r2c1"
384362,218354271,746,330,1518466,90.8662557596792,12,19,20,30,30,84,63,55,59,134,61,78,113,"r2c1"
303646,261178455,1879,330,6127884,88.4241785832816,12,114,108,104,105,219,146,179,148,211,165,212,168,"r2c2AA"
317480,285246805,627,330,2502436,136.365102719198,12,25,32,30,26,49,23,47,66,55,77,108,89,"r2c2AA"
324507,289077533,790,330,2676328,122.290518620059,12,4,23,4,5,16,36,25,187,43,231,189,27,"r2c2AA"
327918,292257703,462,330,2299983,132.57150268027,12,13,21,30,5,37,34,22,65,19,75,35,106,"r2c2AA"
103447,180013974,4595,330,10416539,99.4238658381773,12,280,192,327,492,360,580,512,224,441,328,483,376,"r2c2ABB"
115872,283404764,699,330,4614595,125.820563856473,12,33,54,24,43,66,16,23,125,10,108,115,82,"r2c2ABB"
22506,369594435,139,330,539253,145.312045270816,12,63,4,3,4,6,20,22,3,2,6,5,1,"r3c2"
236375,191393347,2831,329,11109565,134.716913637135,12,137,104,78,322,331,353,415,145,305,249,227,165,"r2c1"
375765,215680051,4320,329,12349159,112.268143676646,12,127,141,383,523,322,325,495,249,637,383,348,387,"r2c1"
301739,258468110,1757,329,4732619,93.7616443784052,12,25,36,65,83,72,130,60,285,323,270,179,229,"r2c2AA"
327385,291932454,736,329,2449864,133.777316660296,12,18,29,6,1,46,20,122,182,45,103,95,69,"r2c2AA"
104495,181929237,8915,329,9810668,60.6896747972509,12,97,83,325,1625,406,1889,2451,244,608,279,518,390,"r2c2ABB"
69269,216456525,936,329,1487659,111.795220560607,12,153,18,25,51,110,63,108,81,92,128,42,65,"r2c3"
2007,325541364,195,329,368449,123.185891006352,12,19,13,13,4,18,1,11,47,5,9,11,44,"r3c2"
289599,200066725,3863,328,17280709,161.978806767587,12,293,269,173,232,310,447,326,295,477,425,299,317,"r2c1"
301846,258721124,878,328,3167799,109.196794208893,12,56,24,24,46,69,72,50,152,43,186,85,71,"r2c2AA"
322808,287632027,250,328,1552363,141.820116937694,12,3,18,16,51,37,3,18,18,12,33,27,14,"r2c2AA"
16241,164907800,2441,328,9792183,144.401920014157,12,118,143,161,225,165,507,193,80,397,199,137,116,"r2c2ABA"
126168,290342768,408,328,851253,101.146981939163,11,4,30,3,0,12,10,22,86,25,113,72,31,"r2c2ABA"
1953,325469206,60,328,326918,183.147338935574,7,0,0,0,9,15,3,1,11,0,0,4,17,"r3c2"
15609,354019798,65,328,246784,166.184511784512,6,34,2,0,20,2,0,6,0,0,1,0,0,"r3c2"
165774,182180675,3951,327,8217180,104.686787356834,12,139,230,263,286,537,310,377,316,336,247,459,451,"r2c1"
261736,195730768,6581,327,14641385,101.516255624814,12,330,310,403,473,839,554,683,562,517,573,592,745,"r2c1"
342362,208487045,8599,327,27510254,124.95629976517,12,414,575,743,360,227,1178,390,853,1346,1502,651,360,"r2c1"
343452,208740101,6622,327,24341236,140.724375762411,12,279,524,707,276,367,779,268,607,1018,849,615,333,"r2c1"
417892,260636262,735,327,1447567,79.6811251169703,12,41,38,54,44,86,42,36,92,70,63,42,127,"r2c1"
94276,240523690,317,327,1778745,137.812427364996,12,5,7,12,31,12,3,21,91,7,27,57,44,"r2c3"
21705,368691014,156,327,221625,96.5265679442509,12,10,15,7,11,20,15,31,21,4,12,9,1,"r3c2"
318279,285608172,400,326,1748996,141.573255625708,12,14,30,22,11,15,95,36,30,26,41,39,41,"r2c2AA"
131055,307725731,229,326,518533,102.944808417709,12,2,1,1,18,29,36,12,21,14,21,34,40,"r2c2ABB"
1910,325432946,850,326,2673420,161.20477568741,12,43,51,80,60,126,29,61,103,57,67,59,114,"r3c2"
281211,198981926,4027,325,14100333,100.769208230006,12,220,229,357,428,414,363,358,300,273,349,465,271,"r2c1"
360082,213114029,5335,325,21713577,153.275193415405,12,349,310,237,340,407,599,646,400,659,561,401,426,"r2c1"
77949,171159355,3192,325,9500107,109.716207788608,12,35,28,65,248,65,2285,129,8,228,56,15,30,"r2c2AA"
302953,260419608,536,325,2284523,111.739936414771,12,28,59,12,23,31,57,47,82,44,51,54,48,"r2c2AA"
315727,283765072,215,325,1691575,157.049020518058,12,4,4,19,4,9,40,19,27,9,33,17,30,"r2c2AA"
324158,288752253,294,325,3549033,213.604152873909,12,18,12,23,16,18,13,15,38,31,41,37,32,"r2c2AA"
73100,171485856,3654,325,8971827,99.1154011864912,12,337,210,244,367,419,384,557,143,320,166,253,254,"r2c2ABB"
128143,305485230,314,325,1057436,157.685058156874,12,6,45,10,120,39,13,14,22,15,4,19,7,"r2c2ABB"
128144,305485231,290,325,1156333,161.521581226428,12,4,11,19,110,23,7,22,30,10,6,35,13,"r2c2ABB"
81,323264574,1080,325,2745236,106.814365199798,12,61,121,94,53,176,37,114,109,24,105,70,116,"r3c2"
21424,368293333,66,325,424399,163.734182098765,9,3,7,9,15,5,3,14,0,0,2,0,8,"r3c2"
46649,408083842,321,325,3021500,207.634689389775,12,45,52,31,32,25,17,69,15,6,7,5,17,"r3c2"
379949,216619643,3261,324,12724395,137.556565733003,12,127,161,132,179,281,240,244,367,344,418,346,422,"r2c1"
387614,221064481,2672,324,3492479,64.0246200663624,12,8,12,7,36,286,26,54,594,191,539,575,344,"r2c1"
393552,228183598,3257,324,6249957,95.9701031877649,12,67,37,68,133,991,136,122,299,394,514,254,242,"r2c1"
303842,261323057,1478,324,4328136,118.553084255506,12,34,17,21,80,172,66,514,86,169,143,108,68,"r2c2AA"
317248,285138384,397,324,1677579,154.061805491781,12,22,62,48,16,25,23,30,32,16,59,33,31,"r2c2AA"
97869,175966608,3354,324,7529072,110.64191979309,12,133,89,150,212,552,157,290,347,202,222,518,482,"r2c2ABB"
255,323445262,529,324,2157741,142.802183984116,12,30,63,28,62,55,41,47,37,34,35,27,70,"r3c2"
22500,369594229,77,324,137525,101.644493717664,11,3,1,3,16,4,15,17,1,10,5,2,0,"r3c2"
224295,189115971,6629,323,10338541,77.5363437279695,12,253,234,439,1579,675,382,1105,373,368,356,497,368,"r2c1"
233979,190995819,4757,323,13778412,132.950055965109,12,373,136,200,394,423,845,547,240,553,432,317,297,"r2c1"
282954,199198833,3428,323,15056476,126.458060018646,12,251,280,230,237,265,321,301,280,307,361,348,247,"r2c1"
83670,171954305,7019,323,17517890,104.047718039486,12,219,165,160,302,162,5030,151,136,285,136,205,68,"r2c2AA"
297318,246000438,613,323,3015712,111.404211304027,12,9,48,43,95,34,34,59,62,55,39,91,44,"r2c2AA"
304370,261756731,879,323,2579988,108.030650699271,12,52,22,25,4,98,41,90,141,119,104,75,108,"r2c2AA"
324259,288824576,1066,323,2488135,152.226063016213,12,34,54,30,27,27,136,16,117,280,193,103,49,"r2c2AA"
326508,291318234,319,323,788764,126.729434447301,12,21,16,31,4,54,12,32,8,36,73,24,8,"r2c2AA"
327567,292040916,827,323,3197418,97.753462349812,12,30,29,57,59,44,31,98,134,26,33,151,135,"r2c2AA"
327865,292221575,529,323,717662,77.9728378965667,12,13,35,28,19,54,63,34,52,38,64,56,73,"r2c2AA"
45390,167040807,4258,323,7536197,96.0110710509217,12,346,252,454,526,318,624,425,234,256,260,298,265,"r2c2ABB"
87909,234850314,8,323,60822,68.647855530474,4,1,0,0,0,0,0,0,0,1,3,3,0,"r2c3"
31416,386146901,475,323,1218446,94.423899566026,8,22,157,114,79,3,4,94,2,0,0,0,0,"r3c2"
277298,198331380,4617,322,8310184,75.9850776292449,12,315,388,352,296,452,309,357,384,292,435,575,462,"r2c1"
316077,203970170,1486,322,5775483,134.051689722403,12,17,24,66,96,102,86,117,206,150,178,299,145,"r2c1"
319111,204366691,7118,322,14854395,77.3714763422714,12,294,494,569,676,729,430,712,980,455,522,731,526,"r2c1"
389445,222799069,1061,322,1429695,77.1556934700486,12,83,58,47,70,80,75,89,92,148,149,96,74,"r2c1"
410259,252468468,504,322,2234797,120.383376427494,12,4,15,34,104,21,5,123,12,24,58,16,88,"r2c1"
89850,172641093,6273,322,9860510,81.963957673541,12,82,246,389,473,209,1582,314,348,658,439,1016,517,"r2c2AA"
136212,323011595,277,322,1244004,165.184437657682,12,7,49,26,43,25,1,5,49,13,9,26,24,"r2c2ABA"
131468,308087123,859,322,1421541,102.394367211698,12,34,38,26,53,65,176,89,75,65,99,85,54,"r2c2ABB"
117045,260147254,693,322,6093662,158.746991090502,12,37,40,24,77,79,33,56,78,42,70,100,57,"r2c3"
30424,383942474,614,322,2338642,119.227224063217,9,20,124,131,178,6,0,134,0,0,8,11,2,"r3c2"
171783,182757424,3631,321,11054936,122.561624851717,12,130,132,136,210,225,830,196,362,417,329,432,232,"r2c1"
300897,201620761,2420,321,7889815,115.686436950147,12,95,102,104,74,362,116,139,319,206,303,376,224,"r2c1"
88277,172460411,14038,321,24826826,111.233791079549,12,792,745,812,1468,1153,1769,1535,725,1435,1044,1304,1256,"r2c2AA"
303156,260672469,661,321,3052963,131.479888027562,12,17,9,19,12,42,64,24,53,62,117,91,151,"r2c2AA"
326944,291679469,563,321,1949256,123.597489062203,12,19,49,32,31,73,31,58,60,17,59,93,41,"r2c2AA"
66478,301890623,1147,321,3998803,164.967120462046,12,94,147,143,97,71,55,225,79,40,97,67,32,"r2c4"
2089,325685922,298,321,867608,128.916493313522,12,6,30,22,34,26,22,35,24,19,17,29,34,"r3c2"
2147,325758191,393,321,1478361,132.149906141057,12,27,52,35,26,39,39,47,23,12,20,16,57,"r3c2"
200356,186044199,2287,320,6839192,122.392884625709,12,171,88,180,391,212,173,330,80,292,96,149,125,"r2c1"
302866,260347280,718,320,2379606,103.623323462811,12,34,50,25,42,46,70,64,108,28,54,76,121,"r2c2AA"
303456,260961648,1011,320,4011832,125.267969774558,12,11,248,30,40,54,42,78,212,68,78,72,78,"r2c2AA"
84940,173111904,3317,320,12569860,131.198438543754,12,175,108,218,389,277,411,253,311,402,263,320,190,"r2c2ABB"
288,323481400,613,320,1883608,138.806779661017,12,24,15,27,24,53,28,43,75,62,35,106,121,"r3c2"
19541,365221747,143,320,351789,126.99963898917,3,0,0,0,0,29,2,112,0,0,0,0,0,"r3c2"
21404,368257192,83,320,236718,138.027988338192,10,14,3,2,16,30,0,8,1,0,3,2,4,"r3c2"
142961,179794071,2689,319,3480401,70.8723833184003,12,93,170,280,442,320,224,276,35,414,116,189,130,"r2c1"
241890,192260687,1642,319,7405108,129.638976908668,12,126,131,109,98,101,176,110,122,264,181,144,80,"r2c1"
372511,215138226,1027,319,2900886,102.941305890703,12,2,3,23,78,198,123,149,22,290,41,59,39,"r2c1"
318628,285752805,348,319,2096012,127.277872237066,12,10,11,21,16,27,15,37,84,5,72,23,27,"r2c2AA"
323300,287993294,402,319,866407,106.700369458128,12,15,9,15,4,46,29,23,49,8,114,63,27,"r2c2AA"
325456,290089394,335,319,982136,118.11617558629,12,3,10,7,32,16,23,95,39,9,26,31,44,"r2c2AA"
97746,175930470,4056,319,6952892,82.4105062285911,12,250,143,282,383,465,173,449,414,160,277,594,466,"r2c2ABB"
178622,183480211,1092,318,2613107,85.8078678619512,12,14,7,59,150,5,548,56,7,200,27,9,10,"r2c1"
376549,215824643,3387,318,4971823,92.8930720077725,12,230,212,217,314,262,269,249,351,339,379,322,243,"r2c1"
393657,228255802,1776,318,12183942,184.423552561871,12,5,2,1,206,133,15,316,59,419,435,69,116,"r2c1"
74995,170689561,5343,318,11845404,80.7067063656989,12,178,71,83,127,50,3340,134,100,783,351,80,46,"r2c2AA"
317664,285319080,436,318,816504,94.7880195031344,12,56,20,26,15,25,27,39,29,18,64,44,73,"r2c2AA"
326253,291137518,496,318,2276051,175.01353325644,12,33,39,35,22,39,38,27,52,42,57,55,57,"r2c2AA"
132666,310218944,448,318,1909285,144.314814814815,12,17,6,42,17,41,36,21,105,39,41,33,50,"r2c2ABA"
70880,190139640,2496,318,17801437,171.593346956874,12,103,121,277,208,150,158,202,169,278,358,253,219,"r2c2B"
128221,275722659,15260,318,11101080,38.5133222314738,12,1022,966,1038,889,1145,1081,2598,1869,753,1213,1217,1469,"r2c3"
21650,368618739,175,318,326794,73.7351083032491,12,22,17,17,4,16,17,22,20,9,11,16,4,"r3c2"
22834,370027884,248,318,287689,90.4113764927718,12,18,40,24,39,17,43,37,5,5,5,7,8,"r3c2"
116987,176071869,1175,317,3144090,94.3972738463386,12,13,66,268,394,132,9,179,25,22,26,16,25,"r2c1"
230997,190380821,4487,317,11210829,91.9546002608332,12,146,124,199,841,514,248,573,335,270,292,684,261,"r2c1"
424790,270501851,1455,317,5547809,124.395914615005,12,54,94,75,77,140,74,105,243,140,169,196,88,"r2c1"
84505,172062348,1667,317,5303118,132.36616413738,12,77,22,27,73,117,774,91,38,245,157,12,34,"r2c2AA"
320636,286800813,578,317,2227176,135.209810587664,12,47,48,23,29,86,37,106,50,36,51,26,39,"r2c2AA"
324737,289294365,241,317,1076134,152.319037508846,12,6,5,13,1,38,21,11,42,18,28,47,11,"r2c2AA"
134341,318567492,216,317,1063640,142.273943285179,12,7,4,11,3,43,18,7,21,13,22,48,19,"r2c2ABB"
2460,177611877,1160,317,4291806,155.134863545997,12,52,40,54,93,117,178,86,87,161,186,70,36,"r2c4"
11493,343791063,315,317,747379,122.440858453473,12,40,28,39,21,47,17,46,26,5,10,23,13,"r3c2"
8519,384276274,17,317,79485,102.165809768638,5,0,0,0,5,0,0,4,0,5,0,2,1,"r3c3"
116380,150303736,12762,316,41568272,113.006086869055,12,1099,902,833,1071,1086,1558,1100,817,1395,1018,1082,801,"r1c1"
120793,176577960,994,316,2932761,108.943573551263,12,18,41,256,325,50,69,64,27,53,50,24,17,"r2c1"
132159,178312446,1830,316,3964247,104.677642523303,12,126,102,198,287,127,202,164,132,131,124,134,103,"r2c1"
285452,199487983,2897,316,14660567,126.44415024365,12,172,96,181,370,222,237,357,168,327,195,333,239,"r2c1"
287015,199704744,3772,316,14598948,113.356430723359,12,216,336,532,405,272,228,326,311,265,287,328,266,"r2c1"
388819,222112416,902,316,2772354,123.771329077191,12,13,10,64,293,99,24,122,44,126,40,52,15,"r2c1"
64127,169315785,3293,316,9438827,113.866226747412,12,360,349,353,332,224,505,265,83,342,181,189,110,"r2c2AA"
85627,172171150,19343,316,102375636,151.221114546236,12,209,117,181,552,41,16588,174,64,1135,185,62,35,"r2c2AA"
322805,287632023,289,316,1365971,106.251633478531,12,22,18,14,10,18,21,38,20,16,51,20,41,"r2c2AA"
97359,175822028,2532,316,7425354,107.456534637704,12,163,217,303,207,223,329,178,182,200,202,164,164,"r2c2ABB"
