"cell_5km_scale","number_checklists","total_SR","total_duration","avg_duration","no_months","X6","X8","X7","X9","X11","X5","X10","X2","X3","X4","X1","X12","square"
15280589,1880,654,7306309,140.185134020223,12,100,247,243,238,235,198,371,46,35,96,36,35,"r3c2"
11765854,1774,602,7150190,137.242365496459,12,79,55,64,86,543,187,147,183,94,49,145,142,"r2c2ABB"
12054477,5743,598,17751700,143.525787699199,12,319,624,390,198,851,330,357,624,724,197,511,618,"r2c2ABA"
14696309,1559,588,7681481,162.7501377177,12,126,311,264,241,60,61,128,71,64,60,132,41,"r3c2"
15309455,1955,581,3772282,110.874467272139,12,96,302,258,348,257,130,305,24,23,104,62,46,"r3c2"
15222877,905,562,4192727,146.819588892391,12,226,114,206,74,82,39,96,13,3,16,10,26,"r3c2"
12999847,7600,554,28228772,139.132011119216,12,501,493,547,534,774,619,628,669,711,560,680,884,"r3c2"
13108125,3478,547,13550580,152.448979591837,12,161,238,321,83,571,39,260,367,416,212,406,404,"r3c2"
15273372,440,544,1442376,132.194665933462,12,27,28,26,55,43,80,50,7,21,37,19,47,"r3c2"
13570109,1176,543,1887823,108.776894266782,12,55,23,704,14,5,7,66,7,195,22,32,46,"r3c2"
11130542,9762,540,40047651,133.515757783875,12,362,462,552,254,926,533,685,1312,1478,716,1455,1027,"r2c2AA"
11238818,7238,540,29625552,130.930092367526,12,317,300,391,228,683,440,815,787,1034,447,883,913,"r2c2AA"
11361581,11535,528,38811062,129.19751265808,12,627,439,565,814,838,1053,1161,1345,1461,670,1510,1052,"r2c2ABA"
11152191,16034,525,43006356,142.072552005735,12,835,1099,1224,602,1008,1108,951,2204,1989,1291,2065,1658,"r2c2AA"
11246014,7538,525,32629825,142.231184670508,12,239,242,432,161,542,459,324,1238,1383,530,1154,834,"r2c2AA"
11130556,9580,524,34603137,126.71103714201,12,288,352,468,245,936,564,647,1344,1601,625,1345,1165,"r2c2AA"
15186779,252,520,1122717,148.389770023791,11,13,1,68,21,1,21,53,2,5,5,0,62,"r3c2"
7683924,12407,516,9753531,47.7370128916689,12,582,241,325,368,766,767,555,5707,897,1003,650,546,"r2c3"
11361582,6310,513,12794983,93.1526555276473,12,343,250,228,360,367,543,619,875,955,512,639,619,"r2c2ABA"
11080017,3215,512,9015040,114.105764119181,12,113,148,166,163,320,310,336,280,388,315,277,399,"r2c2AA"
11123324,5585,509,22364857,146.811720068007,12,251,248,314,227,370,350,348,795,750,471,875,586,"r2c2AA"
12169984,3052,508,9127984,104.380656153873,12,196,208,200,201,233,279,440,169,217,188,279,442,"r2c2ABB"
12357576,2065,506,7591182,147.024752091726,12,196,172,112,115,152,69,174,285,187,141,192,270,"r2c2ABA"
12148308,2253,503,7534498,149.66921594724,12,85,161,141,136,270,123,113,216,256,51,432,269,"r2c2ABA"
12054478,2280,501,5776815,101.472246618654,12,78,250,158,129,332,128,161,242,304,88,181,229,"r2c2ABA"
11939031,1903,500,5387158,139.596227099583,12,44,101,167,93,327,231,38,258,142,48,224,230,"r2c2ABB"
15323927,541,498,1529233,134.178555760288,12,38,86,18,45,52,66,72,43,9,22,30,60,"r3c2"
11080018,2729,496,11287075,140.192954999938,12,113,158,135,62,201,188,221,288,516,233,319,295,"r2c2AA"
11051155,4265,491,18660065,120.385186093172,12,166,154,108,136,396,269,264,565,613,340,615,639,"r2c2AA"
14075221,843,491,3521090,160.853814527181,12,123,93,66,51,106,69,113,60,38,20,66,38,"r3c2"
15280626,512,491,1913966,153.178551420568,12,35,116,86,34,17,31,49,39,15,18,65,7,"r3c2"
7676707,4462,490,5012803,65.2734221388856,12,237,226,245,305,201,485,265,1361,309,363,306,159,"r2c3"
15222898,714,490,1505368,106.034232584349,12,58,43,50,75,67,40,118,56,80,26,88,13,"r3c2"
15287806,752,490,1189588,93.6830997007403,12,35,72,101,114,72,103,155,13,17,25,15,30,"r3c2"
15107377,364,489,1249935,127.36244141023,7,0,17,49,83,23,25,166,0,0,1,0,0,"r3c2"
11123326,4102,488,13470749,124.53313303134,12,131,214,180,138,308,219,267,564,638,301,603,539,"r2c2AA"
12227735,3085,488,6381721,96.7836604082623,12,183,168,197,215,196,431,347,258,207,287,410,186,"r2c2ABB"
13064850,1276,488,3638510,135.59327718566,12,143,86,71,52,219,10,85,155,112,89,104,150,"r3c2"
13757804,232,482,623041,121.830465389128,12,3,3,5,31,4,3,10,56,3,1,60,53,"r3c2"
11419252,5371,480,10268069,77.8656773009578,12,305,349,349,346,385,519,593,554,488,338,661,484,"r2c2AA"
13079281,944,475,2096647,123.710585319802,12,36,60,30,46,103,41,53,173,158,40,129,75,"r3c2"
12083358,3229,474,13208849,160.629061679152,12,194,385,382,143,394,289,143,397,207,69,313,313,"r2c2ABA"
12915431,856,474,4000400,154.336419753086,12,91,56,213,57,62,52,37,82,46,31,41,88,"r2c3"
11238813,2026,473,4085114,84.6024520564967,12,89,106,162,98,158,103,235,245,323,104,249,154,"r2c2AA"
13663981,536,472,1729969,133.908893877235,12,65,9,133,45,44,108,23,7,11,6,62,23,"r3c2"
14638571,246,472,1555905,151.205539358601,9,25,19,37,38,4,39,48,0,8,28,0,0,"r3c2"
11130555,4733,471,12307671,108.32119659925,12,253,317,347,219,420,313,360,524,436,301,742,501,"r2c2AA"
13079282,563,471,1171734,126.033559212649,12,22,36,13,43,56,26,30,87,102,44,43,61,"r3c2"
11173859,2178,470,7043938,138.124556346452,12,100,93,113,95,234,167,162,253,295,135,252,279,"r2c2AA"
7842735,3253,469,8503925,127.832436413926,12,427,10,37,30,594,298,161,269,429,466,212,320,"r2c3"
12922648,560,469,2131075,131.231910831948,12,29,37,53,49,46,21,55,86,63,24,36,61,"r2c3"
11253231,3731,468,7693285,95.4442652440916,12,73,103,193,42,305,177,99,863,684,186,559,447,"r2c2AA"
14703526,538,467,1323659,113.142918198137,12,42,131,97,171,14,9,42,3,13,6,8,2,"r3c2"
11744202,887,465,4708315,173.431376160306,12,39,50,47,54,282,43,52,41,122,50,24,83,"r2c2ABB"
13072063,1292,465,3798193,154.329080492463,12,70,108,46,58,305,18,78,169,141,15,222,62,"r3c2"
15280590,337,464,380646,70.7126137841352,12,10,31,76,35,25,49,39,5,10,24,3,30,"r3c2"
15504389,282,464,1723468,181.781246703934,12,42,6,25,14,20,20,50,12,16,14,26,37,"r3c2"
6245029,45225,463,114187488,96.8356937146579,12,1924,2982,1566,6166,2755,8271,10674,1196,1933,3345,2192,2221,"r2c2ABB"
15215681,1356,463,1357882,63.3163293854332,12,64,103,129,93,140,109,71,62,132,56,365,32,"r3c2"
13180296,241,462,960780,149.584306398879,12,7,22,18,60,17,28,40,4,13,15,10,7,"r3c2"
8387941,20576,461,67757455,105.633677767766,12,293,449,286,644,3558,1564,1397,1646,1955,5457,1878,1449,"r2c1"
11339848,1700,461,3515329,114.88754166939,12,41,55,95,77,138,87,85,306,235,127,251,203,"r2c2AA"
12357579,3983,461,17842125,152.473337435266,12,236,205,192,218,478,360,362,596,343,294,351,348,"r2c2ABA"
12869975,1172,461,3694815,165.575397714542,12,23,52,66,14,41,178,98,99,51,182,206,162,"r2c2ABA"
14602474,206,461,795793,133.388032182367,6,25,46,34,49,32,0,20,0,0,0,0,0,"r3c2"
11144974,2785,459,8205353,141.269442005406,12,149,178,199,98,125,300,216,322,383,226,313,276,"r2c2AA"
12119487,916,458,2927057,147.043956596001,12,16,52,92,310,104,22,40,74,28,36,107,35,"r2c2ABB"
15201214,317,458,1902777,204.864018087855,12,21,25,31,88,48,13,58,2,7,5,3,16,"r3c2"
7110243,25076,457,87164408,118.739172545884,12,1393,1908,1361,2516,2365,2402,2466,1540,1736,2211,2954,2224,"r2c1"
11238814,2097,456,8854562,131.738830285808,12,91,76,85,98,225,169,377,246,214,130,190,196,"r2c2AA"
13093686,4451,456,10643323,129.488691526249,12,251,337,411,283,697,133,290,516,367,205,299,662,"r3c2"
11426469,3298,455,11564419,122.430513355283,12,148,130,134,89,153,201,192,586,541,161,616,347,"r2c2AA"
11383235,2901,455,8328687,127.531305985576,12,149,138,159,184,196,351,290,329,398,172,268,267,"r2c2ABA"
11744169,1411,455,5620368,162.928107606679,12,115,64,155,88,203,154,64,128,176,39,106,119,"r2c2ABA"
6252245,29047,455,85145958,105.452660468423,12,1107,1346,972,4900,2511,3732,8431,707,1411,1688,1303,939,"r2c2ABB"
12090597,958,455,6291682,180.613807951773,12,22,66,85,56,123,68,118,86,78,48,134,74,"r2c2ABB"
12992630,3680,454,10267819,110.456539512468,12,282,242,396,171,576,147,376,431,325,165,244,325,"r3c2"
12242167,1740,453,5476310,131.206813934544,12,82,112,125,80,201,168,291,127,135,67,171,181,"r2c2ABB"
13115340,1313,452,1979444,99.6498187676198,12,40,102,115,92,186,52,133,154,110,74,92,163,"r3c2"
11130554,4107,451,13698629,115.729158218437,12,171,251,229,207,318,302,415,631,496,230,504,353,"r2c2AA"
11455393,6191,451,11649830,101.594401325543,12,278,252,388,588,592,463,612,729,609,470,731,479,"r2c2AA"
11159420,1467,450,3386492,99.9112553473964,12,52,103,108,80,90,89,160,151,234,90,187,123,"r2c2AA"
11015283,7466,450,13821485,118.897562947861,12,340,401,412,309,656,271,293,1477,1067,270,768,1202,"r2c2ABB"
12769074,463,450,1885039,172.118243243243,12,3,9,27,2,63,54,19,58,40,30,122,36,"r2c2ABB"
12980426,1006,450,5182557,143.433992029226,12,122,121,181,61,66,62,63,67,35,29,66,133,"r2c3"
12083355,2316,449,13839494,171.622837584791,12,119,220,208,88,315,159,118,246,238,50,280,275,"r2c2ABA"
12227734,759,448,2150884,123.670883164673,12,43,88,29,50,47,123,77,39,73,77,88,25,"r2c2ABB"
11246031,1054,447,6334274,154.193622200584,12,51,68,54,27,113,98,187,89,121,86,77,83,"r2c2AA"
11953439,1017,447,4893063,173.932283520546,12,86,49,97,79,145,95,30,111,68,50,102,105,"r2c2ABA"
14176759,270,445,1395972,177.491671964399,12,36,20,11,22,29,29,35,20,5,5,39,19,"r3c2"
11008066,2736,443,5658743,113.442584499419,12,157,123,125,90,180,228,72,466,371,75,310,539,"r2c2ABB"
11130543,1123,442,3858900,126.467407334579,12,101,58,41,78,60,40,127,109,125,46,118,220,"r2c2AA"
11274881,1536,442,4336752,101.028560779015,12,74,93,82,129,149,126,219,152,153,63,132,164,"r2c2AA"
15186780,391,441,1129777,151.485250737463,11,3,77,28,65,77,13,112,0,2,8,5,1,"r3c2"
11130541,1221,440,3444374,93.3814287650807,12,32,49,46,48,104,117,260,121,138,47,122,137,"r2c2AA"
11152190,3145,440,3887057,93.1969166586746,12,187,355,221,228,260,235,275,300,324,185,327,248,"r2c2AA"
11123325,1737,439,4123098,126.498680738786,12,85,104,163,56,106,99,102,223,267,121,220,191,"r2c2AA"
12956543,927,438,2834368,136.418539731434,12,89,108,68,83,176,47,54,91,22,43,82,64,"r2c2ABA"
15396354,255,438,1158295,148.404228058937,9,1,38,57,92,33,20,5,0,0,6,0,3,"r3c2"
11989530,6532,437,5381124,74.048768405119,12,184,1162,754,1173,237,161,419,859,883,216,326,158,"r2c2ABA"
7803450,20124,436,49121898,112.662578066049,12,147,207,146,283,346,1851,529,485,1180,13938,516,496,"r2c1"
8387926,17367,435,107488561,162.387334252871,12,261,220,198,353,2795,689,648,2359,2458,2283,3029,2074,"r2c1"
11195515,922,435,4473886,121.210674613926,12,12,132,28,279,56,70,159,57,38,47,27,17,"r2c2AA"
11397691,976,435,7201595,172.924050328963,12,48,20,77,50,73,123,97,126,127,43,133,59,"r2c2ABA"
12040067,1097,435,4752682,158.243390823733,12,42,65,66,84,126,120,66,67,78,78,163,142,"r2c2ABB"
15280628,397,435,852502,117.101923076923,11,47,79,31,26,24,81,27,0,12,36,6,28,"r3c2"
11448176,3771,434,12306966,130.399410885896,12,162,138,223,383,368,288,339,366,554,264,415,271,"r2c2AA"
11080019,972,433,2488626,114.246247073406,12,78,30,34,57,95,141,86,73,130,68,87,93,"r2c2AA"
11390452,2553,433,3513271,85.7313567593948,12,99,111,97,136,287,277,412,254,247,154,230,249,"r2c2ABA"
11231599,1818,432,6588554,109.595522065306,12,59,110,71,130,162,129,286,105,179,133,219,235,"r2c2AA"
13750420,557,432,1983931,148.331289719626,12,4,36,33,48,88,8,82,59,22,39,81,57,"r3c2"
11440898,2782,431,8387086,112.882892098144,12,61,58,72,30,292,220,128,579,418,189,526,209,"r2c2AA"
11116109,1387,429,2153550,89.055909354065,12,86,110,103,32,117,76,113,139,215,115,132,149,"r2c2AA"
12530865,366,429,1562698,145.056901513042,12,6,23,42,24,14,58,51,49,11,9,54,25,"r2c2ABB"
10127323,9368,428,19173237,102.944107082454,12,134,188,145,321,2579,182,3440,243,237,220,392,1287,"r2c2AA"
11108915,2158,428,3658938,102.230672515437,12,77,156,135,107,216,97,275,177,251,167,357,143,"r2c2AA"
11144977,843,428,4527449,155.550367621796,12,46,18,24,21,31,39,94,311,91,75,21,72,"r2c2AA"
15230115,365,428,851740,118.412345335743,12,22,22,28,37,40,31,30,55,17,22,51,10,"r3c2"
11173854,1871,427,5109962,136.988955015817,12,48,98,99,44,150,113,147,293,300,109,281,189,"r2c2AA"
16170191,1165,427,2552001,113.583808082606,12,53,97,98,82,379,54,99,77,60,44,60,62,"r3c3"
11303769,1261,426,4636401,123.99778021449,12,46,66,42,62,103,106,127,207,128,60,186,128,"r2c2AA"
16955525,750,425,3588904,147.376149802891,12,34,58,87,89,173,47,117,25,30,5,9,76,"r3c2"
11376016,1515,424,6260095,120.141538402487,12,71,31,62,109,138,87,120,235,228,116,200,118,"r2c2ABA"
12985415,3100,424,8346870,113.969114394167,12,210,154,332,203,389,122,232,456,235,162,286,319,"r2c2ABA"
15230116,239,424,848316,146.438114966339,12,62,14,21,18,50,13,27,4,8,10,10,2,"r3c2"
9838655,6303,423,5915070,57.4473850337493,12,295,435,325,403,332,396,466,602,898,731,1006,414,"r2c2AA"
11123327,2628,423,3250094,71.5800902984253,12,133,187,187,152,179,239,251,218,260,175,390,257,"r2c2AA"
12985411,1842,423,8709466,160.973403567138,12,99,147,203,114,297,109,177,231,103,77,143,142,"r2c2ABA"
9019818,1992,423,9830766,145.234321677082,12,68,76,69,127,214,188,252,176,202,213,192,215,"r2c4"
15309456,431,423,566172,81.0206067544362,12,14,19,61,89,48,87,70,5,11,16,6,5,"r3c2"
17287434,4248,423,7692476,100.265585693617,12,404,332,412,242,237,635,161,337,458,564,303,163,"r3c2"
11166637,3252,422,4901562,75.5376412026692,12,137,157,179,129,268,142,233,530,489,198,458,332,"r2c2AA"
11325419,1096,422,5406078,161.05815408449,12,21,31,32,49,97,105,62,163,190,76,201,69,"r2c2AA"
11376017,1531,422,4493418,117.281810351578,12,93,32,83,61,122,76,167,207,256,117,170,147,"r2c2ABA"
14140188,605,422,1597666,121.12706595906,12,53,87,55,40,76,44,76,32,27,27,45,43,"r3c2"
11008065,1856,421,3818826,114.387479406919,12,113,100,137,67,126,121,76,322,221,81,285,207,"r2c2ABB"
12177181,951,420,3434836,136.460053235867,12,44,66,77,70,68,40,159,75,70,48,147,87,"r2c2ABA"
6987532,11997,419,17670192,71.9766353427102,12,708,898,826,1499,1129,878,1108,842,925,889,1355,940,"r2c1"
8146159,1140,419,3163631,111.761437100364,12,8,3,1,27,153,19,31,132,220,107,137,302,"r2c4"
14132971,488,419,1679028,153.743063821994,12,44,64,54,38,63,41,46,18,17,16,40,47,"r3c2"
11181076,1232,418,4367359,160.812983283011,12,105,81,69,48,98,65,140,145,143,64,148,126,"r2c2AA"
8254373,505,418,1765045,141.645534066287,10,0,0,3,6,23,29,10,58,127,136,42,71,"r2c4"
17280193,709,418,3227708,155.058993082244,12,28,74,118,92,90,24,115,65,15,6,47,35,"r3c2"
11361502,848,417,2140780,107.668862847659,12,30,41,41,49,53,43,100,117,148,27,73,126,"r2c2AA"
11397692,2406,417,3599388,74.269313304721,12,115,97,167,111,174,229,217,290,354,163,352,137,"r2c2ABA"
13173077,682,417,1969033,116.105489710478,12,20,109,94,48,30,43,102,71,21,8,33,103,"r3c2"
11087251,1967,416,7672247,126.642352513948,12,171,106,197,94,158,99,217,163,174,149,255,184,"r2c2AA"
11419267,824,416,1402439,94.8234617985125,12,50,57,31,30,121,47,100,37,167,70,88,26,"r2c2AA"
12083356,2707,416,11660468,137.67273929419,12,137,167,146,136,330,390,322,193,256,160,247,223,"r2c2ABA"
9961332,7855,415,25690223,107.96615632893,12,404,452,406,517,511,686,494,854,983,769,1132,647,"r2c2AA"
11368799,1901,415,6330091,149.746664458743,12,119,37,107,188,157,125,180,265,256,106,176,185,"r2c2ABA"
11253247,937,414,3210330,144.942435324394,12,48,30,65,26,29,75,37,121,209,83,114,100,"r2c2AA"
11368800,3619,414,6616271,101.369271782929,12,290,138,261,410,374,207,525,344,262,276,293,239,"r2c2ABA"
11181063,1720,413,5975713,114.413697371192,12,61,187,96,82,99,160,171,208,180,138,148,190,"r2c2AA"
12234947,762,413,1386551,111.701522597277,12,36,49,85,56,92,69,48,43,35,132,56,61,"r2c2ABB"
17272973,808,413,2837787,139.34628038301,12,40,65,50,135,97,34,173,10,16,19,7,162,"r3c2"
12992631,1921,412,7095702,149.688880450604,12,158,160,202,118,275,84,200,161,127,76,167,193,"r3c2"
15121815,203,412,834010,136.076031979116,11,15,15,22,48,12,25,30,1,0,20,5,10,"r3c2"
9838656,3520,411,10494893,109.719535399155,12,141,223,206,109,187,184,143,520,610,321,583,293,"r2c2AA"
11166630,622,411,2787238,128.455986726887,12,23,57,22,44,38,66,45,118,46,31,52,80,"r2c2AA"
12249676,554,411,1454893,127.020516850009,12,5,4,16,59,49,6,104,74,51,10,86,90,"r2c2ABB"
13586736,718,411,4321274,107.636286646574,12,34,55,38,62,62,55,62,86,74,58,86,46,"r3c3"
11238812,1918,410,2687139,81.8476135359873,12,122,102,95,119,137,176,215,244,211,102,282,113,"r2c2AA"
11246032,727,410,2845203,141.411679920477,12,34,51,36,23,71,56,109,48,151,81,30,37,"r2c2AA"
14003037,493,410,1997411,156.243038172716,12,57,44,39,27,76,44,65,44,16,21,25,35,"r3c2"
5984727,12566,408,15320262,75.2376279926335,12,644,667,767,720,1039,2006,671,1228,1160,1458,1371,835,"r2c1"
6136272,14195,408,14086894,67.1248778953688,12,930,973,898,1413,1492,1558,1565,825,1029,1694,904,914,"r2c1"
15186775,59,407,237370,148.634940513463,7,5,12,27,6,3,0,5,0,0,1,0,0,"r3c2"
8099279,10629,406,17380573,68.520792102628,12,273,407,298,524,844,802,586,1297,1266,2656,989,687,"r2c1"
9333165,1726,406,4156338,103.527984656388,12,49,20,59,48,184,52,110,246,231,133,336,258,"r2c1"
11253266,1169,406,2548015,108.476946655881,12,32,101,45,104,68,58,291,97,82,45,125,121,"r2c2AA"
11318201,1634,406,1947478,76.2550608872704,12,39,170,69,108,121,124,161,151,186,119,253,133,"r2c2AA"
11895715,1293,406,5245562,158.538459213588,12,118,87,118,60,181,114,83,145,105,47,111,124,"r2c2ABA"
6245028,16387,405,23741271,74.5553953987903,12,464,716,383,2448,911,3304,3903,496,684,1054,1139,885,"r2c2ABB"
8579704,5060,405,13592875,113.290007751098,12,37,46,40,144,891,94,661,371,422,364,573,1417,"r2c4"
14580714,143,405,537371,133.707638716099,7,24,10,48,34,0,2,17,0,8,0,0,0,"r3c2"
11246035,682,404,4238105,132.291952803097,12,57,19,56,28,51,70,86,39,93,48,67,68,"r2c2AA"
12603013,419,404,1562726,135.936499652053,12,20,11,30,19,9,79,24,44,93,53,14,23,"r2c2ABB"
11159408,1430,403,5169304,138.844081544949,12,37,86,86,75,87,151,113,203,175,137,152,128,"r2c2AA"
11246029,1176,403,2766600,107.809212064531,12,68,65,85,63,124,95,141,125,134,72,82,122,"r2c2AA"
12242168,1265,403,1930846,99.8420807694297,12,47,33,44,57,111,273,96,91,104,70,160,179,"r2c2ABB"
12761858,289,403,1524266,148.636372501219,12,9,20,8,5,50,25,14,37,23,17,55,26,"r2c2ABB"
13086478,278,403,1219667,165.96366852633,10,0,6,29,9,9,0,16,17,1,4,162,25,"r3c2"
6713399,10433,402,46570641,136.14399726371,12,511,677,706,825,898,887,895,903,1085,1094,1068,884,"r2c1"
9954115,6394,402,8884507,66.9977678739754,12,378,422,416,481,340,459,726,502,623,771,829,447,"r2c2AA"
12032831,745,402,3825529,153.598691078455,12,43,78,93,44,51,80,81,38,67,50,64,56,"r2c2ABA"
12487575,1259,402,3429441,119.893756118025,12,73,70,77,105,116,132,171,78,185,77,62,113,"r2c2ABB"
7805829,5204,402,24903090,130.198619752183,12,268,299,368,360,314,412,424,296,1215,735,291,222,"r2c3"
8395157,8062,401,6572756,56.4917274750965,12,53,103,39,264,1714,494,585,356,637,3024,441,352,"r2c1"
14003035,1031,401,1753800,124.506602300156,12,87,139,96,55,139,64,123,93,55,42,84,54,"r3c2"
15331105,2446,401,3166338,93.9398920073577,12,190,281,250,419,240,238,459,80,49,100,90,50,"r3c2"
8380702,13469,400,32753717,120.337557222741,12,182,165,140,300,2614,472,553,1709,1780,1641,1980,1933,"r2c1"
8395139,10262,400,49598270,156.510298168829,12,155,80,70,130,1301,304,298,1744,1644,1141,2048,1347,"r2c1"
11491522,2112,400,5370382,118.155020681158,12,56,92,189,254,247,154,148,212,146,167,242,205,"r2c2ABA"
12162742,844,400,1980382,120.117789773761,12,59,64,64,43,87,75,81,69,95,48,69,90,"r2c2ABA"
11469763,1278,399,2457200,92.3933070125964,12,46,65,75,70,116,115,152,130,144,87,128,150,"r2c2AA"
12963760,1020,399,7997425,198.402962117641,12,57,98,80,97,133,35,92,116,58,67,80,107,"r2c2ABA"
12992632,2531,399,7253751,137.96696211199,12,125,224,285,144,323,132,204,362,201,102,199,230,"r3c2"
6431835,14917,398,21491055,78.3281639525899,12,1072,1392,1086,1515,1298,1363,1422,906,923,1304,1334,1302,"r2c1"
7861173,10386,398,26032792,101.422379099023,12,169,332,203,763,513,957,768,382,1345,4232,396,326,"r2c1"
5761314,27489,398,80974866,118.493965907046,12,1644,2395,1677,3314,1977,5655,2526,999,1680,3146,1217,1259,"r2c2AA"
11181079,1166,398,4876315,142.394948167616,12,65,106,42,105,113,99,244,49,46,98,91,108,"r2c2AA"
13168010,831,398,2701011,132.253390784899,12,124,58,221,114,71,26,40,28,31,6,23,89,"r3c3"
11224382,1318,397,3199571,101.425569010334,12,59,90,47,54,138,102,141,119,108,147,206,107,"r2c2AA"
11440892,1324,397,4818809,109.08699687599,12,122,60,100,16,47,109,123,169,193,91,175,119,"r2c2AA"
10957568,3280,397,7133972,96.8671093187774,12,125,192,196,230,344,141,457,456,328,108,328,375,"r2c2ABB"
16955490,1325,397,5497613,141.054855676716,12,95,103,259,163,133,49,346,24,9,23,23,98,"r3c2"
6359980,6338,396,10096859,73.781560563545,12,254,264,211,327,676,650,530,558,589,706,1121,452,"r2c1"
7911682,6448,396,10352972,90.9903410938557,12,70,252,102,443,235,651,680,155,650,2575,292,343,"r2c1"
9838658,4482,396,11261369,90.0203760251962,12,167,122,102,139,334,348,217,690,949,286,627,501,"r2c2AA"
15316671,1314,396,1275107,80.1802804502295,12,87,177,151,268,161,70,269,15,14,47,27,28,"r3c2"
12097789,1519,395,8833406,152.176787775423,12,66,49,134,79,188,204,164,109,125,96,135,170,"r2c2ABA"
11238828,162,394,1125898,157.66671334547,12,15,6,8,2,28,6,46,7,14,9,17,4,"r2c2AA"
11318192,1511,394,2480254,132.421462893753,12,85,96,95,78,112,70,74,197,195,133,194,182,"r2c2AA"
12090575,1088,394,2835121,135.710162270834,12,47,62,67,55,314,128,71,75,79,69,56,65,"r2c2ABA"
12191617,698,394,3033440,142.756835615794,12,34,17,47,37,18,82,114,81,69,68,56,75,"r2c2ABA"
10979202,679,394,1665384,125.386538171962,12,21,24,51,28,64,33,21,109,101,29,127,71,"r2c2ABB"
9004699,5098,394,2661438,43.1505236875385,12,79,73,12,166,91,137,89,1354,1322,339,896,540,"r2c3"
8673463,6407,394,5886874,36.8397028730201,12,276,403,322,603,437,799,1029,345,398,700,490,605,"r2c4"
15230112,500,394,689223,93.6953507340946,12,60,59,48,35,49,72,37,21,22,45,29,23,"r3c2"
6626683,18084,393,20845095,68.3622807218919,12,720,1431,748,3634,1341,1005,2645,1267,1189,927,1771,1406,"r2c1"
8283212,610,393,902518,67.432606096832,12,55,10,28,21,52,31,40,66,60,22,105,120,"r2c4"
14003034,1293,393,2731104,138.599543263131,12,149,118,193,72,174,56,213,133,37,41,67,40,"r3c2"
8092052,3472,392,8967101,101.866462943609,12,90,174,256,578,361,149,362,290,260,536,251,165,"r2c1"
11310984,556,392,1265985,111.481595632265,12,18,32,34,35,40,36,76,47,74,53,60,51,"r2c2AA"
11426484,675,392,835109,79.0074739829707,12,34,41,47,27,67,48,83,27,147,51,71,32,"r2c2AA"
12227730,453,392,824400,98.2598331346841,12,3,1,5,32,35,66,20,41,33,27,109,81,"r2c2ABB"
13757745,171,392,480680,143.14472900536,11,14,14,28,13,11,16,12,8,10,6,39,0,"r3c2"
7168087,11289,391,64633515,141.09872225606,12,396,594,349,705,1166,671,1087,1399,1423,881,1477,1141,"r2c1"
11303767,1565,391,4400337,107.356714160242,12,30,60,44,34,92,64,92,318,336,88,309,98,"r2c2AA"
12985414,2482,391,8123074,163.199140113312,12,165,203,298,183,412,93,197,308,126,135,201,161,"r2c2ABA"
15230114,278,391,604801,113.556327450244,12,61,9,55,10,9,26,38,23,24,8,3,12,"r3c2"
6987533,11094,390,22524831,83.2452436212045,12,624,763,741,1023,969,768,1074,986,812,823,1525,986,"r2c1"
11310975,2028,390,1739024,84.2795386255694,12,142,98,127,76,180,104,80,257,296,172,263,233,"r2c2AA"
7662266,654,390,1895061,100.416543026706,12,9,6,7,18,121,3,41,171,27,8,160,83,"r2c3"
6071320,10719,389,22874047,99.1562029936667,12,1150,591,614,714,752,1629,857,555,974,1416,749,718,"r2c1"
7269017,14055,389,24854351,76.0814096932481,12,678,1012,928,1318,1415,893,1360,1771,1176,929,1429,1146,"r2c1"
12300018,434,389,1272706,129.722352461523,11,1,15,0,4,78,32,17,81,34,24,72,76,"r2c2ABB"
7297885,12443,388,17800216,72.9146499320018,12,590,929,480,1495,970,826,966,1804,1059,955,1548,821,"r2c1"
11910175,1312,388,4813947,165.399312832847,12,93,94,94,96,197,78,123,67,83,90,121,176,"r2c2ABB"
12249384,1745,388,1711242,80.1443424503559,12,135,104,127,126,148,241,205,66,99,256,107,131,"r2c2ABB"
10343844,1477,387,3687300,107.188953488372,12,135,30,115,92,67,163,148,161,203,106,171,86,"r2c2AA"
11491414,1685,387,2447177,82.3300026914278,12,58,116,310,27,94,26,59,188,409,73,182,143,"r2c2AA"
12300017,496,387,797635,113.043509070295,11,0,29,10,1,63,45,8,107,33,20,58,122,"r2c2ABB"
7770537,837,387,1757174,77.9891704762327,12,34,104,53,112,34,34,75,132,43,48,79,89,"r2c3"
7478408,9688,386,42270818,140.409887959927,12,180,681,405,282,656,824,334,1239,1597,1487,1199,804,"r2c1"
12761857,392,386,1006050,125.960936521848,12,3,19,10,2,57,22,8,49,24,64,108,26,"r2c2ABB"
13057626,340,386,1286917,147.43006071715,12,13,23,9,28,32,17,46,37,25,46,27,37,"r3c2"
9946899,9010,385,5177508,53.0026206953032,12,680,527,571,676,725,808,885,844,762,802,1052,678,"r2c2AA"
11072795,668,385,2147979,148.927338279138,12,52,48,45,70,46,87,35,59,42,68,46,70,"r2c2AA"
11152203,571,385,1195882,98.3213023102853,12,28,39,51,22,37,55,51,58,61,38,67,64,"r2c2AA"
11267664,786,385,1596625,108.216415887217,12,39,102,35,30,81,53,48,74,86,46,75,117,"r2c2AA"
12364796,1243,385,4203485,134.554577464789,12,49,136,136,61,119,115,84,157,130,79,89,88,"r2c2ABA"
11347154,2192,384,3267596,92.9033321960651,12,162,70,113,140,181,109,380,231,249,79,260,218,"r2c2ABA"
12220478,980,384,2900817,128.976790716287,12,38,65,46,60,107,73,186,68,77,77,77,106,"r2c2ABA"
12372012,620,384,1753829,127.208892434902,12,53,16,23,4,39,108,44,82,62,56,98,35,"r2c2ABA"
8210783,2209,384,9458609,110.289044098785,12,17,54,32,90,144,39,913,218,284,73,171,174,"r2c3"
12908214,415,384,1539698,147.381832104911,12,60,41,121,15,16,18,19,24,25,26,17,33,"r2c3"
6150700,9542,383,9461944,66.7688269165632,12,539,727,631,1088,1026,1423,900,277,567,1266,579,519,"r2c1"
8092053,1576,383,4876614,106.462341178012,12,30,75,28,185,138,133,104,99,128,420,140,96,"r2c1"
11224383,552,383,2764522,154.892536978933,12,24,31,26,54,47,60,64,54,57,25,81,29,"r2c2AA"
11426480,1508,383,3920860,82.9022095358917,12,112,102,91,115,108,172,167,90,148,152,143,108,"r2c2AA"
9925254,3235,382,6761861,82.1331867651346,12,177,234,151,314,192,288,360,314,315,318,414,158,"r2c2AA"
11137761,575,382,1977058,140.336314593981,12,24,20,20,29,39,22,42,123,88,46,39,83,"r2c2AA"
11144973,1217,382,3231219,113.4159003159,12,62,105,96,82,65,134,199,129,71,84,89,101,"r2c2AA"
8254290,884,382,1665803,140.183707817891,12,22,23,8,2,64,66,72,81,232,203,49,62,"r2c3"
12980423,374,382,1832712,143.371039662051,12,51,46,75,16,51,32,27,23,6,11,17,19,"r2c3"
11217164,1142,381,3310696,103.210898774823,12,94,77,95,82,118,98,126,127,110,40,99,76,"r2c2AA"
11383237,2855,381,3655994,65.5090397606121,12,158,125,165,304,242,220,373,214,283,164,400,207,"r2c2ABA"
11440963,1199,381,2750564,100.756950804059,12,36,37,107,53,82,171,147,139,136,92,111,88,"r2c2ABA"
10664648,29552,381,19508912,39.3354181662745,12,1970,1958,2062,1856,2262,2199,3770,3724,2646,2204,2587,2314,"r2c3"
13721546,1069,381,2423115,122.385726551846,12,14,120,22,31,171,26,157,130,74,80,131,113,"r3c2"
12999931,120,380,655728,157.551177318597,9,0,0,13,0,7,10,15,10,12,3,46,4,"r3c2"
6568950,19043,379,25899570,75.4473607550687,12,820,1256,1109,2953,1765,1291,2787,1347,1323,1185,1735,1472,"r2c1"
6619466,11682,379,16795065,64.3602512320179,12,165,336,262,799,4668,440,1118,403,461,342,521,2167,"r2c1"
8048765,3416,379,9184628,113.688022973709,12,23,24,17,126,183,77,75,476,781,911,449,274,"r2c1"
8099280,6350,379,3961439,49.3071992233203,12,122,161,117,402,361,496,329,812,988,1778,529,255,"r2c1"
13187530,358,379,686199,124.990710382514,11,9,16,24,16,21,58,16,60,4,0,14,120,"r3c2"
15287805,346,379,1129237,127.640669153385,12,11,26,19,55,33,37,67,22,30,13,20,13,"r3c2"
7796231,4467,378,7619618,80.8027444617652,12,78,131,86,126,270,383,258,241,374,1886,323,311,"r2c1"
8135360,3571,378,3870581,62.6814736842105,12,58,75,65,162,249,409,185,241,329,1426,226,146,"r2c1"
5761399,10632,378,31147601,120.553314600653,12,222,375,205,930,242,6699,504,146,253,741,134,181,"r2c2AA"
12393663,552,378,2310496,161.663588021271,12,23,38,45,21,49,39,40,91,61,19,68,58,"r2c2ABA"
12797812,578,378,778431,96.2094920281795,12,6,33,10,16,115,36,13,103,68,18,101,59,"r2c2ABA"
8615772,2961,378,6403017,98.5382733148661,12,50,76,102,214,338,166,340,293,298,295,452,337,"r2c4"
13736160,596,378,1242494,109.722182974214,12,47,44,102,54,36,54,84,15,14,90,12,44,"r3c2"
17280217,756,378,884782,84.3694097453991,12,55,68,57,60,42,153,55,47,73,69,55,22,"r3c2"
5933892,12619,377,29954513,92.857161013928,12,598,961,534,1522,858,755,1340,1173,991,1484,1398,1005,"r2c1"
7695143,7817,377,23915660,119.858769520678,12,273,842,548,811,756,585,677,505,712,723,634,751,"r2c1"
11209948,468,377,1016600,111.505977843589,12,31,15,11,28,134,40,55,16,27,28,45,38,"r2c2AA"
15273413,152,377,466053,148.519120458891,10,0,8,1,18,45,2,22,4,0,17,13,22,"r3c2"
6150701,8727,376,8632133,69.3260490703931,12,219,770,309,1658,1027,777,1162,325,518,834,627,501,"r2c1"
7839526,7074,376,6291850,54.18590030659,12,248,305,295,318,413,593,432,399,704,2381,589,397,"r2c1"
8380715,4899,376,7866757,90.1127962519617,12,120,159,105,238,1357,267,239,440,653,546,416,359,"r2c1"
9528175,2574,376,10812599,127.154689245605,12,155,250,113,203,172,381,171,206,251,337,198,137,"r2c1"
11260483,681,376,2366433,131.944967939783,12,23,31,24,74,48,44,256,36,23,26,42,54,"r2c2AA"
11440888,791,376,2338063,124.876515515676,12,43,48,56,24,46,42,17,112,90,67,149,97,"r2c2AA"
11383236,11144,376,3940156,31.1464933915133,12,741,914,1048,990,802,1306,1140,649,838,945,1013,758,"r2c2ABA"
11556477,404,376,1325069,164.830078367956,12,10,40,3,67,8,24,14,86,68,50,31,3,"r2c2ABA"
12090574,1586,376,2324273,95.2961459614596,12,91,70,99,65,181,291,137,129,113,124,170,116,"r2c2ABA"
14746783,233,376,277813,85.3496159754224,10,14,11,68,90,1,6,30,1,0,5,7,0,"r3c2"
15215682,252,376,378811,94.0677924012913,12,18,6,23,27,36,26,16,23,45,22,6,4,"r3c2"
5978038,11691,375,38915222,120.512650427049,12,964,1757,1324,1184,804,1700,825,523,654,782,574,600,"r2c2ABB"
13606195,361,375,775593,105.26506514658,10,9,0,217,15,0,15,36,10,32,8,17,2,"r3c2"
11246036,360,374,2402914,146.644330526059,12,16,18,26,57,54,5,20,20,57,26,44,17,"r2c2AA"
11310985,1037,374,3164810,120.545821589091,12,18,20,32,14,25,69,57,207,266,54,224,51,"r2c2AA"
12350362,1445,374,6487076,149.093909446104,12,121,122,87,102,150,90,69,200,92,68,152,192,"r2c2ABA"
12169983,1346,374,3043634,75.3878582220791,12,87,61,65,82,75,199,264,100,61,73,129,150,"r2c2ABB"
7387976,615,374,1399259,100.521479885057,12,3,49,3,56,30,12,44,212,66,13,52,75,"r2c3"
17150330,745,374,2834141,137.067321178121,12,66,104,77,75,97,65,60,54,26,34,25,62,"r3c2"
6439051,25228,373,35428007,80.1925067962615,12,1402,1759,1114,3115,1631,2383,2995,2019,2365,2323,2156,1966,"r2c1"
11238797,2446,373,3979259,83.6945840782417,12,80,130,122,46,157,149,91,449,431,228,370,193,"r2c2AA"
11274920,859,373,1710404,109.74680782804,12,16,19,36,68,102,23,200,68,73,67,86,101,"r2c2AA"
11448127,1158,373,6754352,139.821392344795,12,61,24,34,27,110,147,135,124,157,162,74,103,"r2c2AA"
5985252,5410,373,10073242,97.1345560441256,12,204,233,180,249,551,368,367,790,433,317,1106,612,"r2c2ABB"
8348717,5955,373,2863740,48.3568328802283,11,66,148,102,446,27,132,1181,0,212,3580,1,60,"r2c4"
6064103,9491,372,5251370,49.3299453284987,12,381,593,452,650,717,1083,683,687,804,1459,1044,938,"r2c1"
7088793,7313,372,6871223,63.1790121186487,12,164,199,270,179,1182,614,609,644,708,913,886,945,"r2c1"
7117463,18188,372,71300060,115.040732129575,12,1235,1761,1469,1963,1333,1684,1430,1213,1305,1937,1590,1268,"r2c1"
9932455,2961,372,8350817,110.440090459439,12,86,67,39,78,165,227,155,348,426,224,509,637,"r2c2AA"
11173847,1043,372,2396149,118.229091626782,12,29,48,54,30,81,62,57,189,154,72,124,143,"r2c2AA"
11505957,751,372,3782963,162.582215918859,12,32,59,70,71,49,59,53,73,92,42,79,72,"r2c2ABA"
5877029,9540,372,22328699,112.553489966378,12,487,748,505,733,995,1264,747,746,648,929,1083,655,"r2c2ABB"
11116463,3202,372,3956522,78.0933601768514,12,270,248,277,295,185,433,320,191,284,257,183,259,"r2c2ABB"
12249383,1444,372,1837219,84.7074092858131,12,39,39,41,218,144,220,172,85,105,87,86,208,"r2c2ABB"
6641115,4903,371,11503797,91.9487255317278,12,267,382,279,833,399,364,695,298,344,298,415,329,"r2c1"
7276233,5367,371,7374886,87.1715325878821,12,251,267,148,1037,339,447,971,445,400,451,320,291,"r2c1"
15894336,1134,371,4845207,120.500559576214,11,38,137,414,297,3,6,219,0,9,2,2,7,"r3c2"
6424617,7912,370,31907909,135.402665795325,12,484,713,455,1163,633,495,1290,529,614,488,528,520,"r2c1"
8373504,4579,370,5808075,77.0956116597643,12,166,29,50,76,700,158,163,665,570,722,720,560,"r2c1"
11260447,758,370,1293083,96.6574226341755,12,26,37,33,12,90,59,38,96,160,26,109,72,"r2c2AA"
11996748,902,370,1177130,105.072748370972,12,78,96,66,108,73,46,54,83,116,30,94,58,"r2c2ABA"
12978194,761,370,3148340,155.634979484898,12,25,43,58,72,61,32,37,92,25,60,106,150,"r2c2ABA"
8225426,907,370,2099664,138.719873150106,12,15,4,3,11,75,169,83,59,118,285,42,43,"r2c3"
10426949,1769,370,3187556,110.479550811036,12,109,74,28,63,80,70,60,522,204,44,344,171,"r2c4"
16148527,336,370,1014136,112.419465691165,12,28,9,36,53,67,16,43,28,19,5,16,16,"r3c3"
6085759,4728,369,12157041,116.946351270754,12,261,451,223,825,280,501,468,392,338,360,371,258,"r2c1"
10199528,1630,369,6394423,140.951880262752,12,29,32,23,52,92,99,118,336,367,86,264,132,"r2c2AA"
11246013,1142,369,2846067,83.041081901205,12,39,49,27,92,96,53,81,149,123,61,194,178,"r2c2AA"
11383167,321,369,1290677,131.233045246568,12,5,7,17,8,39,18,24,11,153,20,6,13,"r2c2AA"
12227736,762,369,1465326,64.5432762190019,12,63,61,65,48,86,161,31,25,43,85,48,46,"r2c2ABB"
8045124,433,369,461126,87.2518448438978,11,24,0,5,2,26,121,35,21,117,68,2,12,"r2c4"
17974539,1186,369,2472008,103.163675820048,12,14,60,75,96,184,26,251,167,46,14,143,110,"r3c3"
7139211,5406,368,25078994,124.567220817667,12,155,651,340,538,600,356,594,228,409,556,533,446,"r2c1"
7781809,5495,368,26770889,162.415148941333,12,30,133,40,234,136,536,705,93,410,3010,105,63,"r2c1"
9181615,1780,368,3285596,81.7292107161513,12,20,15,8,26,104,73,58,258,372,103,507,236,"r2c1"
9918042,1562,368,3343459,87.7986134817888,12,111,61,122,67,113,139,100,206,166,157,172,148,"r2c2AA"
9932467,2145,368,3373598,66.6890307786585,12,135,151,121,263,141,131,252,180,146,174,219,232,"r2c2AA"
11051143,323,368,2091109,151.419913106445,12,6,26,9,6,14,55,26,42,51,30,22,36,"r2c2AA"
12617445,383,368,2021273,152.364917835067,12,9,30,10,10,18,66,35,23,53,59,25,45,"r2c2ABB"
11732001,260,368,1257429,126.247891566265,12,16,20,10,9,51,14,10,53,24,5,11,37,"r2c3"
8120924,3945,367,3602476,52.0747047514419,12,257,249,220,316,385,279,320,389,392,440,372,326,"r2c1"
10004597,1639,367,2450166,84.6607235409972,12,65,73,45,132,104,160,422,90,69,179,192,108,"r2c1"
12790728,263,367,809298,139.078535830899,10,0,2,28,0,73,57,11,22,5,3,42,20,"r2c2ABB"
6006901,4887,366,11345060,116.894306262493,12,179,254,180,600,503,669,519,329,323,427,397,507,"r2c2ABB"
12307236,409,366,1493765,144.464700193424,12,1,17,3,10,59,15,5,93,61,16,51,78,"r2c2ABB"
7669491,5430,366,8115315,55.5645591980938,12,465,404,414,366,426,441,421,508,547,496,500,442,"r2c3"
13642142,1995,366,6014632,141.165348416927,12,12,186,87,44,303,45,319,204,249,84,236,226,"r3c2"
6078537,9706,365,10337317,62.3052726111118,12,706,730,635,673,851,1150,752,741,790,1109,846,723,"r2c1"
9982967,1957,365,4144502,85.6886306779416,12,82,98,56,186,98,265,216,252,167,165,198,174,"r2c2AA"
11267701,668,365,1252775,102.973450600033,12,11,37,34,73,45,33,120,64,63,42,64,82,"r2c2AA"
11412035,1141,365,3363912,87.9109368874951,12,54,110,53,111,92,119,179,72,81,76,106,88,"r2c2AA"
11440889,859,365,2663500,118.330445599538,12,35,59,69,57,98,45,65,90,96,30,141,74,"r2c2AA"
12112233,489,365,1127783,113.345025125628,12,13,25,16,19,32,157,30,19,25,38,83,32,"r2c2ABA"
12299848,961,365,7727587,170.643413933974,12,67,87,93,64,109,57,68,114,75,46,107,74,"r2c2ABA"
7835516,1615,365,1500395,80.7749663526245,12,493,35,40,57,300,92,32,154,138,120,75,79,"r2c3"
7994251,1057,365,7588061,151.852331398839,12,5,15,22,22,193,5,151,154,94,59,144,193,"r2c3"
9297367,2032,364,2369073,61.4051735310127,12,35,28,23,115,294,108,137,247,221,279,368,177,"r2c1"
9975717,918,364,2250976,131.682227682228,12,44,65,44,57,46,68,68,88,112,152,106,68,"r2c1"
14689093,139,364,342774,119.851048951049,11,8,56,22,27,2,4,4,9,2,0,3,2,"r3c2"
7868389,2183,363,4437284,95.2636166512806,12,87,86,68,146,187,139,216,126,269,487,206,166,"r2c1"
11448120,1195,363,3404632,90.7901866666667,12,50,46,42,44,120,65,89,190,115,77,216,141,"r2c2AA"
12595795,317,363,822591,132.121908127208,12,44,16,6,12,12,72,28,10,44,64,1,8,"r2c2ABB"
7828298,1619,363,2567073,115.110219272678,12,231,46,21,58,289,85,160,108,230,173,79,139,"r2c3"
7987034,865,363,6068214,136.927454475709,12,27,48,62,60,128,22,79,82,76,59,69,153,"r2c3"
6482348,17120,362,20732845,68.7711293767995,12,530,2083,1372,2858,1449,995,1961,1268,1098,761,1584,1161,"r2c1"
11209938,5198,362,4638334,55.2570734206169,12,280,453,361,637,395,344,561,421,417,419,531,379,"r2c2AA"
5631698,10605,362,11922346,85.6502679636202,12,809,799,546,1069,952,1490,1051,769,726,838,745,811,"r2c2ABB"
9603631,1502,362,8891540,149.969471571455,12,44,56,44,115,220,33,257,187,156,34,166,190,"r2c3"
8247157,295,362,602202,122.051479529793,10,1,2,0,0,36,4,45,62,35,9,81,20,"r2c4"
8312123,585,362,914605,73.5213022508039,12,4,34,5,58,50,24,69,53,81,109,61,37,"r2c4"
14169058,286,362,760961,147.074023965984,12,12,13,9,22,60,13,22,20,12,71,27,5,"r3c2"
10675857,1101,361,2055757,101.629276250742,12,8,20,26,48,86,163,218,113,166,171,33,49,"r2c2AA"
6418218,13774,361,15010802,68.5008738985,12,619,924,702,1673,1725,1927,1238,874,874,1252,959,1007,"r2c2ABA"
8037686,473,361,896420,105.238318854191,12,33,9,11,13,92,56,72,22,33,36,33,63,"r2c3"
15915987,728,361,3581269,147.237964066933,12,49,182,154,115,14,17,138,5,15,14,18,7,"r3c2"
6446267,8683,360,11127432,71.0024438644963,12,534,520,541,754,570,777,921,726,681,819,928,912,"r2c1"
6958799,4894,360,11700322,98.763564844515,12,323,393,383,388,416,423,455,289,366,515,573,370,"r2c1"
7016408,8434,360,17486152,84.058743504324,12,411,834,744,927,701,595,944,573,659,480,915,651,"r2c1"
9932454,1920,360,5960105,134.527469302997,12,95,91,52,38,133,174,95,198,228,174,336,306,"r2c2AA"
7835490,1195,360,4758032,116.25939500562,12,114,113,101,71,130,30,129,103,68,36,149,151,"r2c3"
9625283,1450,360,5724623,125.782716646159,12,78,18,33,38,169,97,170,240,117,114,174,202,"r2c3"
15049683,248,360,452776,102.856883234893,4,0,0,0,91,32,4,121,0,0,0,0,0,"r3c2"
10011862,1462,359,4972089,117.09502614102,12,44,140,74,56,58,158,109,189,223,53,164,194,"r2c2AA"
11282099,1170,359,1871104,75.3110887502516,12,50,101,37,149,89,131,226,64,95,66,47,115,"r2c2AA"
11469761,915,359,4584298,141.020610311308,12,19,80,34,15,58,45,29,133,217,41,67,177,"r2c2AA"
5494445,10154,359,20419755,113.729935503993,12,566,571,496,884,596,2091,828,507,820,1261,873,661,"r2c2ABA"
12141090,1053,359,1664248,87.7443981652344,12,40,139,99,29,108,59,55,74,97,90,125,138,"r2c2ABA"
5783258,6427,359,12007153,90.835285128531,12,516,590,437,708,576,640,806,384,313,522,456,479,"r2c2ABB"
13772179,140,359,321282,126.638549467875,12,7,18,18,18,15,20,9,6,4,6,15,4,"r3c2"
14306181,183,359,740841,179.076867295141,11,1,44,18,35,18,14,24,14,0,1,4,10,"r3c2"
9954116,3139,358,7764236,81.1912286022023,12,152,185,183,243,325,202,305,292,251,377,357,267,"r2c2AA"
9961333,1360,358,2980625,85.1558482372436,12,94,94,78,119,77,138,160,146,95,170,150,39,"r2c2AA"
12393665,1081,358,3652786,133.806586321843,12,82,58,48,60,83,161,177,127,67,112,71,35,"r2c2ABA"
11116462,7276,358,4283156,59.2021341294853,12,525,488,516,544,778,702,870,506,424,435,721,767,"r2c2ABB"
12220547,732,358,901663,62.6720650587336,12,20,57,55,50,71,85,129,28,68,49,66,54,"r2c2ABB"
17222469,712,358,3082292,148.766446257059,12,150,122,94,85,37,30,125,16,2,32,11,8,"r3c2"
5991944,4981,357,6232257,68.5013959111893,12,185,251,248,322,302,784,392,300,521,1172,257,247,"r2c1"
6872305,12999,357,25652621,98.657476241938,12,777,761,708,986,1459,1160,1233,1145,1099,1013,1196,1462,"r2c1"
9434538,1419,357,6323318,158.158075085666,12,49,63,69,53,198,91,117,165,167,101,152,194,"r2c2AA"
7139806,10241,357,31285375,120.657388802542,12,744,672,653,699,998,765,1097,698,847,868,1199,1001,"r2c2ABA"
12155863,494,357,1114564,109.830902640914,12,18,7,10,69,75,17,40,75,51,1,101,30,"r2c2ABB"
12235245,712,357,1661823,131.63997148289,12,13,4,30,50,74,3,110,82,77,8,157,104,"r2c2ABB"
15266196,169,357,407391,136.114600735048,12,3,21,13,20,32,4,38,1,19,9,3,6,"r3c2"
13095868,192,357,434287,102.547107438017,12,19,18,69,8,39,1,8,11,5,3,9,2,"r3c3"
6071319,4789,356,2789370,45.2533298723211,12,211,173,150,274,371,656,468,336,394,516,696,544,"r2c1"
7247367,5911,356,8624878,95.9065717780496,12,351,344,368,451,610,374,619,632,699,401,536,526,"r2c1"
9874746,3203,356,3935566,64.2866757052549,12,167,202,150,173,329,261,279,330,315,231,374,392,"r2c2AA"
11137771,674,356,1482937,103.941753697344,12,10,24,15,30,52,77,150,41,83,45,82,65,"r2c2AA"
11166643,2146,356,4079236,93.2354178094716,12,58,69,74,85,180,43,156,386,347,124,420,204,"r2c2AA"
6620271,4676,356,13193598,126.545156339919,12,295,384,293,524,326,497,578,410,335,254,456,324,"r2c2ABA"
5884236,12030,356,30324690,106.4095150203,12,977,1250,1124,1336,924,1180,1241,638,959,879,874,648,"r2c2ABB"
5891452,13689,356,8426273,51.0126710255479,12,607,654,757,624,1113,1138,852,1117,2021,1246,2387,1173,"r2c2ABB"
15966503,967,356,3199884,122.212275140358,8,15,129,436,191,24,4,166,2,0,0,0,0,"r3c2"
8106490,4975,355,9205251,86.131809420439,12,51,61,45,271,240,665,270,108,447,2570,115,132,"r2c1"
8380704,6675,355,15766964,114.935479403124,12,210,86,63,139,969,239,148,1079,754,622,1418,948,"r2c1"
9528176,1403,355,3714765,141.931188629504,12,60,52,74,68,82,125,188,138,203,189,160,64,"r2c1"
11181054,1330,355,3534349,111.86772804963,12,15,26,21,32,143,48,26,277,171,174,277,120,"r2c2AA"
11318203,221,355,959152,155.001939237233,12,1,10,13,6,40,27,15,38,31,10,14,16,"r2c2AA"
12076131,411,355,884801,121.222222222222,12,18,28,19,17,66,100,40,38,41,13,15,16,"r2c2ABA"
12090573,995,355,3123907,117.365105008078,12,49,30,50,43,123,151,86,110,44,34,39,236,"r2c2ABA"
5747171,4229,355,9060630,118.862229102167,12,255,430,324,440,329,571,400,321,268,344,273,274,"r2c2ABB"
11145209,1702,355,2465400,101.994042694026,12,33,49,99,53,320,43,218,325,180,125,112,145,"r2c2ABB"
8903548,580,355,4674047,143.10789626772,12,8,15,8,22,52,20,29,121,60,16,135,94,"r2c3"
13108149,228,355,1102887,185.827632687447,12,13,26,34,7,23,34,27,17,10,14,8,15,"r3c2"
7630190,2421,354,4854760,78.511522600469,12,67,252,111,270,179,248,213,163,216,330,252,120,"r2c1"
8041548,1866,354,1684845,70.1171501102834,12,17,17,22,34,98,73,43,266,413,482,267,134,"r2c1"
9918032,1988,354,3118542,74.2598404571973,12,96,136,138,131,145,160,161,240,117,102,210,352,"r2c2AA"
11217175,1199,354,3609711,115.514448462351,12,40,40,34,112,132,96,119,120,93,165,168,80,"r2c2AA"
11476975,660,354,3452364,160.904362416107,12,14,35,48,14,63,33,24,58,54,59,79,179,"r2c2AA"
6346057,11644,354,8532814,49.7400960664071,12,330,488,311,500,1830,532,842,2357,1128,419,1548,1359,"r2c2ABA"
12963754,929,354,6633189,194.80731277533,12,32,109,76,36,170,25,97,110,48,42,74,110,"r2c2ABA"
12148352,367,354,1138965,127.017397122784,12,24,23,19,59,12,58,20,7,29,32,25,59,"r2c2ABB"
12213330,458,354,692459,72.8520778537612,12,11,36,22,53,38,43,110,14,49,24,44,14,"r2c2ABB"
8889208,531,354,1028600,91.358024691358,12,34,24,25,37,65,16,33,44,80,24,72,77,"r2c3"
9885206,1091,354,6910685,141.351707915729,12,75,49,87,55,83,84,143,127,113,81,98,96,"r2c3"
13288486,847,354,2761082,109.336791668317,12,22,109,27,51,95,46,82,61,34,18,155,147,"r3c2"
13671200,408,354,458348,83.109338168631,12,26,18,64,23,15,106,18,28,11,19,38,42,"r3c2"
15735575,782,354,2961993,140.906379334951,7,42,214,158,164,10,2,192,0,0,0,0,0,"r3c2"
17397175,635,354,1203899,89.4560112943974,12,26,35,38,76,121,32,158,21,28,16,46,38,"r3c3"
10408732,2606,353,14336449,153.875741931329,12,105,124,159,134,218,116,191,358,325,225,403,248,"r2c1"
5790180,14340,353,24912621,100.674952314755,12,826,824,812,1284,1147,2411,1448,898,1225,1710,877,878,"r2c2AA"
12682352,982,353,3877993,128.304152191894,12,52,90,69,57,96,88,129,52,78,93,83,95,"r2c2ABA"
5970819,30984,353,79350225,120.507153715665,12,1143,1313,788,3418,2197,5493,2937,1911,2872,5070,2154,1688,"r2c2ABB"
12213282,276,353,874312,130.474854499328,12,20,8,28,9,6,50,33,33,12,12,52,13,"r2c2ABB"
10707949,3076,353,17698132,157.71627679009,12,220,156,122,251,257,167,305,579,270,160,358,231,"r2c3"
12209605,977,353,1978660,155.225543265082,12,74,156,102,44,61,39,74,61,147,183,21,15,"r2c4"
14768236,69,353,685570,185.942500678058,7,7,9,32,13,3,4,0,0,1,0,0,0,"r3c2"
16162974,401,353,983263,106.000754635619,12,18,37,27,19,115,17,29,56,22,16,20,25,"r3c3"
7030855,6139,352,20166180,115.503281899722,12,406,399,468,380,462,503,768,535,611,452,666,489,"r2c1"
7297884,6214,352,10748131,87.1642053702487,12,370,411,420,624,428,251,316,1027,630,442,793,502,"r2c1"
8128141,2149,352,2805051,78.8511553381683,12,154,128,175,137,163,193,165,159,222,267,193,193,"r2c1"
5660405,8753,352,23047211,87.8936567804528,12,241,679,146,1090,474,2290,1058,246,520,1567,285,157,"r2c2AA"
11123339,745,352,1484668,88.1998455414959,12,25,54,47,40,66,31,53,86,74,56,127,86,"r2c2AA"
10231544,1126,352,2849812,96.8829508754037,12,89,31,37,46,147,91,89,100,89,69,164,174,"r2c3"
7576465,373,352,1277479,150.397810218978,12,16,40,10,60,47,32,40,22,12,38,44,12,"r2c4"
13064843,396,352,646571,82.5128892291986,12,16,14,13,85,33,6,72,29,22,18,19,69,"r3c2"
7348509,19395,351,67144422,118.400868286386,12,826,1260,1015,981,1538,1587,1192,2058,2410,2299,2480,1749,"r2c1"
7355747,6863,351,18028080,91.4717716361644,12,318,1127,656,498,390,1028,392,330,369,821,640,294,"r2c1"
7456755,13371,351,35385529,116.614198476804,12,503,952,718,558,500,1514,562,1250,3300,1919,979,616,"r2c1"
9874730,2531,351,6646770,97.3671720500989,12,133,75,129,67,193,311,211,312,430,164,263,243,"r2c2AA"
9946906,2073,351,5854916,99.2358644067797,12,86,91,103,157,166,108,262,262,212,181,284,161,"r2c2AA"
9954117,1532,351,2622817,79.7717996289425,12,108,70,89,95,104,136,71,197,196,164,187,115,"r2c2AA"
11130544,454,351,901019,99.5601104972376,12,29,23,30,61,19,33,38,50,32,37,60,42,"r2c2AA"
11412044,833,351,3664507,170.561182220154,12,64,43,35,23,73,72,36,141,128,46,82,90,"r2c2AA"
5978036,6524,351,16938305,109.482105576131,12,359,421,332,516,559,672,548,467,824,797,621,408,"r2c2ABB"
5985253,6367,351,16124902,115.195973653003,12,524,823,651,535,478,792,617,287,356,336,528,440,"r2c2ABB"
12148337,2758,351,8094818,140.615595740615,12,178,192,201,221,272,310,257,244,203,145,258,277,"r2c2ABB"
12473141,309,351,770190,128.880522088353,11,5,9,0,6,5,29,120,42,54,28,5,6,"r2c2ABB"
7662274,550,351,1294617,94.6080824320374,12,26,13,20,21,70,19,90,50,100,58,54,29,"r2c3"
13173082,177,351,687083,164.216778202677,11,0,17,31,8,13,13,18,15,7,4,39,12,"r3c2"
16067545,703,351,1505206,86.3274833677449,8,33,160,247,117,3,6,135,2,0,0,0,0,"r3c2"
6345230,9566,350,8858672,55.2941264590225,12,345,1213,616,1362,875,668,1105,722,534,503,1042,581,"r2c1"
9889107,809,350,2396736,122.182707993475,12,69,30,51,15,135,25,27,112,105,94,102,44,"r2c1"
9362369,1022,350,2875503,121.109505959651,12,25,31,30,28,150,34,40,110,154,59,182,179,"r2c2AA"
11152195,487,350,1174889,115.08365167989,12,14,29,9,44,49,17,93,80,60,15,36,41,"r2c2AA"
11173851,952,350,2331138,122.279584557281,12,75,78,52,24,67,55,49,103,148,37,163,101,"r2c2AA"
7262473,9375,350,12946322,72.7947168071432,12,648,698,572,1010,777,770,926,811,684,677,938,864,"r2c2ABA"
12761700,689,350,1719342,135.970106761566,12,21,75,67,12,37,67,80,34,81,8,122,85,"r2c2ABA"
12213285,468,350,1402454,148.927896357651,12,20,44,27,71,23,72,47,24,18,41,45,36,"r2c2ABB"
9704688,4117,350,8144833,91.0617152823586,12,239,230,293,280,566,188,511,421,318,192,408,471,"r2c3"
9863550,563,350,6424504,180.499086899109,12,28,31,37,33,68,23,47,58,36,20,95,87,"r2c3"
13757744,125,350,361011,150.987452948557,11,9,2,11,2,27,34,4,5,0,8,14,9,"r3c2"
15244556,65,350,219845,147.250502344273,7,8,25,15,4,1,6,6,0,0,0,0,0,"r3c2"
15287843,122,350,423095,156.008480825959,12,14,14,16,24,10,13,9,3,8,4,3,4,"r3c2"
6568951,16123,349,13738827,58.0839414206837,12,795,1304,890,1251,1758,1421,1282,1435,1264,1088,1914,1721,"r2c1"
8063197,2889,349,1798184,48.0232881102446,12,77,30,63,145,174,307,88,281,473,775,314,162,"r2c1"
8359056,3857,349,11414870,105.614030218077,12,66,48,59,114,762,123,207,588,572,447,548,323,"r2c1"
9925225,1208,349,2445399,83.5948107886371,12,55,69,49,66,165,64,65,173,119,82,59,242,"r2c1"
5595424,7612,349,12789344,100.72966991423,12,162,220,198,518,680,1115,746,570,526,825,1206,846,"r2c2AA"
5811902,31634,349,124902822,133.284554493904,12,451,690,378,947,134,25113,342,252,751,2137,305,134,"r2c2AA"
11159413,296,349,1111266,152.583550734587,12,5,139,13,4,21,4,3,14,17,19,19,38,"r2c2AA"
6273892,8574,349,9792270,76.8738665892087,12,404,672,621,731,756,950,1002,544,767,579,1019,529,"r2c2ABA"
12783353,353,349,1402533,161.638008528293,12,18,28,41,31,31,33,44,12,53,3,50,9,"r2c2ABA"
12263819,573,349,3131433,136.398336091994,12,15,7,22,34,69,88,102,56,35,15,23,107,"r2c2ABB"
8543611,2893,349,4500062,92.326008904208,12,12,11,14,74,502,111,419,254,334,521,281,360,"r2c4"
8637442,2958,349,3323679,62.6730841755921,12,205,140,149,184,260,408,260,244,181,453,251,223,"r2c4"
