"","checklist_id","SCIENTIFIC.NAME","OBSERVATION.COUNT","LATITUDE","LONGITUDE","OBSERVATION.DATE","OBSERVER.ID","SAMPLING.EVENT.IDENTIFIER","DURATION.MINUTES","EFFORT.DISTANCE.KM","GROUP.IDENTIFIER","cell"
"1","G7596107","Motacilla alba","5",47.6849213,117.5923991,"2017-07-21","obsr630645,obsr1446523,obsr1066944,obsr1066943,obsr1041001","S38354880,S99553573,S99553574,S99553575,S99553576",60,"5","G7596107",121659672
"2","G7596107","Calandrella brachydactyla","10",47.6849213,117.5923991,"2017-07-21","obsr630645,obsr1446523,obsr1066944,obsr1066943,obsr1041001","S38354880,S99553573,S99553574,S99553575,S99553576",60,"5","G7596107",121659672
"3","G7596107","Upupa epops","10",47.6849213,117.5923991,"2017-07-21","obsr630645,obsr1446523,obsr1066944,obsr1066943,obsr1041001","S38354880,S99553573,S99553574,S99553575,S99553576",60,"5","G7596107",121659672
"4","G7596107","Fulica atra","300",47.6849213,117.5923991,"2017-07-21","obsr630645,obsr1446523,obsr1066944,obsr1066943,obsr1041001","S38354880,S99553573,S99553574,S99553575,S99553576",60,"5","G7596107",121659672
"5","G7596107","Tadorna tadorna","10",47.6849213,117.5923991,"2017-07-21","obsr630645,obsr1446523,obsr1066944,obsr1066943,obsr1041001","S38354880,S99553573,S99553574,S99553575,S99553576",60,"5","G7596107",121659672
"6","G7596107","Calidris ruficollis","10",47.6849213,117.5923991,"2017-07-21","obsr630645,obsr1446523,obsr1066944,obsr1066943,obsr1041001","S38354880,S99553573,S99553574,S99553575,S99553576",60,"5","G7596107",121659672
"7","G7596107","Melanocorypha mongolica","11",47.6849213,117.5923991,"2017-07-21","obsr630645,obsr1446523,obsr1066944,obsr1066943,obsr1041001","S38354880,S99553573,S99553574,S99553575,S99553576",60,"5","G7596107",121659672
"8","G7596107","Himantopus himantopus","2",47.6849213,117.5923991,"2017-07-21","obsr630645,obsr1446523,obsr1066944,obsr1066943,obsr1041001","S38354880,S99553573,S99553574,S99553575,S99553576",60,"5","G7596107",121659672
"9","G7596107","Circus spilonotus","3",47.6849213,117.5923991,"2017-07-21","obsr630645,obsr1446523,obsr1066944,obsr1066943,obsr1041001","S38354880,S99553573,S99553574,S99553575,S99553576",60,"5","G7596107",121659672
"10","G7596107","Hydroprogne caspia","8",47.6849213,117.5923991,"2017-07-21","obsr630645,obsr1446523,obsr1066944,obsr1066943,obsr1041001","S38354880,S99553573,S99553574,S99553575,S99553576",60,"5","G7596107",121659672
"11","G7596107","Anthropoides virgo","2",47.6849213,117.5923991,"2017-07-21","obsr630645,obsr1446523,obsr1066944,obsr1066943,obsr1041001","S38354880,S99553573,S99553574,S99553575,S99553576",60,"5","G7596107",121659672
"12","G7596107","Mareca strepera","100",47.6849213,117.5923991,"2017-07-21","obsr630645,obsr1446523,obsr1066944,obsr1066943,obsr1041001","S38354880,S99553573,S99553574,S99553575,S99553576",60,"5","G7596107",121659672
"13","G7596107","Phalacrocorax carbo","100",47.6849213,117.5923991,"2017-07-21","obsr630645,obsr1446523,obsr1066944,obsr1066943,obsr1041001","S38354880,S99553573,S99553574,S99553575,S99553576",60,"5","G7596107",121659672
"14","G7596107","Tringa stagnatilis","2",47.6849213,117.5923991,"2017-07-21","obsr630645,obsr1446523,obsr1066944,obsr1066943,obsr1041001","S38354880,S99553573,S99553574,S99553575,S99553576",60,"5","G7596107",121659672
"15","G7596107","Anser anser","100",47.6849213,117.5923991,"2017-07-21","obsr630645,obsr1446523,obsr1066944,obsr1066943,obsr1041001","S38354880,S99553573,S99553574,S99553575,S99553576",60,"5","G7596107",121659672
"16","G7596107","Sterna hirundo","50",47.6849213,117.5923991,"2017-07-21","obsr630645,obsr1446523,obsr1066944,obsr1066943,obsr1041001","S38354880,S99553573,S99553574,S99553575,S99553576",60,"5","G7596107",121659672
"17","G7596107","Gallinago gallinago","2",47.6849213,117.5923991,"2017-07-21","obsr630645,obsr1446523,obsr1066944,obsr1066943,obsr1041001","S38354880,S99553573,S99553574,S99553575,S99553576",60,"5","G7596107",121659672
"18","G7596107","Botaurus stellaris","1",47.6849213,117.5923991,"2017-07-21","obsr630645,obsr1446523,obsr1066944,obsr1066943,obsr1041001","S38354880,S99553573,S99553574,S99553575,S99553576",60,"5","G7596107",121659672
"19","G7596107","Scolopax rusticola","1",47.6849213,117.5923991,"2017-07-21","obsr630645,obsr1446523,obsr1066944,obsr1066943,obsr1041001","S38354880,S99553573,S99553574,S99553575,S99553576",60,"5","G7596107",121659672
"20","G7596107","Tringa glareola","2",47.6849213,117.5923991,"2017-07-21","obsr630645,obsr1446523,obsr1066944,obsr1066943,obsr1041001","S38354880,S99553573,S99553574,S99553575,S99553576",60,"5","G7596107",121659672
"21","G7596107","Tringa ochropus","2",47.6849213,117.5923991,"2017-07-21","obsr630645,obsr1446523,obsr1066944,obsr1066943,obsr1041001","S38354880,S99553573,S99553574,S99553575,S99553576",60,"5","G7596107",121659672
"22","G7596107","Alauda arvensis","16",47.6849213,117.5923991,"2017-07-21","obsr630645,obsr1446523,obsr1066944,obsr1066943,obsr1041001","S38354880,S99553573,S99553574,S99553575,S99553576",60,"5","G7596107",121659672
"23","G7596107","Xenus cinereus","1",47.6849213,117.5923991,"2017-07-21","obsr630645,obsr1446523,obsr1066944,obsr1066943,obsr1041001","S38354880,S99553573,S99553574,S99553575,S99553576",60,"5","G7596107",121659672
"24","G7596107","Cygnus cygnus","10",47.6849213,117.5923991,"2017-07-21","obsr630645,obsr1446523,obsr1066944,obsr1066943,obsr1041001","S38354880,S99553573,S99553574,S99553575,S99553576",60,"5","G7596107",121659672
"25","G7596107","Motacilla tschutschensis","8",47.6849213,117.5923991,"2017-07-21","obsr630645,obsr1446523,obsr1066944,obsr1066943,obsr1041001","S38354880,S99553573,S99553574,S99553575,S99553576",60,"5","G7596107",121659672
"26","G7596107","Ichthyaetus relictus","2",47.6849213,117.5923991,"2017-07-21","obsr630645,obsr1446523,obsr1066944,obsr1066943,obsr1041001","S38354880,S99553573,S99553574,S99553575,S99553576",60,"5","G7596107",121659672
"27","G7596107","Mergus merganser","10",47.6849213,117.5923991,"2017-07-21","obsr630645,obsr1446523,obsr1066944,obsr1066943,obsr1041001","S38354880,S99553573,S99553574,S99553575,S99553576",60,"5","G7596107",121659672
"28","G7596107","Aythya ferina","1000",47.6849213,117.5923991,"2017-07-21","obsr630645,obsr1446523,obsr1066944,obsr1066943,obsr1041001","S38354880,S99553573,S99553574,S99553575,S99553576",60,"5","G7596107",121659672
"29","G7596107","Chlidonias leucopterus","18",47.6849213,117.5923991,"2017-07-21","obsr630645,obsr1446523,obsr1066944,obsr1066943,obsr1041001","S38354880,S99553573,S99553574,S99553575,S99553576",60,"5","G7596107",121659672
"30","G7596107","Ardea cinerea","50",47.6849213,117.5923991,"2017-07-21","obsr630645,obsr1446523,obsr1066944,obsr1066943,obsr1041001","S38354880,S99553573,S99553574,S99553575,S99553576",60,"5","G7596107",121659672
"31","G7596107","Vanellus cinereus","2",47.6849213,117.5923991,"2017-07-21","obsr630645,obsr1446523,obsr1066944,obsr1066943,obsr1041001","S38354880,S99553573,S99553574,S99553575,S99553576",60,"5","G7596107",121659672
"32","G7596107","Platalea leucorodia","20",47.6849213,117.5923991,"2017-07-21","obsr630645,obsr1446523,obsr1066944,obsr1066943,obsr1041001","S38354880,S99553573,S99553574,S99553575,S99553576",60,"5","G7596107",121659672
"33","G7596107","Charadrius dubius","5",47.6849213,117.5923991,"2017-07-21","obsr630645,obsr1446523,obsr1066944,obsr1066943,obsr1041001","S38354880,S99553573,S99553574,S99553575,S99553576",60,"5","G7596107",121659672
"34","G7596107","Charadrius alexandrinus","5",47.6849213,117.5923991,"2017-07-21","obsr630645,obsr1446523,obsr1066944,obsr1066943,obsr1041001","S38354880,S99553573,S99553574,S99553575,S99553576",60,"5","G7596107",121659672
"35","G7596107","Aythya fuligula","10",47.6849213,117.5923991,"2017-07-21","obsr630645,obsr1446523,obsr1066944,obsr1066943,obsr1041001","S38354880,S99553573,S99553574,S99553575,S99553576",60,"5","G7596107",121659672
"36","G7596107","Podiceps cristatus","100",47.6849213,117.5923991,"2017-07-21","obsr630645,obsr1446523,obsr1066944,obsr1066943,obsr1041001","S38354880,S99553573,S99553574,S99553575,S99553576",60,"5","G7596107",121659672
"37","G7596107","Hirundo rustica","21",47.6849213,117.5923991,"2017-07-21","obsr630645,obsr1446523,obsr1066944,obsr1066943,obsr1041001","S38354880,S99553573,S99553574,S99553575,S99553576",60,"5","G7596107",121659672
"38","G7596107","Tringa totanus","2",47.6849213,117.5923991,"2017-07-21","obsr630645,obsr1446523,obsr1066944,obsr1066943,obsr1041001","S38354880,S99553573,S99553574,S99553575,S99553576",60,"5","G7596107",121659672
"39","G7596107","Limosa limosa","30",47.6849213,117.5923991,"2017-07-21","obsr630645,obsr1446523,obsr1066944,obsr1066943,obsr1041001","S38354880,S99553573,S99553574,S99553575,S99553576",60,"5","G7596107",121659672
"40","G7596107","Vanellus vanellus","150",47.6849213,117.5923991,"2017-07-21","obsr630645,obsr1446523,obsr1066944,obsr1066943,obsr1041001","S38354880,S99553573,S99553574,S99553575,S99553576",60,"5","G7596107",121659672
"41","G7596107","Riparia riparia","50",47.6849213,117.5923991,"2017-07-21","obsr630645,obsr1446523,obsr1066944,obsr1066943,obsr1041001","S38354880,S99553573,S99553574,S99553575,S99553576",60,"5","G7596107",121659672
"42","G7596107","Eremophila alpestris","5",47.6849213,117.5923991,"2017-07-21","obsr630645,obsr1446523,obsr1066944,obsr1066943,obsr1041001","S38354880,S99553573,S99553574,S99553575,S99553576",60,"5","G7596107",121659672
"43","G7596107","Larus argentatus","100",47.6849213,117.5923991,"2017-07-21","obsr630645,obsr1446523,obsr1066944,obsr1066943,obsr1041001","S38354880,S99553573,S99553574,S99553575,S99553576",60,"5","G7596107",121659672
"44","G7596107","Anser cygnoides","9600",47.6849213,117.5923991,"2017-07-21","obsr630645,obsr1446523,obsr1066944,obsr1066943,obsr1041001","S38354880,S99553573,S99553574,S99553575,S99553576",60,"5","G7596107",121659672
"45","G7596107","Emberiza schoeniclus","1",47.6849213,117.5923991,"2017-07-21","obsr630645,obsr1446523,obsr1066944,obsr1066943,obsr1041001","S38354880,S99553573,S99553574,S99553575,S99553576",60,"5","G7596107",121659672
"46","G7596107","Motacilla citreola","2",47.6849213,117.5923991,"2017-07-21","obsr630645,obsr1446523,obsr1066944,obsr1066943,obsr1041001","S38354880,S99553573,S99553574,S99553575,S99553576",60,"5","G7596107",121659672
"47","G7596107","Milvus migrans","3",47.6849213,117.5923991,"2017-07-21","obsr630645,obsr1446523,obsr1066944,obsr1066943,obsr1041001","S38354880,S99553573,S99553574,S99553575,S99553576",60,"5","G7596107",121659672
"48","G7596107","Cygnus olor","300",47.6849213,117.5923991,"2017-07-21","obsr630645,obsr1446523,obsr1066944,obsr1066943,obsr1041001","S38354880,S99553573,S99553574,S99553575,S99553576",60,"5","G7596107",121659672
"49","G7596107","Tadorna ferruginea","500",47.6849213,117.5923991,"2017-07-21","obsr630645,obsr1446523,obsr1066944,obsr1066943,obsr1041001","S38354880,S99553573,S99553574,S99553575,S99553576",60,"5","G7596107",121659672
"50","G5262378","Larvivora cyane","1",47.6849213,117.5923991,"2019-08-26","obsr274621,obsr1620461","S59272055,S68269685",27,"0.145","G5262378",121659672
"51","G5262378","Sibirionetta formosa","9",47.6849213,117.5923991,"2019-08-26","obsr274621,obsr1620461","S59272055,S68269685",27,"0.145","G5262378",121659672
"52","G5262378","Coturnix japonica","5",47.6849213,117.5923991,"2019-08-26","obsr274621,obsr1620461","S59272055,S68269685",27,"0.145","G5262378",121659672
"53","G5262378","Larus argentatus","1",47.6849213,117.5923991,"2019-08-26","obsr274621,obsr1620461","S59272055,S68269685",27,"0.145","G5262378",121659672
"54","G5262378","Chlidonias niger","1",47.6849213,117.5923991,"2019-08-26","obsr274621,obsr1620461","S59272055,S68269685",27,"0.145","G5262378",121659672
"55","G5262378","Corvus dauuricus","500",47.6849213,117.5923991,"2019-08-26","obsr274621,obsr1620461","S59272055,S68269685",27,"0.145","G5262378",121659672
"56","G5262378","Anser cygnoides","100",47.6849213,117.5923991,"2019-08-26","obsr274621,obsr1620461","S59272055,S68269685",27,"0.145","G5262378",121659672
"57","G5262378","Phylloscopus borealis","5",47.6849213,117.5923991,"2019-08-26","obsr274621,obsr1620461","S59272055,S68269685",27,"0.145","G5262378",121659672
"58","G5262378","Anthus cervinus","3",47.6849213,117.5923991,"2019-08-26","obsr274621,obsr1620461","S59272055,S68269685",27,"0.145","G5262378",121659672
"59","G5262378","Saxicola maurus","1",47.6849213,117.5923991,"2019-08-26","obsr274621,obsr1620461","S59272055,S68269685",27,"0.145","G5262378",121659672
"60","G5262378","Tringa erythropus","12",47.6849213,117.5923991,"2019-08-26","obsr274621,obsr1620461","S59272055,S68269685",27,"0.145","G5262378",121659672
"61","G5262378","Ardea alba","1",47.6849213,117.5923991,"2019-08-26","obsr274621,obsr1620461","S59272055,S68269685",27,"0.145","G5262378",121659672
"62","G5262378","Dryobates minor","2",47.6849213,117.5923991,"2019-08-26","obsr274621,obsr1620461","S59272055,S68269685",27,"0.145","G5262378",121659672
"63","G5262378","Carpodacus erythrinus","1",47.6849213,117.5923991,"2019-08-26","obsr274621,obsr1620461","S59272055,S68269685",27,"0.145","G5262378",121659672
"64","G5262378","Circus spilonotus","2",47.6849213,117.5923991,"2019-08-26","obsr274621,obsr1620461","S59272055,S68269685",27,"0.145","G5262378",121659672
"65","G5262378","Anthus richardi","18",47.6849213,117.5923991,"2019-08-26","obsr274621,obsr1620461","S59272055,S68269685",27,"0.145","G5262378",121659672
"66","G5262378","Ardea cinerea","20",47.6849213,117.5923991,"2019-08-26","obsr274621,obsr1620461","S59272055,S68269685",27,"0.145","G5262378",121659672
"67","G5262378","Dendrocopos major","4",47.6849213,117.5923991,"2019-08-26","obsr274621,obsr1620461","S59272055,S68269685",27,"0.145","G5262378",121659672
"68","G5262378","Motacilla cinerea","2",47.6849213,117.5923991,"2019-08-26","obsr274621,obsr1620461","S59272055,S68269685",27,"0.145","G5262378",121659672
"69","G5262378","Mareca strepera","8",47.6849213,117.5923991,"2019-08-26","obsr274621,obsr1620461","S59272055,S68269685",27,"0.145","G5262378",121659672
"70","G5262378","Lanius cristatus","3",47.6849213,117.5923991,"2019-08-26","obsr274621,obsr1620461","S59272055,S68269685",27,"0.145","G5262378",121659672
"71","G5262378","Mareca falcata","1",47.6849213,117.5923991,"2019-08-26","obsr274621,obsr1620461","S59272055,S68269685",27,"0.145","G5262378",121659672
"72","G5262378","Cyanistes cyanus","15",47.6849213,117.5923991,"2019-08-26","obsr274621,obsr1620461","S59272055,S68269685",27,"0.145","G5262378",121659672
"73","G5262378","Pluvialis fulva","25",47.6849213,117.5923991,"2019-08-26","obsr274621,obsr1620461","S59272055,S68269685",27,"0.145","G5262378",121659672
"74","G5262378","Motacilla alba","1",47.6849213,117.5923991,"2019-08-26","obsr274621,obsr274621,obsr1620461,obsr1620461","S59272055,S59272055,S68269685,S68269685",27,"0.145","G5262378",121659672
"75","G5262378","Milvus migrans","10",47.6849213,117.5923991,"2019-08-26","obsr274621,obsr1620461","S59272055,S68269685",27,"0.145","G5262378",121659672
"76","G5262378","Pica pica","45",47.6849213,117.5923991,"2019-08-26","obsr274621,obsr1620461","S59272055,S68269685",27,"0.145","G5262378",121659672
"77","G5262378","Emberiza chrysophrys","2",47.6849213,117.5923991,"2019-08-26","obsr274621,obsr1620461","S59272055,S68269685",27,"0.145","G5262378",121659672
"78","G5262378","Anas acuta","6",47.6849213,117.5923991,"2019-08-26","obsr274621,obsr1620461","S59272055,S68269685",27,"0.145","G5262378",121659672
"79","G5262378","Emberiza rutila","1",47.6849213,117.5923991,"2019-08-26","obsr274621,obsr1620461","S59272055,S68269685",27,"0.145","G5262378",121659672
"80","G5262378","Cuculus canorus","3",47.6849213,117.5923991,"2019-08-26","obsr274621,obsr1620461","S59272055,S68269685",27,"0.145","G5262378",121659672
"81","G5262378","Phylloscopus plumbeitarsus","80",47.6849213,117.5923991,"2019-08-26","obsr274621,obsr1620461","S59272055,S68269685",27,"0.145","G5262378",121659672
"82","G5262378","Phylloscopus sibilatrix","1",47.6849213,117.5923991,"2019-08-26","obsr274621,obsr1620461","S59272055,S68269685",27,"0.145","G5262378",121659672
"83","G5262378","Spatula querquedula","1",47.6849213,117.5923991,"2019-08-26","obsr274621,obsr1620461","S59272055,S68269685",27,"0.145","G5262378",121659672
"84","G5262378","Tringa totanus","8",47.6849213,117.5923991,"2019-08-26","obsr274621,obsr1620461","S59272055,S68269685",27,"0.145","G5262378",121659672
"85","G5262378","Phylloscopus fuscatus","5",47.6849213,117.5923991,"2019-08-26","obsr274621,obsr1620461","S59272055,S68269685",27,"0.145","G5262378",121659672
"86","G5262378","Passer montanus","50",47.6849213,117.5923991,"2019-08-26","obsr274621,obsr1620461","S59272055,S68269685",27,"0.145","G5262378",121659672
"87","G5262378","Streptopelia orientalis","2",47.6849213,117.5923991,"2019-08-26","obsr274621,obsr1620461","S59272055,S68269685",27,"0.145","G5262378",121659672
"88","G5262378","Bucephala clangula","2",47.6849213,117.5923991,"2019-08-26","obsr274621,obsr1620461","S59272055,S68269685",27,"0.145","G5262378",121659672
"89","G5262378","Hieraaetus pennatus","6",47.6849213,117.5923991,"2019-08-26","obsr274621,obsr1620461","S59272055,S68269685",27,"0.145","G5262378",121659672
"90","G5262378","Tadorna ferruginea","7",47.6849213,117.5923991,"2019-08-26","obsr274621,obsr1620461","S59272055,S68269685",27,"0.145","G5262378",121659672
"91","G5262378","Falco subbuteo","2",47.6849213,117.5923991,"2019-08-26","obsr274621,obsr1620461","S59272055,S68269685",27,"0.145","G5262378",121659672
"92","G5262378","Tringa stagnatilis","4",47.6849213,117.5923991,"2019-08-26","obsr274621,obsr1620461","S59272055,S68269685",27,"0.145","G5262378",121659672
"93","G5262378","Corvus frugilegus","100",47.6849213,117.5923991,"2019-08-26","obsr274621,obsr1620461","S59272055,S68269685",27,"0.145","G5262378",121659672
"94","G5262378","Jynx torquilla","1",47.6849213,117.5923991,"2019-08-26","obsr274621,obsr1620461","S59272055,S68269685",27,"0.145","G5262378",121659672
"95","G5262378","Cyanopica cyanus","5",47.6849213,117.5923991,"2019-08-26","obsr274621,obsr1620461","S59272055,S68269685",27,"0.145","G5262378",121659672
"96","G5262378","Antigone vipio","2",47.6849213,117.5923991,"2019-08-26","obsr274621,obsr1620461","S59272055,S68269685",27,"0.145","G5262378",121659672
"97","G5262378","Sterna hirundo","10",47.6849213,117.5923991,"2019-08-26","obsr274621,obsr1620461","S59272055,S68269685",27,"0.145","G5262378",121659672
"98","G5262378","Platalea leucorodia","7",47.6849213,117.5923991,"2019-08-26","obsr274621,obsr1620461","S59272055,S68269685",27,"0.145","G5262378",121659672
"99","G5262378","Aix galericulata","2",47.6849213,117.5923991,"2019-08-26","obsr274621,obsr1620461","S59272055,S68269685",27,"0.145","G5262378",121659672
"100","G5262378","Motacilla tschutschensis","5",47.6849213,117.5923991,"2019-08-26","obsr274621,obsr1620461","S59272055,S68269685",27,"0.145","G5262378",121659672
"101","G5262378","Alauda arvensis","20",47.6849213,117.5923991,"2019-08-26","obsr274621,obsr1620461","S59272055,S68269685",27,"0.145","G5262378",121659672
"102","G5262378","Anser anser","19",47.6849213,117.5923991,"2019-08-26","obsr274621,obsr1620461","S59272055,S68269685",27,"0.145","G5262378",121659672
"103","G5262378","Calliope calliope","1",47.6849213,117.5923991,"2019-08-26","obsr274621,obsr1620461","S59272055,S68269685",27,"0.145","G5262378",121659672
"104","G5262378","Charadrius dubius","1",47.6849213,117.5923991,"2019-08-26","obsr274621,obsr1620461","S59272055,S68269685",27,"0.145","G5262378",121659672
"105","G5262378","Emberiza pusilla","1",47.6849213,117.5923991,"2019-08-26","obsr274621,obsr1620461","S59272055,S68269685",27,"0.145","G5262378",121659672
"106","G5262378","Chlidonias leucopterus","25",47.6849213,117.5923991,"2019-08-26","obsr274621,obsr1620461","S59272055,S68269685",27,"0.145","G5262378",121659672
"107","G5262378","Ficedula albicilla","50",47.6849213,117.5923991,"2019-08-26","obsr274621,obsr1620461","S59272055,S68269685",27,"0.145","G5262378",121659672
"108","G5262378","Melanocorypha mongolica","20",47.6849213,117.5923991,"2019-08-26","obsr274621,obsr1620461","S59272055,S68269685",27,"0.145","G5262378",121659672
"109","G5262378","Accipiter nisus","2",47.6849213,117.5923991,"2019-08-26","obsr274621,obsr1620461","S59272055,S68269685",27,"0.145","G5262378",121659672
"110","G5262378","Upupa epops","6",47.6849213,117.5923991,"2019-08-26","obsr274621,obsr1620461","S59272055,S68269685",27,"0.145","G5262378",121659672
"111","G5262378","Muscicapa sibirica","5",47.6849213,117.5923991,"2019-08-26","obsr274621,obsr1620461","S59272055,S68269685",27,"0.145","G5262378",121659672
"112","G5262378","Phylloscopus inornatus","40",47.6849213,117.5923991,"2019-08-26","obsr274621,obsr1620461","S59272055,S68269685",27,"0.145","G5262378",121659672
"113","G5262378","Carpodacus sibiricus","1",47.6849213,117.5923991,"2019-08-26","obsr274621,obsr1620461","S59272055,S68269685",27,"0.145","G5262378",121659672
"114","G5262378","Falco tinnunculus","2",47.6849213,117.5923991,"2019-08-26","obsr274621,obsr1620461","S59272055,S68269685",27,"0.145","G5262378",121659672
"115","G5262378","Tringa glareola","15",47.6849213,117.5923991,"2019-08-26","obsr274621,obsr1620461","S59272055,S68269685",27,"0.145","G5262378",121659672
"116","G5262378","Anas platyrhynchos","30",47.6849213,117.5923991,"2019-08-26","obsr274621,obsr1620461","S59272055,S68269685",27,"0.145","G5262378",121659672
"117","G5262378","Anas crecca","150",47.6849213,117.5923991,"2019-08-26","obsr274621,obsr1620461","S59272055,S68269685",27,"0.145","G5262378",121659672
"118","G5262378","Falco amurensis","15",47.6849213,117.5923991,"2019-08-26","obsr274621,obsr1620461","S59272055,S68269685",27,"0.145","G5262378",121659672
"119","G5262378","Accipiter gentilis","1",47.6849213,117.5923991,"2019-08-26","obsr274621,obsr1620461","S59272055,S68269685",27,"0.145","G5262378",121659672
"120","G5262378","Muscicapa dauurica","1",47.6849213,117.5923991,"2019-08-26","obsr274621,obsr1620461","S59272055,S68269685",27,"0.145","G5262378",121659672
"121","G5262378","Corvus corone","2",47.6849213,117.5923991,"2019-08-26","obsr274621,obsr1620461","S59272055,S68269685",27,"0.145","G5262378",121659672
"122","G5262378","Aegithalos caudatus","15",47.6849213,117.5923991,"2019-08-26","obsr274621,obsr1620461","S59272055,S68269685",27,"0.145","G5262378",121659672
"123","G5262378","Emberiza pallasi","2",47.6849213,117.5923991,"2019-08-26","obsr274621,obsr1620461","S59272055,S68269685",27,"0.145","G5262378",121659672
"124","G5262378","Phalacrocorax carbo","5",47.6849213,117.5923991,"2019-08-26","obsr274621,obsr1620461","S59272055,S68269685",27,"0.145","G5262378",121659672
"125","G5262378","Emberiza spodocephala","2",47.6849213,117.5923991,"2019-08-26","obsr274621,obsr1620461","S59272055,S68269685",27,"0.145","G5262378",121659672
"126","G5262378","Tringa ochropus","4",47.6849213,117.5923991,"2019-08-26","obsr274621,obsr1620461","S59272055,S68269685",27,"0.145","G5262378",121659672
"127","G5262378","Vanellus vanellus","50",47.6849213,117.5923991,"2019-08-26","obsr274621,obsr1620461","S59272055,S68269685",27,"0.145","G5262378",121659672
"128","G5262378","Anthus godlewskii","5",47.6849213,117.5923991,"2019-08-26","obsr274621,obsr1620461","S59272055,S68269685",27,"0.145","G5262378",121659672
"129","G5262378","Columba rupestris","6",47.6849213,117.5923991,"2019-08-26","obsr274621,obsr1620461","S59272055,S68269685",27,"0.145","G5262378",121659672
"130","G5262378","Lanius sphenocercus","3",47.6849213,117.5923991,"2019-08-26","obsr274621,obsr1620461","S59272055,S68269685",27,"0.145","G5262378",121659672
"131","G5262372","Falco naumanni","2",47.6849213,117.5923991,"2019-08-22","obsr274621,obsr1620461","S59679745,S68269620",1,"NA","G5262372",121659672
"132","G5262372","Acrocephalus agricola","60",47.6849213,117.5923991,"2019-08-22","obsr274621,obsr1620461","S59679745,S68269620",1,"NA","G5262372",121659672
"133","G5262372","Tadorna ferruginea","12500",47.6849213,117.5923991,"2019-08-22","obsr274621,obsr1620461","S59679745,S68269620",1,"NA","G5262372",121659672
"134","G5262372","Calidris alba","36",47.6849213,117.5923991,"2019-08-22","obsr274621,obsr1620461","S59679745,S68269620",1,"NA","G5262372",121659672
"135","G5262372","Hydroprogne caspia","120",47.6849213,117.5923991,"2019-08-22","obsr274621,obsr1620461","S59679745,S68269620",1,"NA","G5262372",121659672
"136","G5262372","Numenius minutus","3000",47.6849213,117.5923991,"2019-08-22","obsr274621,obsr1620461","S59679745,S68269620",1,"NA","G5262372",121659672
"137","G5262372","Larvivora cyane","3",47.6849213,117.5923991,"2019-08-22","obsr274621,obsr1620461","S59679745,S68269620",1,"NA","G5262372",121659672
"138","G5262372","Mergus serrator","2",47.6849213,117.5923991,"2019-08-22","obsr274621,obsr1620461","S59679745,S68269620",1,"NA","G5262372",121659672
"139","G5262372","Helopsaltes certhiola","65",47.6849213,117.5923991,"2019-08-22","obsr274621,obsr1620461","S59679745,S68269620",1,"NA","G5262372",121659672
"140","G5262372","Limnodromus scolopaceus","1",47.6849213,117.5923991,"2019-08-22","obsr274621","S59679745",1,"NA","G5262372",121659672
"141","G5262372","Calidris temminckii","200",47.6849213,117.5923991,"2019-08-22","obsr274621,obsr1620461","S59679745,S68269620",1,"NA","G5262372",121659672
"142","G5262372","Corvus dauuricus","20",47.6849213,117.5923991,"2019-08-22","obsr274621,obsr1620461","S59679745,S68269620",1,"NA","G5262372",121659672
"143","G5262372","Montifringilla davidiana","5",47.6849213,117.5923991,"2019-08-22","obsr274621,obsr1620461","S59679745,S68269620",1,"NA","G5262372",121659672
"144","G5262372","Emberiza aureola","1",47.6849213,117.5923991,"2019-08-22","obsr274621,obsr1620461","S59679745,S68269620",1,"NA","G5262372",121659672
"145","G5262372","Arenaria interpres","50",47.6849213,117.5923991,"2019-08-22","obsr274621,obsr1620461","S59679745,S68269620",1,"NA","G5262372",121659672
"146","G5262372","Larus argentatus","70",47.6849213,117.5923991,"2019-08-22","obsr274621,obsr1620461","S59679745,S68269620",1,"NA","G5262372",121659672
"147","G5262372","Charadrius veredus","2",47.6849213,117.5923991,"2019-08-22","obsr274621,obsr1620461","S59679745,S68269620",1,"NA","G5262372",121659672
"148","G5262372","Linaria flavirostris","1",47.6849213,117.5923991,"2019-08-22","obsr274621,obsr1620461","S59679745,S68269620",1,"NA","G5262372",121659672
"149","G5262372","Passer domesticus","11",47.6849213,117.5923991,"2019-08-22","obsr274621,obsr1620461","S59679745,S68269620",1,"NA","G5262372",121659672
"150","G5262372","Emberiza rutila","3",47.6849213,117.5923991,"2019-08-22","obsr274621,obsr1620461","S59679745,S68269620",1,"NA","G5262372",121659672
"151","G5262372","Limosa limosa","265",47.6849213,117.5923991,"2019-08-22","obsr274621,obsr1620461","S59679745,S68269620",1,"NA","G5262372",121659672
"152","G5262372","Ficedula albicilla","200",47.6849213,117.5923991,"2019-08-22","obsr274621,obsr1620461","S59679745,S68269620",1,"NA","G5262372",121659672
"153","G5262372","Anser anser","60",47.6849213,117.5923991,"2019-08-22","obsr274621,obsr1620461","S59679745,S68269620",1,"NA","G5262372",121659672
"154","G5262372","Oenanthe oenanthe","150",47.6849213,117.5923991,"2019-08-22","obsr274621,obsr1620461","S59679745,S68269620",1,"NA","G5262372",121659672
"155","G5262372","Podiceps cristatus","120",47.6849213,117.5923991,"2019-08-22","obsr274621,obsr1620461","S59679745,S68269620",1,"NA","G5262372",121659672
"156","G5262372","Vanellus cinereus","1",47.6849213,117.5923991,"2019-08-22","obsr274621,obsr1620461","S59679745,S68269620",1,"NA","G5262372",121659672
"157","G5262372","Cuculus canorus","3",47.6849213,117.5923991,"2019-08-22","obsr274621,obsr1620461","S59679745,S68269620",1,"NA","G5262372",121659672
"158","G5262372","Anas crecca","1300",47.6849213,117.5923991,"2019-08-22","obsr274621,obsr1620461","S59679745,S68269620",1,"NA","G5262372",121659672
"159","G5262372","Streptopelia orientalis","1",47.6849213,117.5923991,"2019-08-22","obsr274621,obsr1620461","S59679745,S68269620",1,"NA","G5262372",121659672
"160","G5262372","Dendrocopos major","1",47.6849213,117.5923991,"2019-08-22","obsr274621,obsr1620461","S59679745,S68269620",1,"NA","G5262372",121659672
"161","G5262372","Phalaropus lobatus","45",47.6849213,117.5923991,"2019-08-22","obsr274621,obsr1620461","S59679745,S68269620",1,"NA","G5262372",121659672
"162","G5262372","Anas platyrhynchos","300",47.6849213,117.5923991,"2019-08-22","obsr274621,obsr1620461","S59679745,S68269620",1,"NA","G5262372",121659672
"163","G5262372","Buteo hemilasius","10",47.6849213,117.5923991,"2019-08-22","obsr274621,obsr1620461","S59679745,S68269620",1,"NA","G5262372",121659672
"164","G5262372","Milvus migrans","6",47.6849213,117.5923991,"2019-08-22","obsr274621,obsr1620461","S59679745,S68269620",1,"NA","G5262372",121659672
"165","G5262372","Cygnus olor","150",47.6849213,117.5923991,"2019-08-22","obsr274621,obsr1620461","S59679745,S68269620",1,"NA","G5262372",121659672
"166","G5262372","Loxia curvirostra","1",47.6849213,117.5923991,"2019-08-22","obsr274621,obsr1620461","S59679745,S68269620",1,"NA","G5262372",121659672
"167","G5262372","Saxicola maurus","30",47.6849213,117.5923991,"2019-08-22","obsr274621,obsr1620461","S59679745,S68269620",1,"NA","G5262372",121659672
"168","G5262372","Gallinago sp.","50",47.6849213,117.5923991,"2019-08-22","obsr274621,obsr1620461","S59679745,S68269620",1,"NA","G5262372",121659672
"169","G5262372","Tringa stagnatilis","600",47.6849213,117.5923991,"2019-08-22","obsr274621,obsr1620461","S59679745,S68269620",1,"NA","G5262372",121659672
"170","G5262372","Numenius phaeopus","4",47.6849213,117.5923991,"2019-08-22","obsr274621,obsr1620461","S59679745,S68269620",1,"NA","G5262372",121659672
"171","G5262372","Charadrius alexandrinus","1600",47.6849213,117.5923991,"2019-08-22","obsr274621,obsr1620461","S59679745,S68269620",1,"NA","G5262372",121659672
"172","G5262372","Apus apus","3",47.6849213,117.5923991,"2019-08-22","obsr274621,obsr1620461","S59679745,S68269620",1,"NA","G5262372",121659672
"173","G5262372","Phylloscopus inornatus","50",47.6849213,117.5923991,"2019-08-22","obsr274621,obsr1620461","S59679745,S68269620",1,"NA","G5262372",121659672
"174","G5262372","Gelochelidon nilotica","14",47.6849213,117.5923991,"2019-08-22","obsr274621,obsr1620461","S59679745,S68269620",1,"NA","G5262372",121659672
"175","G5262372","Calidris tenuirostris","4",47.6849213,117.5923991,"2019-08-22","obsr274621,obsr1620461","S59679745,S68269620",1,"NA","G5262372",121659672
"176","G5262372","Lanius isabellinus","1",47.6849213,117.5923991,"2019-08-22","obsr274621,obsr1620461","S59679745,S68269620",1,"NA","G5262372",121659672
"177","G5262372","Platalea leucorodia","120",47.6849213,117.5923991,"2019-08-22","obsr274621,obsr1620461","S59679745,S68269620",1,"NA","G5262372",121659672
"178","G5262372","Falco amurensis","2",47.6849213,117.5923991,"2019-08-22","obsr274621,obsr1620461","S59679745,S68269620",1,"NA","G5262372",121659672
"179","G5262372","Anthus godlewskii","70",47.6849213,117.5923991,"2019-08-22","obsr274621,obsr1620461","S59679745,S68269620",1,"NA","G5262372",121659672
"180","G5262372","Calliope calliope","1",47.6849213,117.5923991,"2019-08-22","obsr274621,obsr1620461","S59679745,S68269620",1,"NA","G5262372",121659672
"181","G5262372","Tringa ochropus","28",47.6849213,117.5923991,"2019-08-22","obsr274621,obsr1620461","S59679745,S68269620",1,"NA","G5262372",121659672
"182","G5262372","Chroicocephalus ridibundus","7000",47.6849213,117.5923991,"2019-08-22","obsr274621,obsr1620461","S59679745,S68269620",1,"NA","G5262372",121659672
"183","G5262372","Ficedula zanthopygia","1",47.6849213,117.5923991,"2019-08-22","obsr274621,obsr1620461","S59679745,S68269620",1,"NA","G5262372",121659672
"184","G5262372","Sterna hirundo","18",47.6849213,117.5923991,"2019-08-22","obsr274621,obsr1620461","S59679745,S68269620",1,"NA","G5262372",121659672
"185","G5262372","Podiceps nigricollis","1000",47.6849213,117.5923991,"2019-08-22","obsr274621,obsr1620461","S59679745,S68269620",1,"NA","G5262372",121659672
"186","G5262372","Anas acuta","30",47.6849213,117.5923991,"2019-08-22","obsr274621,obsr1620461","S59679745,S68269620",1,"NA","G5262372",121659672
"187","G5262372","Spatula clypeata","50",47.6849213,117.5923991,"2019-08-22","obsr274621,obsr1620461","S59679745,S68269620",1,"NA","G5262372",121659672
"188","G5262372","Circus cyaneus","3",47.6849213,117.5923991,"2019-08-22","obsr274621,obsr1620461","S59679745,S68269620",1,"NA","G5262372",121659672
"189","G5262372","Pluvialis squatarola","3",47.6849213,117.5923991,"2019-08-22","obsr274621,obsr1620461","S59679745,S68269620",1,"NA","G5262372",121659672
"190","G5262372","Numenius arquata","60",47.6849213,117.5923991,"2019-08-22","obsr274621,obsr1620461","S59679745,S68269620",1,"NA","G5262372",121659672
"191","G5262372","Coturnix japonica","10",47.6849213,117.5923991,"2019-08-22","obsr274621,obsr1620461","S59679745,S68269620",1,"NA","G5262372",121659672
"192","G5262372","Charadrius mongolus","19",47.6849213,117.5923991,"2019-08-22","obsr274621,obsr1620461","S59679745,S68269620",1,"NA","G5262372",121659672
"193","G5262372","Numenius madagascariensis","4",47.6849213,117.5923991,"2019-08-22","obsr274621","S59679745",1,"NA","G5262372",121659672
"194","G5262372","Emberiza chrysophrys","3",47.6849213,117.5923991,"2019-08-22","obsr274621,obsr1620461","S59679745,S68269620",1,"NA","G5262372",121659672
"195","G5262372","Motacilla alba","5",47.6849213,117.5923991,"2019-08-22","obsr274621,obsr1620461","S59679745,S68269620",1,"NA","G5262372",121659672
"196","G5262372","Gallinago gallinago","150",47.6849213,117.5923991,"2019-08-22","obsr274621,obsr1620461","S59679745,S68269620",1,"NA","G5262372",121659672
"197","G5262372","Calidris alpina","1",47.6849213,117.5923991,"2019-08-22","obsr274621,obsr1620461","S59679745,S68269620",1,"NA","G5262372",121659672
"198","G5262372","Pluvialis fulva","150",47.6849213,117.5923991,"2019-08-22","obsr274621,obsr1620461","S59679745,S68269620",1,"NA","G5262372",121659672
"199","G5262372","Calidris pugnax","1",47.6849213,117.5923991,"2019-08-22","obsr274621,obsr1620461","S59679745,S68269620",1,"NA","G5262372",121659672
"200","G5262372","Hydrocoloeus minutus","1",47.6849213,117.5923991,"2019-08-22","obsr274621,obsr1620461","S59679745,S68269620",1,"NA","G5262372",121659672
"201","G5262372","Anthus richardi","350",47.6849213,117.5923991,"2019-08-22","obsr274621,obsr1620461","S59679745,S68269620",1,"NA","G5262372",121659672
"202","G5262372","Larus canus","350",47.6849213,117.5923991,"2019-08-22","obsr274621,obsr1620461","S59679745,S68269620",1,"NA","G5262372",121659672
"203","G5262372","Tringa brevipes","1",47.6849213,117.5923991,"2019-08-22","obsr274621,obsr1620461","S59679745,S68269620",1,"NA","G5262372",121659672
"204","G5262372","Accipiter nisus","1",47.6849213,117.5923991,"2019-08-22","obsr274621,obsr1620461","S59679745,S68269620",1,"NA","G5262372",121659672
"205","G5262372","Carpodacus erythrinus","15",47.6849213,117.5923991,"2019-08-22","obsr274621,obsr1620461","S59679745,S68269620",1,"NA","G5262372",121659672
"206","G5262372","Cygnus cygnus","16",47.6849213,117.5923991,"2019-08-22","obsr274621,obsr1620461","S59679745,S68269620",1,"NA","G5262372",121659672
"207","G5262372","Calidris canutus","12",47.6849213,117.5923991,"2019-08-22","obsr274621,obsr1620461","S59679745,S68269620",1,"NA","G5262372",121659672
"208","G5262372","Melanocorypha mongolica","200",47.6849213,117.5923991,"2019-08-22","obsr274621,obsr1620461","S59679745,S68269620",1,"NA","G5262372",121659672
"209","G5262372","Passer montanus","4",47.6849213,117.5923991,"2019-08-22","obsr274621,obsr1620461","S59679745,S68269620",1,"NA","G5262372",121659672
"210","G5262372","Fulica atra","6000",47.6849213,117.5923991,"2019-08-22","obsr274621,obsr1620461","S59679745,S68269620",1,"NA","G5262372",121659672
"211","G5262372","Acrocephalus orientalis","1",47.6849213,117.5923991,"2019-08-22","obsr274621,obsr1620461","S59679745,S68269620",1,"NA","G5262372",121659672
"212","G5262372","Delichon urbicum","1",47.6849213,117.5923991,"2019-08-22","obsr274621,obsr1620461","S59679745,S68269620",1,"NA","G5262372",121659672
"213","G5262372","Lanius cristatus","15",47.6849213,117.5923991,"2019-08-22","obsr274621,obsr1620461","S59679745,S68269620",1,"NA","G5262372",121659672
"214","G5262372","Corvus frugilegus","20",47.6849213,117.5923991,"2019-08-22","obsr274621,obsr1620461","S59679745,S68269620",1,"NA","G5262372",121659672
"215","G5262372","Muscicapa sibirica","5",47.6849213,117.5923991,"2019-08-22","obsr274621,obsr1620461","S59679745,S68269620",1,"NA","G5262372",121659672
"216","G5262372","Sternula albifrons","16",47.6849213,117.5923991,"2019-08-22","obsr274621,obsr1620461","S59679745,S68269620",1,"NA","G5262372",121659672
"217","G5262372","Eremophila alpestris","5",47.6849213,117.5923991,"2019-08-22","obsr274621,obsr1620461","S59679745,S68269620",1,"NA","G5262372",121659672
"218","G5262372","Tringa nebularia","25",47.6849213,117.5923991,"2019-08-22","obsr274621,obsr1620461","S59679745,S68269620",1,"NA","G5262372",121659672
"219","G5262372","Motacilla cinerea","26",47.6849213,117.5923991,"2019-08-22","obsr274621,obsr1620461","S59679745,S68269620",1,"NA","G5262372",121659672
"220","G5262372","Chlidonias hybrida","1",47.6849213,117.5923991,"2019-08-22","obsr274621,obsr1620461","S59679745,S68269620",1,"NA","G5262372",121659672
"221","G5262372","Spatula querquedula","5",47.6849213,117.5923991,"2019-08-22","obsr274621,obsr1620461","S59679745,S68269620",1,"NA","G5262372",121659672
"222","G5262372","Hirundo rustica","300",47.6849213,117.5923991,"2019-08-22","obsr274621,obsr1620461","S59679745,S68269620",1,"NA","G5262372",121659672
"223","G5262372","Himantopus himantopus","200",47.6849213,117.5923991,"2019-08-22","obsr274621,obsr1620461","S59679745,S68269620",1,"NA","G5262372",121659672
"224","G5262372","Aythya fuligula","2",47.6849213,117.5923991,"2019-08-22","obsr274621,obsr1620461","S59679745,S68269620",1,"NA","G5262372",121659672
"225","G5262372","Ardea cinerea","40",47.6849213,117.5923991,"2019-08-22","obsr274621,obsr1620461","S59679745,S68269620",1,"NA","G5262372",121659672
"226","G5262372","Anser cygnoides","190",47.6849213,117.5923991,"2019-08-22","obsr274621,obsr1620461","S59679745,S68269620",1,"NA","G5262372",121659672
"227","G5262372","Xenus cinereus","15",47.6849213,117.5923991,"2019-08-22","obsr274621,obsr1620461","S59679745,S68269620",1,"NA","G5262372",121659672
"228","G5262372","Panurus biarmicus","15",47.6849213,117.5923991,"2019-08-22","obsr274621,obsr1620461","S59679745,S68269620",1,"NA","G5262372",121659672
"229","G5262372","Melanitta stejnegeri","5",47.6849213,117.5923991,"2019-08-22","obsr274621,obsr1620461","S59679745,S68269620",1,"NA","G5262372",121659672
"230","G5262372","Grus grus","3",47.6849213,117.5923991,"2019-08-22","obsr274621,obsr1620461","S59679745,S68269620",1,"NA","G5262372",121659672
"231","G5262372","Jynx torquilla","2",47.6849213,117.5923991,"2019-08-22","obsr274621,obsr1620461","S59679745,S68269620",1,"NA","G5262372",121659672
"232","G5262372","Falco tinnunculus","15",47.6849213,117.5923991,"2019-08-22","obsr274621,obsr1620461","S59679745,S68269620",1,"NA","G5262372",121659672
"233","G5262372","Falco peregrinus","1",47.6849213,117.5923991,"2019-08-22","obsr274621","S59679745",1,"NA","G5262372",121659672
"234","G5262372","Charadrius dubius","16",47.6849213,117.5923991,"2019-08-22","obsr274621,obsr1620461","S59679745,S68269620",1,"NA","G5262372",121659672
"235","G5262372","Mareca strepera","100",47.6849213,117.5923991,"2019-08-22","obsr274621,obsr1620461","S59679745,S68269620",1,"NA","G5262372",121659672
"236","G5262372","Calidris acuminata","50",47.6849213,117.5923991,"2019-08-22","obsr274621,obsr1620461","S59679745,S68269620",1,"NA","G5262372",121659672
"237","G5262372","Pica pica","20",47.6849213,117.5923991,"2019-08-22","obsr274621,obsr1620461","S59679745,S68269620",1,"NA","G5262372",121659672
"238","G5262372","Emberiza leucocephalos","1",47.6849213,117.5923991,"2019-08-22","obsr274621,obsr1620461","S59679745,S68269620",1,"NA","G5262372",121659672
"239","G5262372","Sibirionetta formosa","1",47.6849213,117.5923991,"2019-08-22","obsr274621,obsr1620461","S59679745,S68269620",1,"NA","G5262372",121659672
"240","G5262372","Lanius sphenocercus","4",47.6849213,117.5923991,"2019-08-22","obsr274621,obsr1620461","S59679745,S68269620",1,"NA","G5262372",121659672
"241","G5262372","Alauda arvensis","40",47.6849213,117.5923991,"2019-08-22","obsr274621,obsr1620461","S59679745,S68269620",1,"NA","G5262372",121659672
"242","G5262372","Calidris ferruginea","50",47.6849213,117.5923991,"2019-08-22","obsr274621,obsr1620461","S59679745,S68269620",1,"NA","G5262372",121659672
"243","G5262372","Bucephala clangula","1000",47.6849213,117.5923991,"2019-08-22","obsr274621,obsr1620461","S59679745,S68269620",1,"NA","G5262372",121659672
"244","G5262372","Riparia riparia","200",47.6849213,117.5923991,"2019-08-22","obsr274621,obsr1620461","S59679745,S68269620",1,"NA","G5262372",121659672
"245","G5262372","Spodiopsar cineraceus","1",47.6849213,117.5923991,"2019-08-22","obsr274621,obsr1620461","S59679745,S68269620",1,"NA","G5262372",121659672
"246","G5262372","Columba rupestris","12",47.6849213,117.5923991,"2019-08-22","obsr274621,obsr1620461","S59679745,S68269620",1,"NA","G5262372",121659672
"247","G5262372","Emberiza spodocephala","15",47.6849213,117.5923991,"2019-08-22","obsr274621,obsr1620461","S59679745,S68269620",1,"NA","G5262372",121659672
"248","G5262372","Phylloscopus fuscatus","7",47.6849213,117.5923991,"2019-08-22","obsr274621,obsr1620461","S59679745,S68269620",1,"NA","G5262372",121659672
"249","G5262372","Anthus cervinus","3",47.6849213,117.5923991,"2019-08-22","obsr274621,obsr1620461","S59679745,S68269620",1,"NA","G5262372",121659672
"250","G5262372","Emberiza pusilla","2",47.6849213,117.5923991,"2019-08-22","obsr274621,obsr1620461","S59679745,S68269620",1,"NA","G5262372",121659672
"251","G5262372","Phylloscopus borealis","9",47.6849213,117.5923991,"2019-08-22","obsr274621,obsr1620461","S59679745,S68269620",1,"NA","G5262372",121659672
"252","G5262372","Upupa epops","15",47.6849213,117.5923991,"2019-08-22","obsr274621,obsr1620461","S59679745,S68269620",1,"NA","G5262372",121659672
"253","G5262372","Vanellus vanellus","400",47.6849213,117.5923991,"2019-08-22","obsr274621,obsr1620461","S59679745,S68269620",1,"NA","G5262372",121659672
"254","G5262372","Podiceps grisegena","1",47.6849213,117.5923991,"2019-08-22","obsr274621,obsr1620461","S59679745,S68269620",1,"NA","G5262372",121659672
"255","G5262372","Limosa lapponica","1",47.6849213,117.5923991,"2019-08-22","obsr274621,obsr1620461","S59679745,S68269620",1,"NA","G5262372",121659672
"256","G5262372","Tringa glareola","100",47.6849213,117.5923991,"2019-08-22","obsr274621,obsr1620461","S59679745,S68269620",1,"NA","G5262372",121659672
"257","G5262372","Calidris falcinellus","7",47.6849213,117.5923991,"2019-08-22","obsr274621,obsr1620461","S59679745,S68269620",1,"NA","G5262372",121659672
"258","G5262372","Petronia petronia","60",47.6849213,117.5923991,"2019-08-22","obsr274621,obsr1620461","S59679745,S68269620",1,"NA","G5262372",121659672
"259","G5262372","Circus spilonotus","15",47.6849213,117.5923991,"2019-08-22","obsr274621,obsr1620461","S59679745,S68269620",1,"NA","G5262372",121659672
"260","G5262372","Alaudala cheleensis","2000",47.6849213,117.5923991,"2019-08-22","obsr274621,obsr1620461","S59679745,S68269620",1,"NA","G5262372",121659672
"261","G5262372","Motacilla tschutschensis","1500",47.6849213,117.5923991,"2019-08-22","obsr274621,obsr1620461","S59679745,S68269620",1,"NA","G5262372",121659672
"262","G5262372","Tadorna tadorna","1200",47.6849213,117.5923991,"2019-08-22","obsr274621,obsr1620461","S59679745,S68269620",1,"NA","G5262372",121659672
"263","G5262372","Columba livia","2",47.6849213,117.5923991,"2019-08-22","obsr274621,obsr1620461","S59679745,S68269620",1,"NA","G5262372",121659672
"264","G5262372","Tringa erythropus","210",47.6849213,117.5923991,"2019-08-22","obsr274621,obsr1620461","S59679745,S68269620",1,"NA","G5262372",121659672
"265","G5262372","Syrrhaptes paradoxus","1",47.6849213,117.5923991,"2019-08-22","obsr274621,obsr1620461","S59679745,S68269620",1,"NA","G5262372",121659672
"266","G5262372","Anser indicus","2",47.6849213,117.5923991,"2019-08-22","obsr274621,obsr1620461","S59679745,S68269620",1,"NA","G5262372",121659672
"267","G5262372","Aythya ferina","300",47.6849213,117.5923991,"2019-08-22","obsr274621,obsr1620461","S59679745,S68269620",1,"NA","G5262372",121659672
"268","G5262372","Anthropoides virgo","3",47.6849213,117.5923991,"2019-08-22","obsr274621,obsr1620461","S59679745,S68269620",1,"NA","G5262372",121659672
"269","G5262372","Mareca penelope","5",47.6849213,117.5923991,"2019-08-22","obsr274621,obsr1620461","S59679745,S68269620",1,"NA","G5262372",121659672
"270","G5262372","Emberiza pallasi","50",47.6849213,117.5923991,"2019-08-22","obsr274621,obsr1620461","S59679745,S68269620",1,"NA","G5262372",121659672
"271","G5262372","Calamornis heudei","3",47.6849213,117.5923991,"2019-08-22","obsr274621,obsr1620461","S59679745,S68269620",1,"NA","G5262372",121659672
"272","G5262372","Alcedo atthis","1",47.6849213,117.5923991,"2019-08-22","obsr274621,obsr1620461","S59679745,S68269620",1,"NA","G5262372",121659672
"273","G5262372","Acrocephalus bistrigiceps","20",47.6849213,117.5923991,"2019-08-22","obsr274621,obsr1620461","S59679745,S68269620",1,"NA","G5262372",121659672
"274","G5262372","Oenanthe isabellina","110",47.6849213,117.5923991,"2019-08-22","obsr274621,obsr1620461","S59679745,S68269620",1,"NA","G5262372",121659672
"275","G5262372","Locustella lanceolata","2",47.6849213,117.5923991,"2019-08-22","obsr274621,obsr1620461","S59679745,S68269620",1,"NA","G5262372",121659672
"276","G5262372","Phalacrocorax carbo","3000",47.6849213,117.5923991,"2019-08-22","obsr274621,obsr1620461","S59679745,S68269620",1,"NA","G5262372",121659672
"277","G5262372","Actitis hypoleucos","25",47.6849213,117.5923991,"2019-08-22","obsr274621,obsr1620461","S59679745,S68269620",1,"NA","G5262372",121659672
"278","G5262372","Motacilla citreola","19",47.6849213,117.5923991,"2019-08-22","obsr274621,obsr1620461","S59679745,S68269620",1,"NA","G5262372",121659672
"279","G5262372","Muscicapa dauurica","3",47.6849213,117.5923991,"2019-08-22","obsr274621,obsr1620461","S59679745,S68269620",1,"NA","G5262372",121659672
"280","G5262372","Calidris subminuta","3",47.6849213,117.5923991,"2019-08-22","obsr274621,obsr1620461","S59679745,S68269620",1,"NA","G5262372",121659672
"281","G5262372","Phylloscopus plumbeitarsus","20",47.6849213,117.5923991,"2019-08-22","obsr274621,obsr1620461","S59679745,S68269620",1,"NA","G5262372",121659672
"282","G5262372","Aquila nipalensis","3",47.6849213,117.5923991,"2019-08-22","obsr274621,obsr1620461","S59679745,S68269620",1,"NA","G5262372",121659672
"283","G5262372","Tringa totanus","30",47.6849213,117.5923991,"2019-08-22","obsr274621,obsr1620461","S59679745,S68269620",1,"NA","G5262372",121659672
"284","G5262372","Chlidonias leucopterus","300",47.6849213,117.5923991,"2019-08-22","obsr274621,obsr1620461","S59679745,S68269620",1,"NA","G5262372",121659672
"285","G5262372","Recurvirostra avosetta","100",47.6849213,117.5923991,"2019-08-22","obsr274621,obsr1620461","S59679745,S68269620",1,"NA","G5262372",121659672
"286","G5262372","Calidris ruficollis","150",47.6849213,117.5923991,"2019-08-22","obsr274621,obsr1620461","S59679745,S68269620",1,"NA","G5262372",121659672
"287","G5262341","Numenius minutus","1000",47.6849213,117.5923991,"2019-08-21","obsr274621,obsr1620461","S59679967,S68269448",7,"NA","G5262341",121659672
"288","G5262341","Calandrella dukhunensis","20",47.6849213,117.5923991,"2019-08-21","obsr274621,obsr1620461","S59679967,S68269448",7,"NA","G5262341",121659672
"289","G5262341","Hydroprogne caspia","1",47.6849213,117.5923991,"2019-08-21","obsr274621,obsr1620461","S59679967,S68269448",7,"NA","G5262341",121659672
"290","G5262341","Calidris temminckii","2",47.6849213,117.5923991,"2019-08-21","obsr274621,obsr1620461","S59679967,S68269448",7,"NA","G5262341",121659672
"291","G5262341","Corvus corax","2",47.6849213,117.5923991,"2019-08-21","obsr274621,obsr1620461","S59679967,S68269448",7,"NA","G5262341",121659672
"292","G5262341","Larus argentatus","50",47.6849213,117.5923991,"2019-08-21","obsr274621,obsr1620461","S59679967,S68269448",7,"NA","G5262341",121659672
"293","G5262341","Tringa nebularia","1",47.6849213,117.5923991,"2019-08-21","obsr274621,obsr1620461","S59679967,S68269448",7,"NA","G5262341",121659672
"294","G5262341","Gallinago sp.","1",47.6849213,117.5923991,"2019-08-21","obsr274621,obsr1620461","S59679967,S68269448",7,"NA","G5262341",121659672
"295","G5262341","Alauda arvensis","2",47.6849213,117.5923991,"2019-08-21","obsr274621,obsr1620461","S59679967,S68269448",7,"NA","G5262341",121659672
"296","G5262341","Tringa glareola","3",47.6849213,117.5923991,"2019-08-21","obsr274621,obsr1620461","S59679967,S68269448",7,"NA","G5262341",121659672
"297","G5262341","Platalea leucorodia","233",47.6849213,117.5923991,"2019-08-21","obsr274621,obsr1620461","S59679967,S68269448",7,"NA","G5262341",121659672
"298","G5262341","Tringa erythropus","1",47.6849213,117.5923991,"2019-08-21","obsr274621,obsr1620461","S59679967,S68269448",7,"NA","G5262341",121659672
"299","G5262341","Calidris ruficollis","3",47.6849213,117.5923991,"2019-08-21","obsr274621,obsr1620461","S59679967,S68269448",7,"NA","G5262341",121659672
"300","G5262341","Chroicocephalus ridibundus","10",47.6849213,117.5923991,"2019-08-21","obsr274621,obsr1620461","S59679967,S68269448",7,"NA","G5262341",121659672
"301","G5262341","Alaudala cheleensis","200",47.6849213,117.5923991,"2019-08-21","obsr274621,obsr1620461","S59679967,S68269448",7,"NA","G5262341",121659672
"302","G5262341","Motacilla alba","2",47.6849213,117.5923991,"2019-08-21","obsr274621,obsr1620461","S59679967,S68269448",7,"NA","G5262341",121659672
"303","G5262341","Anser cygnoides","150",47.6849213,117.5923991,"2019-08-21","obsr274621,obsr1620461","S59679967,S68269448",7,"NA","G5262341",121659672
"304","G5262341","Ardea alba","1",47.6849213,117.5923991,"2019-08-21","obsr274621,obsr1620461","S59679967,S68269448",7,"NA","G5262341",121659672
"305","G5262341","Gelochelidon nilotica","3",47.6849213,117.5923991,"2019-08-21","obsr274621,obsr1620461","S59679967,S68269448",7,"NA","G5262341",121659672
"306","G5262341","Anas platyrhynchos","30",47.6849213,117.5923991,"2019-08-21","obsr274621,obsr1620461","S59679967,S68269448",7,"NA","G5262341",121659672
"307","G5262341","Vanellus vanellus","50",47.6849213,117.5923991,"2019-08-21","obsr274621,obsr1620461","S59679967,S68269448",7,"NA","G5262341",121659672
"308","G5262341","Upupa epops","1",47.6849213,117.5923991,"2019-08-21","obsr274621,obsr1620461","S59679967,S68269448",7,"NA","G5262341",121659672
"309","G5262341","Chlidonias leucopterus","200",47.6849213,117.5923991,"2019-08-21","obsr274621,obsr1620461","S59679967,S68269448",7,"NA","G5262341",121659672
"310","G5262341","Tringa ochropus","1",47.6849213,117.5923991,"2019-08-21","obsr274621,obsr1620461","S59679967,S68269448",7,"NA","G5262341",121659672
"311","G5262341","Motacilla tschutschensis","60",47.6849213,117.5923991,"2019-08-21","obsr274621,obsr1620461","S59679967,S68269448",7,"NA","G5262341",121659672
"312","G5262341","Calidris alba","1",47.6849213,117.5923991,"2019-08-21","obsr274621,obsr1620461","S59679967,S68269448",7,"NA","G5262341",121659672
"313","G5262341","Charadrius dubius","10",47.6849213,117.5923991,"2019-08-21","obsr274621,obsr1620461","S59679967,S68269448",7,"NA","G5262341",121659672
"314","G5262341","Limosa limosa","3",47.6849213,117.5923991,"2019-08-21","obsr274621,obsr1620461","S59679967,S68269448",7,"NA","G5262341",121659672
"315","G5262341","Arenaria interpres","1",47.6849213,117.5923991,"2019-08-21","obsr274621,obsr1620461","S59679967,S68269448",7,"NA","G5262341",121659672
"316","G5262341","Charadrius alexandrinus","30",47.6849213,117.5923991,"2019-08-21","obsr274621,obsr1620461","S59679967,S68269448",7,"NA","G5262341",121659672
"317","NA","Sternula albifrons","35",47.6849213,117.5923991,"2020-07-10","obsr924536,obsr630645,obsr630645","S71559598,S71736824,S71736865",16,"NA","NA",121659672
"318","NA","Charadrius veredus","50",47.6849213,117.5923991,"2020-07-10","obsr924536,obsr630645","S71559598,S71736824",16,"NA","NA",121659672
"319","NA","Calandrella dukhunensis","10",47.6849213,117.5923991,"2020-07-10","obsr924536","S71559598",16,"NA","NA",121659672
"320","NA","Cygnus olor","2",47.6849213,117.5923991,"2020-07-10","obsr924536","S71559598",16,"NA","NA",121659672
"321","NA","Pluvialis fulva","25",47.6849213,117.5923991,"2020-07-10","obsr924536,obsr630645,obsr993923,obsr1126920","S71559598,S71944429,S72568552,S72867409",16,"NA","NA",121659672
"322","G6994945","Tringa glareola","25",47.6849213,117.5923991,"2021-07-15","obsr924536,obsr1042237,obsr1066944","S91779935,S91779936,S96789933",180,"4.06","G6994945",121659672
"323","G6994945","Podiceps cristatus","16",47.6849213,117.5923991,"2021-07-15","obsr924536,obsr1042237,obsr1066944","S91779935,S91779936,S96789933",180,"4.06","G6994945",121659672
"324","G6994945","Recurvirostra avosetta","6",47.6849213,117.5923991,"2021-07-15","obsr924536,obsr1042237,obsr1066944","S91779935,S91779936,S96789933",180,"4.06","G6994945",121659672
"325","G6994945","Tringa stagnatilis","6",47.6849213,117.5923991,"2021-07-15","obsr924536,obsr1042237,obsr1066944","S91779935,S91779936,S96789933",180,"4.06","G6994945",121659672
"326","G6994945","Motacilla tschutschensis","30",47.6849213,117.5923991,"2021-07-15","obsr924536,obsr1042237,obsr1066944","S91779935,S91779936,S96789933",180,"4.06","G6994945",121659672
"327","G6994945","Cuculus canorus","1",47.6849213,117.5923991,"2021-07-15","obsr924536,obsr1042237,obsr1066944","S91779935,S91779936,S96789933",180,"4.06","G6994945",121659672
"328","G6994945","Arenaria interpres","3",47.6849213,117.5923991,"2021-07-15","obsr924536,obsr1042237,obsr1066944","S91779935,S91779936,S96789933",180,"4.06","G6994945",121659672
"329","G6994945","Alauda arvensis","5",47.6849213,117.5923991,"2021-07-15","obsr924536,obsr1042237,obsr1066944","S91779935,S91779936,S96789933",180,"4.06","G6994945",121659672
"330","G6994945","Phalacrocorax carbo","2",47.6849213,117.5923991,"2021-07-15","obsr924536,obsr1042237,obsr1066944","S91779935,S91779936,S96789933",180,"4.06","G6994945",121659672
"331","G6994945","Acrocephalus orientalis","1",47.6849213,117.5923991,"2021-07-15","obsr924536,obsr1042237,obsr1066944","S91779935,S91779936,S96789933",180,"4.06","G6994945",121659672
"332","G6994945","Limnodromus scolopaceus","1",47.6849213,117.5923991,"2021-07-15","obsr924536,obsr1042237,obsr1066944","S91779935,S91779936,S96789933",180,"4.06","G6994945",121659672
"333","G6994945","Tadorna tadorna","20",47.6849213,117.5923991,"2021-07-15","obsr924536,obsr1042237,obsr1066944","S91779935,S91779936,S96789933",180,"4.06","G6994945",121659672
"334","G6994945","Tringa ochropus","5",47.6849213,117.5923991,"2021-07-15","obsr924536,obsr1042237,obsr1066944","S91779935,S91779936,S96789933",180,"4.06","G6994945",121659672
"335","G6994945","Limosa limosa","25",47.6849213,117.5923991,"2021-07-15","obsr924536,obsr1042237,obsr1066944","S91779935,S91779936,S96789933",180,"4.06","G6994945",121659672
"336","G6994945","Mareca strepera","6",47.6849213,117.5923991,"2021-07-15","obsr924536,obsr1042237,obsr1066944","S91779935,S91779936,S96789933",180,"4.06","G6994945",121659672
"337","G6994945","Tringa erythropus","4",47.6849213,117.5923991,"2021-07-15","obsr924536,obsr1042237,obsr1066944","S91779935,S91779936,S96789933",180,"4.06","G6994945",121659672
"338","G6994945","Larus argentatus","8",47.6849213,117.5923991,"2021-07-15","obsr924536,obsr1042237,obsr1066944","S91779935,S91779936,S96789933",180,"4.06","G6994945",121659672
"339","G6994945","Gelochelidon nilotica","2",47.6849213,117.5923991,"2021-07-15","obsr924536,obsr1042237,obsr1066944","S91779935,S91779936,S96789933",180,"4.06","G6994945",121659672
"340","G6994945","Bucephala clangula","45",47.6849213,117.5923991,"2021-07-15","obsr924536,obsr1042237,obsr1066944","S91779935,S91779936,S96789933",180,"4.06","G6994945",121659672
"341","G6994945","Oenanthe isabellina","2",47.6849213,117.5923991,"2021-07-15","obsr924536,obsr1042237,obsr1066944","S91779935,S91779936,S96789933",180,"4.06","G6994945",121659672
"342","G6994945","Xenus cinereus","4",47.6849213,117.5923991,"2021-07-15","obsr924536,obsr1042237,obsr1066944","S91779935,S91779936,S96789933",180,"4.06","G6994945",121659672
"343","G6994945","Asio flammeus","2",47.6849213,117.5923991,"2021-07-15","obsr924536,obsr1042237,obsr1066944","S91779935,S91779936,S96789933",180,"4.06","G6994945",121659672
"344","G6994945","Chroicocephalus ridibundus","25",47.6849213,117.5923991,"2021-07-15","obsr924536,obsr1042237,obsr1066944","S91779935,S91779936,S96789933",180,"4.06","G6994945",121659672
"345","G6994945","Cygnus olor","430",47.6849213,117.5923991,"2021-07-15","obsr924536,obsr1042237,obsr1066944","S91779935,S91779936,S96789933",180,"4.06","G6994945",121659672
"346","G6994945","Anser cygnoides","8000",47.6849213,117.5923991,"2021-07-15","obsr924536,obsr1042237,obsr1066944","S91779935,S91779936,S96789933",180,"4.06","G6994945",121659672
"347","G6994945","Aquila nipalensis","1",47.6849213,117.5923991,"2021-07-15","obsr924536,obsr1042237,obsr1066944","S91779935,S91779936,S96789933",180,"4.06","G6994945",121659672
"348","G6994945","Hirundo rustica","4",47.6849213,117.5923991,"2021-07-15","obsr924536,obsr1042237,obsr1066944","S91779935,S91779936,S96789933",180,"4.06","G6994945",121659672
"349","G6994945","Riparia riparia","800",47.6849213,117.5923991,"2021-07-15","obsr924536,obsr1042237,obsr1066944","S91779935,S91779936,S96789933",180,"4.06","G6994945",121659672
"350","G6994945","Calidris acuminata","20",47.6849213,117.5923991,"2021-07-15","obsr924536,obsr1042237,obsr1066944","S91779935,S91779936,S96789933",180,"4.06","G6994945",121659672
"351","G6994945","Netta rufina","1",47.6849213,117.5923991,"2021-07-15","obsr924536,obsr1042237,obsr1066944","S91779935,S91779936,S96789933",180,"4.06","G6994945",121659672
"352","G6994945","Tadorna ferruginea","30",47.6849213,117.5923991,"2021-07-15","obsr924536,obsr1042237,obsr1066944","S91779935,S91779936,S96789933",180,"4.06","G6994945",121659672
"353","G6994945","Anas platyrhynchos","2",47.6849213,117.5923991,"2021-07-15","obsr924536,obsr1042237,obsr1066944","S91779935,S91779936,S96789933",180,"4.06","G6994945",121659672
"354","G6994945","Spodiopsar cineraceus","24",47.6849213,117.5923991,"2021-07-15","obsr924536,obsr1042237,obsr1066944","S91779935,S91779936,S96789933",180,"4.06","G6994945",121659672
"355","G6994945","Numenius arquata","2",47.6849213,117.5923991,"2021-07-15","obsr924536,obsr1042237,obsr1066944","S91779935,S91779936,S96789933",180,"4.06","G6994945",121659672
"356","G6994945","Charadrius alexandrinus","9",47.6849213,117.5923991,"2021-07-15","obsr924536,obsr1042237,obsr1066944","S91779935,S91779936,S96789933",180,"4.06","G6994945",121659672
"357","G6994945","Hydroprogne caspia","25",47.6849213,117.5923991,"2021-07-15","obsr924536,obsr1042237,obsr1066944","S91779935,S91779936,S96789933",180,"4.06","G6994945",121659672
"358","G6994945","Actitis hypoleucos","2",47.6849213,117.5923991,"2021-07-15","obsr924536,obsr1042237,obsr1066944","S91779935,S91779936,S96789933",180,"4.06","G6994945",121659672
"359","G6994945","Passer montanus","17",47.6849213,117.5923991,"2021-07-15","obsr924536,obsr1042237,obsr1066944","S91779935,S91779936,S96789933",180,"4.06","G6994945",121659672
"360","G6994945","Lanius sphenocercus","3",47.6849213,117.5923991,"2021-07-15","obsr924536,obsr1042237,obsr1066944","S91779935,S91779936,S96789933",180,"4.06","G6994945",121659672
"361","G6994945","Anthus richardi","2",47.6849213,117.5923991,"2021-07-15","obsr924536,obsr1042237,obsr1066944","S91779935,S91779936,S96789933",180,"4.06","G6994945",121659672
"362","G6994945","Calandrella dukhunensis","10",47.6849213,117.5923991,"2021-07-15","obsr924536,obsr1042237,obsr1066944","S91779935,S91779936,S96789933",180,"4.06","G6994945",121659672
"363","G6994945","Charadrius veredus","2",47.6849213,117.5923991,"2021-07-15","obsr924536,obsr1042237,obsr1066944","S91779935,S91779936,S96789933",180,"4.06","G6994945",121659672
"364","G6994945","Sternula albifrons","3",47.6849213,117.5923991,"2021-07-15","obsr924536,obsr1042237,obsr1066944","S91779935,S91779936,S96789933",180,"4.06","G6994945",121659672
"365","G6994945","Charadrius dubius","2",47.6849213,117.5923991,"2021-07-15","obsr924536,obsr1042237,obsr1066944","S91779935,S91779936,S96789933",180,"4.06","G6994945",121659672
"366","G6994945","Chlidonias leucopterus","2",47.6849213,117.5923991,"2021-07-15","obsr924536,obsr1042237,obsr1066944","S91779935,S91779936,S96789933",180,"4.06","G6994945",121659672
"367","G6994945","Limnodromus semipalmatus","4",47.6849213,117.5923991,"2021-07-15","obsr924536,obsr1042237,obsr1066944","S91779935,S91779936,S96789933",180,"4.06","G6994945",121659672
"368","G6994945","Platalea leucorodia","13",47.6849213,117.5923991,"2021-07-15","obsr924536,obsr1042237,obsr1066944","S91779935,S91779936,S96789933",180,"4.06","G6994945",121659672
"369","G6994945","Calidris falcinellus","11",47.6849213,117.5923991,"2021-07-15","obsr924536,obsr1042237,obsr1066944","S91779935,S91779936,S96789933",180,"4.06","G6994945",121659672
"370","G6994945","Aythya ferina","30",47.6849213,117.5923991,"2021-07-15","obsr924536,obsr1042237,obsr1066944","S91779935,S91779936,S96789933",180,"4.06","G6994945",121659672
"371","G6994945","Pica pica","5",47.6849213,117.5923991,"2021-07-15","obsr924536,obsr1042237,obsr1066944","S91779935,S91779936,S96789933",180,"4.06","G6994945",121659672
"372","G6994945","Vanellus vanellus","12",47.6849213,117.5923991,"2021-07-15","obsr924536,obsr1042237,obsr1066944","S91779935,S91779936,S96789933",180,"4.06","G6994945",121659672
"373","G6994945","Upupa epops","7",47.6849213,117.5923991,"2021-07-15","obsr924536,obsr1042237,obsr1066944","S91779935,S91779936,S96789933",180,"4.06","G6994945",121659672
"374","G6994945","Cygnus cygnus","10",47.6849213,117.5923991,"2021-07-15","obsr924536,obsr1042237,obsr1066944","S91779935,S91779936,S96789933",180,"4.06","G6994945",121659672
"375","G6994945","Circus spilonotus","3",47.6849213,117.5923991,"2021-07-15","obsr924536,obsr1042237,obsr1066944","S91779935,S91779936,S96789933",180,"4.06","G6994945",121659672
"376","G6994945","Fulica atra","20",47.6849213,117.5923991,"2021-07-15","obsr924536,obsr1042237,obsr1066944","S91779935,S91779936,S96789933",180,"4.06","G6994945",121659672
"377","G6994945","Sterna hirundo","3",47.6849213,117.5923991,"2021-07-15","obsr924536,obsr1042237,obsr1066944","S91779935,S91779936,S96789933",180,"4.06","G6994945",121659672
"378","G6994945","Numenius madagascariensis","1",47.6849213,117.5923991,"2021-07-15","obsr924536,obsr1042237,obsr1066944","S91779935,S91779936,S96789933",180,"4.06","G6994945",121659672
"379","G6994945","Calidris ruficollis","30",47.6849213,117.5923991,"2021-07-15","obsr924536,obsr1042237,obsr1066944","S91779935,S91779936,S96789933",180,"4.06","G6994945",121659672
"380","G6994945","Buteo hemilasius","3",47.6849213,117.5923991,"2021-07-15","obsr924536,obsr1042237,obsr1066944","S91779935,S91779936,S96789933",180,"4.06","G6994945",121659672
"381","G6994945","Charadrius mongolus","2",47.6849213,117.5923991,"2021-07-15","obsr924536,obsr1042237,obsr1066944","S91779935,S91779936,S96789933",180,"4.06","G6994945",121659672
"382","G6994945","Himantopus himantopus","26",47.6849213,117.5923991,"2021-07-15","obsr924536,obsr1042237,obsr1066944","S91779935,S91779936,S96789933",180,"4.06","G6994945",121659672
"383","G6994945","Calidris temminckii","5",47.6849213,117.5923991,"2021-07-15","obsr924536,obsr1042237,obsr1066944","S91779935,S91779936,S96789933",180,"4.06","G6994945",121659672
"384","G6994945","Tringa totanus","2",47.6849213,117.5923991,"2021-07-15","obsr924536,obsr1042237,obsr1066944","S91779935,S91779936,S96789933",180,"4.06","G6994945",121659672
"385","G6994945","Calidris ferruginea","10",47.6849213,117.5923991,"2021-07-15","obsr924536,obsr1042237,obsr1066944","S91779935,S91779936,S96789933",180,"4.06","G6994945",121659672
"386","G6994945","Melanocorypha mongolica","5",47.6849213,117.5923991,"2021-07-15","obsr924536,obsr1042237,obsr1066944","S91779935,S91779936,S96789933",180,"4.06","G6994945",121659672
"387","G6994945","Ardea cinerea","3",47.6849213,117.5923991,"2021-07-15","obsr924536,obsr1042237,obsr1066944","S91779935,S91779936,S96789933",180,"4.06","G6994945",121659672
"388","G6994945","Anthropoides virgo","2",47.6849213,117.5923991,"2021-07-15","obsr924536,obsr1042237,obsr1066944","S91779935,S91779936,S96789933",180,"4.06","G6994945",121659672
"389","G6994945","Anser anser","45",47.6849213,117.5923991,"2021-07-15","obsr924536,obsr1042237,obsr1066944","S91779935,S91779936,S96789933",180,"4.06","G6994945",121659672
"390","G6994945","Calidris canutus","5",47.6849213,117.5923991,"2021-07-15","obsr1042237","S91779936",180,"4.06","G6994945",121659672
