"","cell","number_checklists","total_SR","total_duration","avg_duration","no_months","4","5","6","7","8","9","10","11","12","1","2","3","square"
"1",323299425,1,5,300,60,1,1,0,0,0,0,0,0,0,0,0,0,0,"r3c1"
"2",323371702,35,10,5336,95.2857142857143,9,2,2,9,3,3,1,3,7,5,0,0,0,"r3c1"
"3",323769294,9,1,830,92.2222222222222,2,0,0,0,8,1,0,0,0,0,0,0,0,"r3c1"
"4",323877664,1,1,45,45,1,0,0,0,0,0,1,0,0,0,0,0,0,"r3c1"
"5",323877707,1,2,150,75,1,0,0,1,0,0,0,0,0,0,0,0,0,"r3c1"
"6",323877708,36,12,13158,109.65,11,3,0,1,10,4,5,6,1,2,1,1,2,"r3c1"
"7",323877721,1,5,5,1,1,0,0,0,0,0,0,0,0,0,0,1,0,"r3c1"
"8",323913846,11,7,2786,77.3888888888889,8,0,1,2,1,0,1,2,0,0,1,1,2,"r3c1"
"9",323949927,1,4,360,90,1,0,0,0,0,0,0,0,0,0,0,0,1,"r3c1"
"10",323949928,36,10,6817,46.0608108108108,7,13,0,1,0,8,1,1,0,0,0,2,10,"r3c1"
"11",323949981,8,9,1332,63.4285714285714,5,3,0,0,0,0,0,1,1,2,0,0,1,"r3c1"
"12",323949984,5,2,610,61,1,0,0,0,0,0,0,5,0,0,0,0,0,"r3c1"
"13",323986065,6,7,622,23.9230769230769,4,2,0,0,0,1,2,0,0,0,0,0,1,"r3c1"
"14",323986066,3,5,115,8.84615384615385,1,0,0,0,0,0,0,0,0,3,0,0,0,"r3c1"
"15",324022203,3,5,720,80,1,0,0,0,0,0,0,0,0,0,0,0,3,"r3c1"
"16",324022204,1,4,428,107,1,0,0,0,0,0,0,0,0,0,0,0,1,"r3c1"
"17",324022268,1,5,15,3,1,0,0,0,0,0,0,0,0,0,0,1,0,"r3c1"
"18",324058342,63,10,7294,32.2743362831858,6,9,0,4,0,0,1,0,0,10,0,7,32,"r3c1"
"19",324058394,3,5,1067,106.7,2,0,0,2,0,0,0,0,0,1,0,0,0,"r3c1"
"20",324058395,211,17,112731,132.31338028169,12,18,10,18,26,12,17,27,16,12,17,16,22,"r3c1"
"21",324058396,1,2,240,120,1,0,0,0,1,0,0,0,0,0,0,0,0,"r3c1"
"22",324058423,1,5,600,120,1,0,0,0,0,0,0,0,0,1,0,0,0,"r3c1"
"23",324094480,10,7,9729,147.409090909091,2,0,0,0,9,0,0,0,0,0,0,0,1,"r3c1"
"24",324094482,2,7,441,40.0909090909091,2,0,1,0,1,0,0,0,0,0,0,0,0,"r3c1"
"25",324094485,1,7,140,20,1,0,0,0,0,0,0,0,0,0,0,1,0,"r3c1"
"26",324130610,1,3,180,60,1,0,0,0,0,0,0,1,0,0,0,0,0,"r3c1"
"27",324130612,306,13,82970,126.094224924012,12,14,27,52,44,20,14,27,27,14,14,32,21,"r3c1"
"28",324130618,5,5,2500,100,1,0,0,5,0,0,0,0,0,0,0,0,0,"r3c1"
"29",324130619,230,15,87145,109.47864321608,12,14,25,53,40,10,8,11,13,9,12,21,14,"r3c1"
"30",324130620,6,9,1660,83,3,0,0,3,1,0,0,0,0,0,0,2,0,"r3c1"
"31",324130672,1,1,90,90,1,0,0,0,0,0,0,0,0,0,0,1,0,"r3c1"
"32",324130685,16,10,4988,121.658536585366,8,0,0,4,1,1,1,1,3,0,0,2,3,"r3c1"
"33",324130686,2,1,360,180,1,0,0,0,0,0,2,0,0,0,0,0,0,"r3c1"
"34",324166749,1,3,360,120,1,0,0,0,0,0,0,1,0,0,0,0,0,"r3c1"
"35",324166750,4,3,1092,121.333333333333,3,0,2,0,1,0,0,1,0,0,0,0,0,"r3c1"
"36",324166751,12,3,1372,105.538461538462,3,0,0,10,0,1,0,0,0,0,0,1,0,"r3c1"
"37",324166757,7,3,987,47,1,0,0,0,7,0,0,0,0,0,0,0,0,"r3c1"
"38",324166759,1,4,80,20,1,0,0,0,0,0,0,0,0,0,0,1,0,"r3c1"
"39",324202948,1,2,120,60,1,0,1,0,0,0,0,0,0,0,0,0,0,"r3c1"
"40",324202976,2,2,150,75,2,0,0,0,1,0,1,0,0,0,0,0,0,"r3c1"
"41",324202977,118,8,21161,116.911602209945,12,5,5,32,6,15,4,9,11,5,7,14,5,"r3c1"
"42",324202978,9,4,545,54.5,5,0,0,0,2,1,0,0,1,0,1,4,0,"r3c1"
"43",324239030,5,6,1410,117.5,3,0,3,0,1,0,0,0,0,1,0,0,0,"r3c1"
"44",324239035,1,4,36,9,1,0,0,0,0,0,1,0,0,0,0,0,0,"r3c1"
"45",324239114,70,9,12806,118.574074074074,12,2,4,5,11,19,5,7,5,2,5,2,3,"r3c1"
"46",324239115,7,3,1102,84.7692307692308,3,0,1,5,0,0,0,0,1,0,0,0,0,"r3c1"
"47",324347501,9,7,3440,101.176470588235,6,0,1,0,0,1,2,3,1,0,0,1,0,"r3c1"
"48",324347516,1,1,90,90,1,0,0,0,0,0,0,0,0,0,1,0,0,"r3c1"
"49",324419776,1,6,210,35,1,0,0,0,0,0,0,0,0,0,0,1,0,"r3c1"
"50",324455940,1,1,90,90,1,0,0,0,1,0,0,0,0,0,0,0,0,"r3c1"
"51",324455942,1,1,30,30,1,1,0,0,0,0,0,0,0,0,0,0,0,"r3c1"
"52",324528216,84,10,12271,95.8671875,12,9,7,7,3,8,6,22,7,3,6,4,2,"r3c1"
"53",324564262,14,11,3927,112.2,7,0,1,5,2,0,1,3,1,0,1,0,0,"r3c1"
"54",324600428,143,17,78171,100.476863753213,12,8,11,12,27,7,9,16,14,12,4,15,8,"r3c1"
"55",324600522,209,13,65773,127.714563106796,12,8,18,39,42,12,9,19,14,6,10,13,19,"r3c1"
"56",324600523,1,1,83,83,1,0,0,0,0,0,0,0,0,1,0,0,0,"r3c1"
"57",324636565,115,15,74373,121.524509803922,12,8,13,21,11,9,7,12,7,6,4,8,9,"r3c1"
"58",324636566,5,8,2646,110.25,3,0,1,1,0,0,0,0,0,0,0,3,0,"r3c1"
"59",324636618,236,14,84847,93.8573008849557,12,13,14,33,34,17,17,37,17,9,8,20,17,"r3c1"
"60",324636625,1,4,480,120,1,0,1,0,0,0,0,0,0,0,0,0,0,"r3c1"
"61",324636660,125,13,28337,111.562992125984,12,4,10,25,5,15,6,24,17,2,3,8,6,"r3c1"
"62",324636661,1,3,360,120,1,0,0,0,0,0,0,0,0,0,1,0,0,"r3c1"
"63",324672755,1,2,360,180,1,0,0,0,0,0,0,0,0,0,1,0,0,"r3c1"
"64",324672756,1,2,120,60,1,0,0,0,0,0,0,0,0,0,0,1,0,"r3c1"
"65",324672799,45,6,5437,81.1492537313433,10,0,2,4,7,3,5,8,7,6,1,2,0,"r3c1"
"66",324708840,1,1,60,60,1,0,0,0,0,0,0,1,0,0,0,0,0,"r3c1"
"67",324708894,1,3,180,60,1,0,0,1,0,0,0,0,0,0,0,0,0,"r3c1"
"68",324708928,39,8,11471,107.205607476636,11,1,5,15,1,0,1,6,2,1,5,1,1,"r3c1"
"69",324745076,1,1,120,120,1,0,1,0,0,0,0,0,0,0,0,0,0,"r3c1"
"70",324781212,77,13,9327,64.7708333333333,12,2,3,25,12,2,2,6,5,6,3,5,6,"r3c1"
"71",324781214,12,5,514,23.3636363636364,6,0,0,0,0,1,4,1,0,3,2,1,0,"r3c1"
"72",324817240,6,4,1180,118,4,0,2,0,0,0,0,0,0,2,1,1,0,"r3c1"
"73",324817352,182,13,16481,42.6968911917098,12,8,14,23,32,11,4,25,23,14,7,5,16,"r3c1"
"74",324817353,4,4,515,64.375,3,0,1,0,2,0,0,0,1,0,0,0,0,"r3c1"
"75",324853489,59,14,10301,88.042735042735,11,3,1,24,5,0,4,4,2,2,2,7,5,"r3c1"
"76",324889626,2,3,270,45,1,0,0,0,0,0,0,2,0,0,0,0,0,"r3c1"
"77",324889627,1,6,660,110,1,0,0,0,0,0,0,1,0,0,0,0,0,"r3c1"
"78",324925730,6,9,5400,245.454545454545,2,0,0,0,0,0,5,1,0,0,0,0,0,"r3c1"
"79",324925761,1,2,4,2,1,0,0,0,0,0,0,0,0,0,0,1,0,"r3c1"
"80",324925762,10,8,1124,48.8695652173913,3,3,5,0,0,0,0,2,0,0,0,0,0,"r3c1"
"81",324925765,32,7,2008,33.4666666666667,9,0,6,1,2,4,3,9,2,0,2,0,3,"r3c1"
"82",324961897,183,14,56801,103.087114337568,12,13,21,27,14,14,8,15,13,14,17,16,11,"r3c1"
"83",324961901,2,4,240,30,1,0,0,0,0,0,0,2,0,0,0,0,0,"r3c1"
"84",324961902,3,5,156,22.2857142857143,3,0,1,0,0,0,0,1,0,0,0,1,0,"r3c1"
"85",324961903,80,10,4207,29.6267605633803,12,2,2,10,13,6,4,7,5,9,10,4,8,"r3c1"
"86",324998036,93,13,17177,83.3834951456311,12,4,11,10,11,13,2,8,15,3,7,6,3,"r3c1"
"87",324998039,8,5,1045,36.0344827586207,3,1,0,0,0,0,0,4,0,3,0,0,0,"r3c1"
"88",325034165,1,6,594,99,1,0,0,0,0,0,0,0,1,0,0,0,0,"r3c1"
"89",325034168,4,2,501,71.5714285714286,3,0,0,0,1,0,1,0,2,0,0,0,0,"r3c1"
"90",325070322,1,1,60,60,1,0,0,0,0,0,0,0,0,0,0,1,0,"r3c1"
"91",325106434,184,16,96953,113.661195779601,12,12,23,15,12,16,7,17,18,22,18,16,8,"r3c1"
"92",325214843,41,8,9297,90.2621359223301,12,3,2,3,3,7,2,3,5,5,4,3,1,"r3c1"
"93",325251001,11,8,4029,51,1,0,0,11,0,0,0,0,0,0,0,0,0,"r3c1"
"94",325251021,1,5,1125,225,1,0,0,0,0,0,0,0,1,0,0,0,0,"r3c1"
"95",325287137,2,8,1170,106.363636363636,2,0,0,0,1,0,1,0,0,0,0,0,0,"r3c1"
"96",325287156,1,2,120,60,1,0,0,0,0,0,0,0,0,0,0,1,0,"r3c1"
"97",325287157,229,13,77311,118.94,12,17,15,17,31,19,15,27,19,12,14,18,25,"r3c1"
"98",325323199,1,10,60,6,1,0,1,0,0,0,0,0,0,0,0,0,0,"r3c1"
"99",325323202,1,2,20,10,1,0,0,0,0,0,0,0,0,0,0,1,0,"r3c1"
"100",325323243,1,1,60,60,1,0,0,0,0,0,0,0,0,1,0,0,0,"r3c1"
"101",325323295,2,4,780,156,2,0,0,0,0,0,0,1,0,0,1,0,0,"r3c1"
"102",325359340,124,16,34910,108.080495356037,12,8,7,10,13,8,7,8,12,12,10,17,12,"r3c1"
"103",325359341,5,5,557,55.7,3,0,0,0,0,1,1,0,0,0,0,3,0,"r3c1"
"104",325359342,1,2,38,19,1,0,0,0,0,0,0,0,0,0,0,1,0,"r3c1"
"105",325359382,1,1,24,24,1,0,0,0,0,0,0,0,1,0,0,0,0,"r3c1"
"106",325359383,1,9,1800,200,1,0,0,0,0,0,0,0,0,0,0,1,0,"r3c1"
"107",325359413,1,7,245,35,1,0,0,1,0,0,0,0,0,0,0,0,0,"r3c1"
"108",325395520,2,7,1014,84.5,1,0,0,0,0,0,0,0,2,0,0,0,0,"r3c1"
"109",325395551,3,9,1623,81.15,1,0,3,0,0,0,0,0,0,0,0,0,0,"r3c1"
"110",325395552,1,4,600,150,1,0,0,0,0,1,0,0,0,0,0,0,0,"r3c1"
"111",325431686,1,4,4,1,1,0,0,0,0,0,0,0,0,0,0,1,0,"r3c1"
"112",325431688,28,13,12823,65.7589743589744,6,1,4,18,0,1,1,0,0,3,0,0,0,"r3c1"
"113",325431689,1,8,288,36,1,0,0,0,0,0,0,0,1,0,0,0,0,"r3c1"
"114",325467819,73,14,26845,82.6,10,2,5,0,6,14,2,5,6,0,9,14,10,"r3c1"
"115",325467821,3,12,1980,90,2,0,0,2,0,0,0,1,0,0,0,0,0,"r3c1"
"116",325467823,3,8,1295,107.916666666667,2,1,0,0,0,0,0,0,0,0,0,2,0,"r3c1"
"117",325467824,464,15,179941,63.560932532674,12,15,35,93,68,33,10,49,42,29,24,38,28,"r3c1"
"118",325467825,4,11,1680,70,4,1,0,0,1,0,0,1,1,0,0,0,0,"r3c1"
"119",325467826,2,10,626,48.1538461538462,2,0,0,0,0,0,0,0,0,1,1,0,0,"r3c1"
"120",325467827,5,13,2357,67.3428571428571,3,1,0,0,0,0,0,0,3,1,0,0,0,"r3c1"
"121",325467828,2,7,90,7.5,2,0,0,0,0,0,0,0,1,1,0,0,0,"r3c1"
"122",325503958,10,10,1139,22.3333333333333,4,0,1,0,1,0,0,0,1,0,0,7,0,"r3c1"
"123",325503959,2,4,7,1,1,0,0,0,0,0,0,0,0,0,0,2,0,"r3c1"
"124",325503961,2,7,420,30,1,0,0,0,0,2,0,0,0,0,0,0,0,"r3c1"
"125",325503964,55,14,25939,79.8123076923077,12,2,2,5,6,1,9,10,4,6,1,5,4,"r3c1"
"126",325503965,1,10,1800,180,1,0,0,0,0,0,0,1,0,0,0,0,0,"r3c1"
"127",325503968,12,10,3958,87.9555555555555,8,1,1,1,1,2,0,0,0,0,1,3,2,"r3c1"
"128",325503972,34,12,10808,60.0444444444444,9,1,7,5,1,3,2,0,2,0,9,4,0,"r3c1"
"129",325503973,1,3,15,5,1,0,0,0,0,0,0,0,0,0,1,0,0,"r3c1"
"130",325540017,1,2,300,150,1,0,0,0,0,0,0,0,0,0,0,0,1,"r3c1"
"131",325540095,1,6,12,2,1,0,0,0,0,0,0,0,0,0,0,1,0,"r3c1"
"132",325540096,3,6,16,1,1,0,0,0,0,0,0,0,0,0,0,3,0,"r3c1"
"133",325540097,7,8,169,6.25925925925926,2,0,0,0,0,1,0,0,0,0,0,6,0,"r3c1"
"134",325540098,3,6,18,1.5,1,0,0,0,0,0,0,0,0,0,0,3,0,"r3c1"
"135",325540100,14,11,5698,87.6615384615385,5,1,1,9,0,0,0,2,0,0,1,0,0,"r3c1"
"136",325540106,7,6,361,16.4090909090909,1,0,0,0,0,0,0,0,0,0,0,7,0,"r3c1"
"137",325540110,7,12,1893,59.15625,5,0,0,0,1,0,1,1,0,1,0,3,0,"r3c1"
"138",325540111,6,10,2240,64,2,0,0,0,5,0,0,0,0,0,1,0,0,"r3c1"
"139",325540112,1,6,6,1,1,0,0,0,0,0,0,0,0,0,0,1,0,"r3c1"
"140",325576233,2,5,28,3.5,1,0,0,0,0,0,0,0,0,0,0,2,0,"r3c1"
"141",325576235,3,4,84,10.5,3,1,0,0,0,1,0,0,0,0,0,1,0,"r3c1"
"142",325576236,1,2,180,90,1,0,0,0,0,0,0,0,0,0,0,1,0,"r3c1"
"143",325576244,11,5,542,16.4242424242424,3,0,0,0,0,0,0,0,2,1,0,8,0,"r3c1"
"144",325576248,5,5,18,1,1,0,0,0,0,0,0,0,0,0,0,5,0,"r3c1"
"145",325576249,7,7,32,1.14285714285714,1,0,0,0,0,0,0,0,0,0,0,7,0,"r3c1"
"146",325612371,41,13,20277,103.454081632653,10,3,3,3,4,1,0,9,2,5,6,5,0,"r3c1"
"147",325612372,467,16,235288,89.0904960242332,12,16,25,118,73,29,11,37,48,32,22,26,30,"r3c1"
"148",325612373,2,5,64,8,1,0,0,0,0,0,0,0,0,2,0,0,0,"r3c1"
"149",325612376,5,11,1124,44.96,4,0,0,0,1,0,0,0,0,1,0,1,2,"r3c1"
"150",325612382,1,3,3,1,1,0,0,0,0,0,0,0,0,0,0,1,0,"r3c1"
"151",325612383,70,12,48443,126.153645833333,9,0,8,27,6,2,0,0,11,10,3,2,1,"r3c1"
"152",325612385,4,7,17,1,1,0,0,0,0,0,0,0,0,0,0,4,0,"r3c1"
"153",325612387,1,5,5,1,1,0,0,0,0,0,0,0,0,0,0,1,0,"r3c1"
"154",325612388,6,9,1283,44.2413793103448,4,0,0,0,2,2,1,0,0,0,1,0,0,"r3c1"
"155",325612389,2,6,71,10.1428571428571,2,0,0,0,0,0,0,0,0,0,1,1,0,"r3c1"
"156",325648434,1,3,360,120,1,0,0,0,0,0,0,0,0,0,1,0,0,"r3c1"
"157",325648509,2,7,20,2,1,0,0,0,0,0,0,0,0,0,0,2,0,"r3c1"
"158",325648510,2,7,32,4,2,0,0,0,0,0,0,0,0,1,0,1,0,"r3c1"
"159",325648511,1,3,3,1,1,0,0,0,0,0,0,0,0,0,0,1,0,"r3c1"
"160",325648513,18,7,3198,53.3,3,0,1,0,0,0,0,16,0,0,0,1,0,"r3c1"
"161",325648514,5,7,537,29.8333333333333,2,0,0,0,0,0,1,0,0,0,0,4,0,"r3c1"
"162",325648515,1,1,120,120,1,0,0,1,0,0,0,0,0,0,0,0,0,"r3c1"
"163",325648516,1,2,110,55,1,0,0,0,0,0,0,0,0,0,0,1,0,"r3c1"
"164",325648521,8,3,560,24.3478260869565,2,0,1,7,0,0,0,0,0,0,0,0,0,"r3c1"
"165",325648522,4,8,19,1,1,0,0,0,0,0,0,0,0,0,0,4,0,"r3c1"
"166",325648523,1,3,3,1,1,0,0,0,0,0,0,0,0,0,0,1,0,"r3c1"
"167",325648524,18,11,4778,69.2463768115942,6,0,4,0,6,0,0,3,1,3,1,0,0,"r3c1"
"168",325648526,1,5,500,100,1,0,1,0,0,0,0,0,0,0,0,0,0,"r3c1"
"169",325684559,122,15,46823,138.529585798817,12,6,10,15,16,9,7,13,10,9,11,8,8,"r3c1"
"170",325684565,2,2,360,120,2,0,0,0,0,0,0,1,0,0,0,0,1,"r3c1"
"171",325684651,22,9,2841,28.41,5,1,0,0,14,0,0,2,0,0,1,4,0,"r3c1"
"172",325684652,1,5,450,90,1,0,0,0,0,0,0,0,1,0,0,0,0,"r3c1"
"173",325684654,9,12,4219,81.1346153846154,4,4,0,0,0,0,1,0,0,1,0,0,3,"r3c1"
"174",325684655,1,4,20,5,1,0,0,0,0,0,0,0,0,0,0,1,0,"r3c1"
"175",325684656,1,5,25,5,1,0,0,0,0,0,0,0,0,0,0,1,0,"r3c1"
"176",325684658,7,7,1764,36,1,0,0,0,7,0,0,0,0,0,0,0,0,"r3c1"
"177",325684659,9,9,1784,40.5454545454545,4,0,1,0,4,0,0,2,0,0,0,2,0,"r3c1"
"178",325684660,1,4,4,1,1,0,0,0,0,0,0,0,0,0,0,1,0,"r3c1"
"179",325684661,1,6,126,21,1,0,0,0,0,0,0,1,0,0,0,0,0,"r3c1"
"180",325684669,2,4,696,87,1,0,0,0,0,0,0,0,0,2,0,0,0,"r3c1"
"181",325684680,1,2,120,60,1,0,0,0,0,0,0,0,1,0,0,0,0,"r3c1"
"182",325720789,172,16,67274,82.4436274509804,12,15,17,11,27,6,5,33,17,17,9,9,6,"r3c1"
"183",325720793,5,6,105,5,1,0,0,0,0,0,0,0,0,0,0,5,0,"r3c1"
"184",325720794,1,9,540,60,1,0,0,0,0,1,0,0,0,0,0,0,0,"r3c1"
"185",325720795,2,7,610,67.7777777777778,2,0,0,0,0,0,0,0,1,0,0,1,0,"r3c1"
"186",325720796,5,10,1297,64.85,4,0,0,0,1,0,0,1,2,0,0,0,1,"r3c1"
"187",325720797,11,11,9977,146.720588235294,6,1,1,0,0,0,0,3,3,2,0,0,1,"r3c1"
"188",325720806,1,9,738,82,1,0,0,0,0,1,0,0,0,0,0,0,0,"r3c1"
"189",325720807,55,13,23072,98.1787234042553,11,3,2,11,7,7,1,3,2,0,6,11,2,"r3c1"
"190",325756834,7,2,207,29.5714285714286,2,0,0,1,6,0,0,0,0,0,0,0,0,"r3c1"
"191",325756931,5,7,105,5.83333333333333,2,0,0,0,0,0,0,0,0,0,1,4,0,"r3c1"
"192",325756932,1,9,2160,240,1,0,0,0,0,1,0,0,0,0,0,0,0,"r3c1"
"193",325756935,5,9,352,13.037037037037,3,1,0,0,0,1,0,0,0,0,3,0,0,"r3c1"
"194",325756936,2,5,280,46.6666666666667,2,0,0,0,1,0,0,0,0,0,1,0,0,"r3c1"
"195",325756944,4,6,250,31.25,3,1,0,0,0,1,0,0,0,2,0,0,0,"r3c1"
"196",325792971,31,8,5802,69.9036144578313,7,3,0,1,22,0,2,1,1,1,0,0,0,"r3c1"
"197",325793014,2,1,10,5,1,0,0,0,0,0,0,0,0,0,0,2,0,"r3c1"
"198",325793070,2,9,1695,113,2,0,0,0,0,0,0,1,0,1,0,0,0,"r3c1"
"199",325829210,4,10,840,35,3,0,1,0,0,0,0,0,0,1,0,0,2,"r3c1"
"200",325829211,2,4,90,12.8571428571429,1,2,0,0,0,0,0,0,0,0,0,0,0,"r3c1"
"201",325865349,92,13,28269,85.1475903614458,11,10,5,9,10,2,0,12,11,9,3,8,13,"r3c1"
"202",325865350,95,14,32397,81.3994974874372,12,7,7,1,10,2,5,13,7,13,12,6,12,"r3c1"
"203",325865351,411,13,230101,95.2010757136947,12,27,39,75,38,26,8,27,40,29,31,40,31,"r3c1"
"204",325901486,85,14,30745,61.0019841269841,11,5,9,9,5,21,0,4,11,6,3,7,5,"r3c1"
"205",325901487,73,12,15625,51.2295081967213,10,10,10,4,0,13,3,0,9,6,2,5,11,"r3c1"
"206",325901488,375,15,66672,59.5817694369973,12,19,54,22,34,36,21,45,23,43,32,26,20,"r3c1"
"207",325901489,34,12,8982,78.7894736842105,12,3,2,2,1,2,6,4,2,4,4,2,2,"r3c1"
"208",325937623,62,12,19292,99.4432989690722,12,2,2,1,1,8,4,4,8,8,9,10,5,"r3c1"
"209",325937624,64,13,42051,120.836206896552,12,4,13,3,1,2,2,7,4,6,10,7,5,"r3c1"
"210",325937625,22,10,8510,94.5555555555556,10,1,6,2,1,1,1,3,4,1,0,0,2,"r3c1"
"211",325937626,144,14,60880,92.2424242424242,12,5,22,7,11,3,6,17,15,21,10,18,9,"r3c1"
"212",325973761,12,11,5017,94.6603773584906,7,1,2,0,2,0,0,0,1,2,3,1,0,"r3c1"
"213",326045928,1,1,73,73,1,0,0,0,0,1,0,0,0,0,0,0,0,"r3c1"
"214",326045961,8,11,3855,120.46875,4,0,1,0,0,0,0,0,0,1,1,0,5,"r3c1"
"215",326082096,19,17,12445,126.989795918367,8,3,1,0,0,0,1,2,0,8,1,1,2,"r3c1"
"216",326082099,1,6,1200,200,1,0,1,0,0,0,0,0,0,0,0,0,0,"r3c1"
"217",326082100,36,17,31047,154.462686567164,10,4,3,8,3,3,0,5,4,4,1,1,0,"r3c1"
"218",326082192,1,3,402,134,1,0,0,0,0,0,0,0,0,1,0,0,0,"r3c1"
"219",326082203,1,1,60,60,1,0,0,0,0,0,0,1,0,0,0,0,0,"r3c1"
"220",326082204,1,5,525,105,1,0,0,1,0,0,0,0,0,0,0,0,0,"r3c1"
"221",326082205,5,7,1281,80.0625,4,1,0,1,0,0,0,2,0,0,0,1,0,"r3c1"
"222",326118238,3,5,156,22.2857142857143,2,0,0,0,0,0,0,1,2,0,0,0,0,"r3c1"
"223",326118240,1,8,960,120,1,0,1,0,0,0,0,0,0,0,0,0,0,"r3c1"
"224",326118343,108,16,54972,117.211087420043,11,1,8,33,26,4,2,16,5,9,0,1,3,"r3c1"
"225",326118344,1,4,172,43,1,1,0,0,0,0,0,0,0,0,0,0,0,"r3c1"
"226",326154376,9,10,3409,75.7555555555556,4,1,2,0,0,0,0,4,2,0,0,0,0,"r3c1"
"227",326154481,163,14,64893,103.8288,12,11,8,27,33,15,8,8,11,11,11,7,13,"r3c1"
"228",326190506,1,4,960,240,1,0,0,0,0,0,0,0,0,0,0,0,1,"r3c1"
"229",326190513,1,3,450,150,1,0,0,1,0,0,0,0,0,0,0,0,0,"r3c1"
"230",326190514,4,7,575,35.9375,3,0,1,0,0,0,0,1,0,2,0,0,0,"r3c1"
"231",326226651,6,4,72,3,1,0,0,0,6,0,0,0,0,0,0,0,0,"r3c1"
"232",326226652,88,14,34973,93.5106951871658,10,5,6,21,40,3,2,2,3,0,4,2,0,"r3c1"
"233",326226653,67,15,23290,71.441717791411,9,4,6,19,29,1,1,1,0,0,5,1,0,"r3c1"
"234",326262783,1,3,54,18,1,0,0,0,0,0,0,1,0,0,0,0,0,"r3c1"
"235",326262793,46,9,4914,26.8524590163934,3,0,0,19,24,0,0,0,3,0,0,0,0,"r3c1"
"236",326262794,7,5,1050,30,1,0,0,0,7,0,0,0,0,0,0,0,0,"r3c1"
"237",326262795,1,1,30,30,1,0,0,0,0,0,0,1,0,0,0,0,0,"r3c1"
"238",326262796,2,7,345,43.125,2,0,0,0,0,0,0,1,0,0,1,0,0,"r3c1"
"239",326262821,1,4,480,120,1,0,0,0,0,0,0,0,0,0,0,1,0,"r3c1"
"240",326298915,1,1,5,5,1,0,0,0,0,0,0,0,0,0,1,0,0,"r3c1"
"241",326298916,2,7,87,9.66666666666667,1,0,0,0,0,0,0,0,0,0,2,0,0,"r3c1"
"242",326298933,1,6,6,1,1,0,0,0,0,0,0,0,0,0,0,1,0,"r3c1"
"243",326335073,6,8,942,44.8571428571429,3,1,4,0,1,0,0,0,0,0,0,0,0,"r3c1"
"244",326407350,1,5,55,11,1,0,0,0,0,0,0,1,0,0,0,0,0,"r3c1"
"245",326443464,1,7,63,9,1,0,0,0,0,0,0,0,0,0,1,0,0,"r3c1"
"246",326515765,10,14,3503,103.029411764706,5,4,0,2,2,0,0,0,1,0,1,0,0,"r3c1"
"247",326624181,215,14,55585,69.394506866417,12,7,15,45,59,7,6,15,24,3,13,9,12,"r3c1"
"248",326624182,64,12,14682,70.9275362318841,12,3,5,6,23,1,1,1,2,1,7,6,8,"r3c1"
"249",326624183,2,6,286,40.8571428571429,2,0,0,0,0,1,0,0,0,0,0,1,0,"r3c1"
"250",326660317,5,11,4664,133.257142857143,4,0,2,1,1,0,0,0,0,1,0,0,0,"r3c1"
"251",326660318,30,12,5949,57.7572815533981,11,0,5,1,3,2,1,6,4,2,1,3,2,"r3c1"
"252",326660319,79,10,17170,81.3744075829384,11,8,7,4,13,0,2,11,9,11,1,7,6,"r3c1"
"253",326660320,267,18,35972,60.3557046979866,12,8,18,65,13,16,6,23,39,15,28,20,16,"r3c1"
"254",326660321,47,13,4163,43.3645833333333,11,2,1,20,6,0,2,7,3,1,1,2,2,"r3c1"
"255",326696453,2,3,510,170,2,0,0,0,1,0,0,1,0,0,0,0,0,"r3c1"
"256",326696454,3,7,719,47.9333333333333,3,0,1,0,0,1,0,1,0,0,0,0,0,"r3c1"
"257",326696455,1,3,360,120,1,0,1,0,0,0,0,0,0,0,0,0,0,"r3c1"
"258",326696458,5,6,288,26.1818181818182,3,0,0,1,0,0,0,3,0,0,0,0,1,"r3c1"
"259",326696459,97,15,20259,107.190476190476,12,7,9,9,9,5,4,6,15,5,16,2,10,"r3c1"
"260",326732548,2,2,29,9.66666666666667,2,0,0,0,0,0,1,0,0,0,1,0,0,"r3c1"
"261",326732549,3,6,535,48.6363636363636,1,0,0,0,0,0,3,0,0,0,0,0,0,"r3c1"
"262",326732550,1,6,18,3,1,0,0,0,0,0,0,0,0,0,1,0,0,"r3c1"
"263",326732551,1,3,9,3,1,0,0,0,0,0,0,0,0,0,1,0,0,"r3c1"
"264",326732597,1,1,68,68,1,0,1,0,0,0,0,0,0,0,0,0,0,"r3c1"
"265",326768688,1,3,138,46,1,0,0,0,0,0,0,0,0,0,1,0,0,"r3c1"
"266",326768727,3,6,427,32.8461538461538,1,0,0,0,0,0,0,0,0,0,3,0,0,"r3c1"
"267",326804863,3,7,392,30.1538461538462,1,0,0,0,0,0,0,0,0,0,3,0,0,"r3c1"
"268",326841000,1,5,100,20,1,0,0,0,0,0,0,0,0,0,1,0,0,"r3c1"
"269",326841019,2,3,219,54.75,2,0,0,1,1,0,0,0,0,0,0,0,0,"r3c1"
"270",326985542,22,11,5755,108.584905660377,11,3,4,1,3,2,1,1,3,1,1,0,2,"r3c1"
"271",327599963,2,4,285,47.5,1,0,0,0,0,0,0,0,0,0,2,0,0,"r3c1"
"272",327636096,1,1,120,120,1,0,0,0,0,0,0,0,0,1,0,0,0,"r3c1"
"273",327636097,1,2,160,80,1,0,0,0,0,1,0,0,0,0,0,0,0,"r3c1"
"274",327636098,1,1,5,5,1,0,0,0,0,0,0,0,0,1,0,0,0,"r3c1"
"275",327636099,19,7,3766,99.1052631578947,9,2,1,3,0,1,1,3,5,2,1,0,0,"r3c1"
"276",327636100,295,13,115493,113.450884086444,12,24,22,38,55,21,6,32,26,20,22,12,17,"r3c1"
"277",327636101,1,1,60,60,1,0,0,0,0,0,0,0,0,1,0,0,0,"r3c1"
"278",327636107,2,2,41,20.5,2,0,0,0,0,0,0,0,1,0,0,0,1,"r3c1"
"279",327672235,3,6,920,92,3,0,0,0,0,1,0,0,1,1,0,0,0,"r3c1"
"280",327672236,139,12,33801,91.3540540540541,12,16,5,10,29,7,7,13,11,12,13,12,4,"r3c1"
"281",327672242,188,9,27152,62.4183908045977,11,12,8,48,46,15,8,18,14,7,4,8,0,"r3c1"
"282",327672243,1,2,90,45,1,0,0,1,0,0,0,0,0,0,0,0,0,"r3c1"
"283",327780646,4,3,350,43.75,2,0,0,0,0,0,0,0,2,0,0,2,0,"r3c1"
"284",327816784,127,12,20824,56.896174863388,12,1,1,44,19,5,4,6,10,1,6,28,2,"r3c1"
"285",327852922,8,5,566,33.2941176470588,3,0,0,0,0,0,1,0,6,0,1,0,0,"r3c1"
"286",327852924,13,6,1280,19.6923076923077,2,0,0,11,0,0,0,0,0,0,0,2,0,"r3c1"
"287",327852926,2,5,63,7,1,0,0,0,0,0,0,0,2,0,0,0,0,"r3c1"
"288",327852928,4,7,1240,103.333333333333,1,0,0,0,0,0,0,0,0,0,0,4,0,"r3c1"
"289",327889063,3,3,684,114,1,0,0,0,0,0,0,0,0,0,0,3,0,"r3c1"
"290",327889064,13,6,2408,46.3076923076923,4,0,1,0,0,0,0,0,4,0,3,5,0,"r3c1"
"291",327889066,43,11,21717,119.983425414365,12,3,5,10,3,1,5,3,2,1,1,5,4,"r3c1"
"292",327925200,1,2,4,2,1,0,0,0,0,0,0,0,0,0,1,0,0,"r3c1"
"293",327925202,17,6,599,11.98,4,0,0,10,0,0,0,0,1,0,3,3,0,"r3c1"
"294",327925203,5,4,746,62.1666666666667,2,0,0,0,0,0,0,0,1,0,0,4,0,"r3c1"
"295",327961338,2,5,61,8.71428571428571,1,0,0,0,0,0,0,0,0,0,2,0,0,"r3c1"
"296",327961339,124,12,72102,111.097072419106,12,3,3,39,26,5,3,7,15,5,5,12,1,"r3c1"
"297",327961340,4,6,241,11.4761904761905,2,0,0,0,0,0,0,0,2,0,2,0,0,"r3c1"
"298",327997476,1,2,12,6,1,0,0,0,0,0,0,0,0,0,1,0,0,"r3c1"
"299",327997477,4,5,268,17.8666666666667,1,0,0,0,0,0,0,0,0,0,4,0,0,"r3c1"
"300",327997493,6,4,855,61.0714285714286,6,1,1,1,1,0,1,0,0,0,0,0,1,"r3c1"
"301",328033631,1,2,142,71,1,0,0,0,0,1,0,0,0,0,0,0,0,"r3c1"
"302",351951939,1,1,195,195,1,0,0,0,0,0,0,0,0,1,0,0,0,"r3c1"
"303",352168755,3,1,296,98.6666666666667,1,0,0,0,0,0,0,0,0,0,0,0,3,"r3c1"
"304",355168270,1,1,80,80,1,0,0,0,0,0,1,0,0,0,0,0,0,"r3c1"
"305",355204409,1,1,45,45,1,0,1,0,0,0,0,0,0,0,0,0,0,"r3c1"
"306",355204410,1,1,63,63,1,0,1,0,0,0,0,0,0,0,0,0,0,"r3c1"
"307",355240547,3,2,180,45,3,0,1,0,0,0,1,0,0,1,0,0,0,"r3c1"
"308",355276684,2,2,159,53,2,0,1,1,0,0,0,0,0,0,0,0,0,"r3c1"
"309",355385095,1,2,360,180,1,0,1,0,0,0,0,0,0,0,0,0,0,"r3c1"
"310",355385100,1,1,16,16,1,0,0,0,0,0,0,0,0,0,0,0,1,"r3c1"
"311",355385102,2,3,23,7.66666666666667,2,0,1,0,0,0,0,0,0,0,0,0,1,"r3c1"
"312",355493511,1,2,360,180,1,0,0,0,0,0,0,0,0,1,0,0,0,"r3c1"
"313",355493512,2,3,450,112.5,1,0,0,0,0,0,0,0,2,0,0,0,0,"r3c1"
"314",355529650,15,4,3414,126.444444444444,6,0,2,1,0,0,0,2,7,1,0,0,2,"r3c1"
"315",355529651,1,1,24,24,1,0,0,0,0,0,0,0,0,0,0,0,1,"r3c1"
"316",355529704,1,2,62,31,1,0,0,1,0,0,0,0,0,0,0,0,0,"r3c1"
"317",355529706,1,1,60,60,1,0,0,0,0,0,0,0,0,1,0,0,0,"r3c1"
"318",355529707,1,2,240,120,1,0,0,0,0,0,0,0,0,1,0,0,0,"r3c1"
"319",355529708,2,2,136,34,2,0,0,0,0,0,1,0,0,0,0,0,1,"r3c1"
"320",355565786,1,2,288,144,1,0,0,0,0,0,0,1,0,0,0,0,0,"r3c1"
"321",355565846,2,2,172,57.3333333333333,2,0,0,1,0,0,1,0,0,0,0,0,0,"r3c1"
"322",355601919,1,1,90,90,1,0,1,0,0,0,0,0,0,0,0,0,0,"r3c1"
"323",355601980,1,1,60,60,1,0,0,0,1,0,0,0,0,0,0,0,0,"r3c1"
"324",357119727,1,1,60,60,1,0,0,0,0,0,0,0,0,0,0,0,1,"r3c1"
"325",357155860,4,2,415,59.2857142857143,1,0,4,0,0,0,0,0,0,0,0,0,0,"r3c1"
"326",357155864,1,1,4,4,1,0,0,0,0,0,0,0,0,0,0,0,1,"r3c1"
"327",357155865,2,1,170,85,2,0,0,0,0,0,0,0,0,1,0,0,1,"r3c1"
"328",357336552,5,3,682,75.7777777777778,4,0,2,0,0,0,0,0,1,1,0,0,1,"r3c1"
"329",358493083,1,2,20,10,1,0,0,0,0,0,1,0,0,0,0,0,0,"r3c1"
"330",358565362,1,2,8,4,1,0,0,0,0,0,1,0,0,0,0,0,0,"r3c1"
"331",358601502,1,3,450,150,1,0,0,0,0,0,0,0,1,0,0,0,0,"r3c1"
"332",358601503,2,3,666,111,1,0,0,0,0,0,0,2,0,0,0,0,0,"r3c1"
"333",358637627,1,3,96,32,1,0,0,0,0,0,0,1,0,0,0,0,0,"r3c1"
"334",358637640,1,2,240,120,1,0,0,0,0,0,0,0,0,1,0,0,0,"r3c1"
"335",358673764,1,2,240,120,1,0,0,0,0,0,0,0,0,1,0,0,0,"r3c1"
"336",358709901,8,4,1126,62.5555555555556,2,0,0,0,0,0,0,0,0,2,0,0,6,"r3c1"
"337",358746038,4,3,607,86.7142857142857,3,0,0,0,0,0,0,1,1,0,0,0,2,"r3c1"
"338",358746039,1,1,63,63,1,0,0,0,0,0,0,0,0,0,0,0,1,"r3c1"
"339",358782175,2,2,13,4.33333333333333,1,0,0,0,0,0,0,0,0,0,0,2,0,"r3c1"
"340",359107415,1,2,300,150,1,0,0,0,0,0,0,0,0,1,0,0,0,"r3c1"
"341",359107416,1,2,240,120,1,0,0,0,0,0,0,0,0,0,0,0,1,"r3c1"
"342",359215825,4,3,554,92.3333333333333,2,0,0,0,2,0,0,0,0,0,0,0,2,"r3c1"
"343",359215828,1,1,210,210,1,0,1,0,0,0,0,0,0,0,0,0,0,"r3c1"
"344",359251963,1,1,88,88,1,0,1,0,0,0,0,0,0,0,0,0,0,"r3c1"
"345",359360376,3,3,290,48.3333333333333,1,0,3,0,0,0,0,0,0,0,0,0,0,"r3c1"
"346",359432681,1,2,360,180,1,0,0,0,0,0,0,0,0,0,0,0,1,"r3c1"
"347",359467675,1,1,120,120,1,1,0,0,0,0,0,0,0,0,0,0,0,"r3c1"
"348",361131184,3,2,288,57.6,1,0,3,0,0,0,0,0,0,0,0,0,0,"r3c1"
"349",361167323,1,3,720,240,1,0,0,0,0,0,0,0,1,0,0,0,0,"r3c1"
"350",361239599,2,2,345,115,1,0,0,0,0,0,0,0,0,2,0,0,0,"r3c1"
"351",361311872,1,2,140,70,1,0,0,0,0,0,0,0,0,0,0,0,1,"r3c1"
"352",361311873,4,3,1078,134.75,2,0,3,0,0,0,0,0,0,0,0,0,1,"r3c1"
"353",361311874,4,2,1004,143.428571428571,3,0,2,1,0,0,0,0,0,0,0,0,1,"r3c1"
"354",371318332,1,1,29,29,1,0,1,0,0,0,0,0,0,0,0,0,0,"r3c1"
"355",371426742,2,1,72,36,2,0,1,1,0,0,0,0,0,0,0,0,0,"r3c1"
"356",371426748,3,2,222,44.4,2,0,0,2,0,0,0,0,0,1,0,0,0,"r3c1"
"357",371571297,1,3,90,30,1,0,1,0,0,0,0,0,0,0,0,0,0,"r3c1"
"358",371571299,1,1,10,10,1,0,1,0,0,0,0,0,0,0,0,0,0,"r3c1"
"359",371607438,1,1,23,23,1,0,1,0,0,0,0,0,0,0,0,0,0,"r3c1"
"360",371969200,1,5,450,90,1,0,0,0,0,0,1,0,0,0,0,0,0,"r3c1"
"361",372041470,5,11,4500,132.352941176471,1,0,0,0,0,0,0,0,0,0,0,0,5,"r3c1"
"362",372149851,2,6,102,12.75,1,0,2,0,0,0,0,0,0,0,0,0,0,"r3c1"
"363",372258266,3,8,1145,67.3529411764706,3,0,1,1,0,0,1,0,0,0,0,0,0,"r3c1"
"364",372294427,1,4,120,30,1,1,0,0,0,0,0,0,0,0,0,0,0,"r3c1"
"365",372330545,1,5,370,74,1,0,0,0,0,0,1,0,0,0,0,0,0,"r3c1"
"366",372366684,2,8,1328,110.666666666667,1,0,0,0,0,0,2,0,0,0,0,0,0,"r3c1"
"367",372547394,1,4,36,9,1,0,0,0,0,0,1,0,0,0,0,0,0,"r3c1"
"368",372547396,4,12,2490,103.75,2,0,0,2,0,0,0,0,2,0,0,0,0,"r3c1"
"369",372728117,1,4,264,66,1,0,0,1,0,0,0,0,0,0,0,0,0,"r3c1"
"370",373053346,1,2,90,45,1,0,0,0,1,0,0,0,0,0,0,0,0,"r3c1"
"371",373053355,1,5,175,35,1,0,0,0,0,0,0,0,0,0,1,0,0,"r3c1"
"372",373161767,2,7,1050,105,1,0,0,0,0,0,0,0,0,0,2,0,0,"r3c1"
"373",373161770,1,6,360,60,1,0,0,0,0,1,0,0,0,0,0,0,0,"r3c1"
"374",373197904,4,9,3997,181.681818181818,2,0,0,0,0,0,3,0,0,0,0,0,1,"r3c1"
"375",373234015,1,1,30,30,1,0,0,0,1,0,0,0,0,0,0,0,0,"r3c1"
"376",373306366,1,1,5,5,1,0,0,0,0,0,0,0,0,0,1,0,0,"r3c1"
"377",373342478,4,4,217,24.1111111111111,3,0,0,1,0,0,0,0,0,0,2,0,1,"r3c1"
"378",373342479,3,5,384,38.4,1,0,0,3,0,0,0,0,0,0,0,0,0,"r3c1"
"379",373342480,1,1,20,20,1,0,0,0,0,0,0,0,0,0,0,0,1,"r3c1"
"380",373342482,1,4,40,10,1,0,0,0,0,0,0,0,1,0,0,0,0,"r3c1"
"381",373342504,5,7,510,23.1818181818182,2,1,0,0,0,0,0,0,0,0,4,0,0,"r3c1"
"382",373342505,9,7,978,34.9285714285714,4,5,1,0,0,0,0,1,2,0,0,0,0,"r3c1"
"383",373342506,2,6,234,33.4285714285714,2,0,0,0,0,0,0,1,1,0,0,0,0,"r3c1"
"384",373378641,1,3,15,5,1,0,0,0,0,0,0,1,0,0,0,0,0,"r3c1"
"385",373378642,7,5,464,30.9333333333333,4,2,0,0,2,0,0,0,1,0,0,0,2,"r3c1"
"386",373378643,1,6,180,30,1,0,0,1,0,0,0,0,0,0,0,0,0,"r3c1"
"387",373378645,3,7,449,37.4166666666667,2,2,0,1,0,0,0,0,0,0,0,0,0,"r3c1"
"388",373378646,1,4,60,15,1,0,0,0,0,0,0,1,0,0,0,0,0,"r3c1"
"389",373414747,1,4,80,20,1,0,0,0,0,0,0,0,0,0,0,0,1,"r3c1"
"390",373414776,1,7,840,120,1,0,0,0,0,0,0,0,0,0,0,0,1,"r3c1"
"391",373450911,2,9,1889,118.0625,2,0,1,1,0,0,0,0,0,0,0,0,0,"r3c1"
"392",373450919,2,13,2430,135,1,0,0,0,0,0,0,0,0,0,2,0,0,"r3c1"
"393",373487053,2,9,495,33,2,1,1,0,0,0,0,0,0,0,0,0,0,"r3c1"
"394",373487056,1,5,375,75,1,0,0,0,0,1,0,0,0,0,0,0,0,"r3c1"
"395",373487057,19,15,17713,129.29197080292,8,1,1,6,3,0,2,2,2,0,0,0,2,"r3c1"
"396",373487063,1,1,5,5,1,0,0,0,0,0,0,0,0,0,1,0,0,"r3c1"
"397",373523189,33,14,25886,121.530516431925,7,2,0,1,5,7,1,2,15,0,0,0,0,"r3c1"
"398",373523212,1,7,623,89,1,0,0,0,0,0,0,0,1,0,0,0,0,"r3c1"
"399",373595468,34,15,43376,135.974921630094,8,1,5,5,4,0,2,13,3,0,0,1,0,"r3c1"
"400",373595469,1,8,480,60,1,0,0,0,0,0,1,0,0,0,0,0,0,"r3c1"
"401",373595470,1,1,30,30,1,0,0,0,0,0,0,0,0,0,0,0,1,"r3c1"
"402",373595473,1,14,4200,300,1,0,0,0,0,0,0,1,0,0,0,0,0,"r3c1"
"403",373595474,2,12,1260,78.75,2,1,0,0,0,0,0,0,1,0,0,0,0,"r3c1"
"404",373631605,1,8,960,120,1,0,0,0,0,0,0,0,0,0,1,0,0,"r3c1"
"405",373812324,1,5,250,50,1,0,0,0,0,0,1,0,0,0,0,0,0,"r3c1"
"406",373812326,1,5,625,125,1,0,0,0,0,0,1,0,0,0,0,0,0,"r3c1"
"407",373920696,5,9,1680,60,1,0,0,0,0,0,0,0,0,0,0,0,5,"r3c1"
"408",374029131,5,14,4110,97.8571428571429,4,1,0,1,0,0,0,0,2,0,1,0,0,"r3c1"
"409",374029161,2,4,180,30,2,1,0,0,0,0,0,0,0,0,1,0,0,"r3c1"
"410",374029162,1,2,240,120,1,1,0,0,0,0,0,0,0,0,0,0,0,"r3c1"
"411",374065272,1,6,120,20,1,0,0,0,0,0,0,0,0,0,0,0,1,"r3c1"
"412",374101405,1,2,14,7,1,0,0,0,0,0,0,1,0,0,0,0,0,"r3c1"
"413",374101419,1,8,480,60,1,1,0,0,0,0,0,0,0,0,0,0,0,"r3c1"
"414",374101420,1,2,120,60,1,1,0,0,0,0,0,0,0,0,0,0,0,"r3c1"
"415",374101430,1,3,135,45,1,0,0,0,0,0,1,0,0,0,0,0,0,"r3c1"
"416",374137544,5,10,746,43.8823529411765,4,0,0,1,2,0,0,0,0,0,1,0,1,"r3c1"
"417",374137562,3,8,530,40.7692307692308,3,1,0,1,1,0,0,0,0,0,0,0,0,"r3c1"
"418",374137574,1,1,5,5,1,0,0,0,0,0,0,0,0,0,1,0,0,"r3c1"
"419",374571407,3,3,60,10,2,0,0,0,0,0,2,0,0,0,0,1,0,"r3c1"
"420",374571408,1,2,20,10,1,0,0,0,0,0,1,0,0,0,0,0,0,"r3c1"
"421",374571410,1,2,10,5,1,0,0,0,0,0,1,0,0,0,0,0,0,"r3c1"
"422",374571412,1,2,240,120,1,0,0,0,0,0,0,0,1,0,0,0,0,"r3c1"
"423",374607546,1,2,10,5,1,0,0,0,0,0,1,0,0,0,0,0,0,"r3c1"
"424",374607548,2,3,510,102,1,0,0,0,0,0,0,0,0,0,0,2,0,"r3c1"
"425",374643683,1,2,20,10,1,0,0,0,0,0,1,0,0,0,0,0,0,"r3c1"
"426",374643684,2,2,280,70,1,0,0,0,0,0,0,0,0,0,0,2,0,"r3c1"
"427",374643689,1,1,10,10,1,0,0,0,0,0,1,0,0,0,0,0,0,"r3c1"
"428",374752114,1,3,366,122,1,0,0,0,0,0,0,0,0,0,0,0,1,"r3c1"
"429",374752118,1,4,120,30,1,0,0,0,0,0,0,0,0,0,1,0,0,"r3c1"
"430",374788260,1,2,420,210,1,0,0,0,0,0,0,0,0,0,0,1,0,"r3c1"
"431",374824273,1,1,15,15,1,0,0,0,0,0,0,0,1,0,0,0,0,"r3c1"
"432",374824389,2,2,168,42,2,0,0,0,0,0,0,0,1,0,0,1,0,"r3c1"
"433",374824390,2,3,182,45.5,2,0,0,0,0,0,0,0,0,1,1,0,0,"r3c1"
"434",374860410,3,2,119,29.75,3,0,0,0,1,0,0,0,1,0,1,0,0,"r3c1"
"435",374860411,1,4,492,123,1,0,0,0,0,0,0,0,1,0,0,0,0,"r3c1"
"436",374860412,8,4,632,35.1111111111111,5,0,0,1,2,0,2,1,2,0,0,0,0,"r3c1"
"437",374860421,1,5,125,25,1,0,0,0,0,0,0,0,1,0,0,0,0,"r3c1"
"438",374860422,6,6,440,25.8823529411765,3,0,2,0,0,2,0,0,2,0,0,0,0,"r3c1"
"439",374896548,1,2,10,5,1,0,0,0,0,1,0,0,0,0,0,0,0,"r3c1"
"440",374896550,10,7,1520,43.4285714285714,5,0,0,0,1,0,3,4,1,1,0,0,0,"r3c1"
"441",374896554,1,4,120,30,1,0,0,0,0,0,0,0,1,0,0,0,0,"r3c1"
"442",374932684,1,3,360,120,1,0,0,0,0,0,0,0,1,0,0,0,0,"r3c1"
"443",374932688,1,2,120,60,1,0,0,0,0,0,0,0,0,0,0,1,0,"r3c1"
"444",374932689,1,4,68,17,1,0,0,0,0,0,0,0,1,0,0,0,0,"r3c1"
"445",374968820,1,3,348,116,1,0,1,0,0,0,0,0,0,0,0,0,0,"r3c1"
"446",374968821,4,6,1010,84.1666666666667,2,0,0,1,0,0,0,0,3,0,0,0,0,"r3c1"
"447",374968823,3,6,267,20.5384615384615,3,0,0,1,0,0,0,1,1,0,0,0,0,"r3c1"
"448",374968824,8,7,869,45.7368421052632,5,1,0,0,0,0,1,0,0,0,3,2,1,"r3c1"
"449",374968828,8,3,328,20.5,2,0,0,0,5,3,0,0,0,0,0,0,0,"r3c1"
"450",374968829,2,3,780,130,1,0,0,0,0,0,0,0,0,2,0,0,0,"r3c1"
"451",374968837,3,4,1140,142.5,3,0,0,0,1,1,0,0,0,0,0,0,1,"r3c1"
"452",375004959,1,2,20,10,1,0,0,1,0,0,0,0,0,0,0,0,0,"r3c1"
"453",375004962,1,2,120,60,1,1,0,0,0,0,0,0,0,0,0,0,0,"r3c1"
"454",375004966,3,6,1095,136.875,2,0,0,0,0,2,0,0,1,0,0,0,0,"r3c1"
"455",375004975,2,3,1200,200,1,0,0,0,0,0,0,0,0,0,0,2,0,"r3c1"
"456",375041087,1,1,15,15,1,0,0,0,0,0,0,0,0,0,1,0,0,"r3c1"
"457",375041100,1,4,60,15,1,0,0,0,0,0,0,0,1,0,0,0,0,"r3c1"
"458",375076489,1,1,10,10,1,0,0,0,0,0,1,0,0,0,0,0,0,"r3c1"
"459",375076491,2,2,88,22,1,0,0,0,2,0,0,0,0,0,0,0,0,"r3c1"
"460",375076496,3,4,129,14.3333333333333,2,0,2,0,1,0,0,0,0,0,0,0,0,"r3c1"
"461",375076497,2,2,71,35.5,1,0,0,0,2,0,0,0,0,0,0,0,0,"r3c1"
"462",375077224,1,3,180,60,1,0,0,0,0,0,0,0,0,1,0,0,0,"r3c1"
"463",375112634,3,4,86,10.75,1,0,3,0,0,0,0,0,0,0,0,0,0,"r3c1"
"464",375113372,3,6,138,9.85714285714286,2,0,1,0,0,0,0,0,2,0,0,0,0,"r3c1"
"465",375113373,1,2,30,15,1,0,0,0,0,0,0,0,0,0,1,0,0,"r3c1"
"466",375113374,11,6,1248,31.2,3,0,0,0,0,0,0,3,6,0,0,0,2,"r3c1"
"467",375148773,2,3,348,58,1,0,2,0,0,0,0,0,0,0,0,0,0,"r3c1"
"468",375148774,1,2,360,180,1,0,0,0,0,0,0,1,0,0,0,0,0,"r3c1"
"469",375149499,1,2,24,12,1,0,0,0,0,0,0,0,1,0,0,0,0,"r3c1"
"470",375149511,2,4,69,11.5,2,0,0,0,0,0,1,0,1,0,0,0,0,"r3c1"
"471",375185641,1,3,30,10,1,0,0,0,0,0,0,0,1,0,0,0,0,"r3c1"
"472",375185646,1,5,75,15,1,0,0,0,0,0,0,0,1,0,0,0,0,"r3c1"
"473",375221782,1,5,150,30,1,0,0,0,0,0,0,1,0,0,0,0,0,"r3c1"
"474",375221784,8,6,1202,31.6315789473684,2,0,0,0,0,0,0,0,5,0,0,0,3,"r3c1"
"475",375221786,4,6,1088,57.2631578947368,1,0,0,0,0,0,0,0,4,0,0,0,0,"r3c1"
"476",375257918,5,5,407,37,5,1,0,1,0,0,0,0,1,0,1,0,1,"r3c1"
"477",375257922,1,1,15,15,1,0,0,0,0,1,0,0,0,0,0,0,0,"r3c1"
"478",377392375,1,1,240,240,1,0,0,0,0,0,0,0,0,1,0,0,0,"r3c1"
"479",377428518,1,2,360,180,1,0,0,0,0,0,0,1,0,0,0,0,0,"r3c1"
"480",377934423,10,1,968,96.8,6,3,0,0,2,1,0,1,0,1,0,0,2,"r3c1"
"481",377934424,1,1,75,75,1,0,0,0,0,0,0,1,0,0,0,0,0,"r3c1"
"482",377970562,1,1,189,189,1,1,0,0,0,0,0,0,0,0,0,0,0,"r3c1"
"483",378693478,1,1,30,30,1,1,0,0,0,0,0,0,0,0,0,0,0,"r3c1"
"484",380283973,1,1,60,60,1,0,0,1,0,0,0,0,0,0,0,0,0,"r3c1"
"485",380572463,2,1,22,11,2,0,1,0,0,0,0,0,0,0,0,0,1,"r3c1"
"486",380572464,3,2,266,66.5,1,0,3,0,0,0,0,0,0,0,0,0,0,"r3c1"
"487",380608603,4,1,198,49.5,1,0,0,0,0,0,0,0,0,0,0,0,4,"r3c1"
"488",380608604,11,2,1334,88.9333333333333,5,3,3,1,3,0,0,0,0,0,0,0,1,"r3c1"
"489",380644740,2,2,480,160,1,0,0,0,0,2,0,0,0,0,0,0,0,"r3c1"
"490",380825667,1,1,15,15,1,0,0,0,1,0,0,0,0,0,0,0,0,"r3c1"
"491",381403902,2,1,54,27,1,0,2,0,0,0,0,0,0,0,0,0,0,"r3c1"
"492",381692936,3,1,194,64.6666666666667,2,0,2,0,1,0,0,0,0,0,0,0,0,"r3c1"
"493",381765213,2,1,390,195,1,0,0,0,0,0,0,0,2,0,0,0,0,"r3c1"
"494",382812619,1,1,18,18,1,0,0,0,1,0,0,0,0,0,0,0,0,"r3c1"
"495",382848808,5,1,100,20,2,0,0,0,0,0,0,0,1,4,0,0,0,"r3c1"
"496",382884944,2,2,62,20.6666666666667,1,0,2,0,0,0,0,0,0,0,0,0,0,"r3c1"
"497",382921089,4,3,115,19.1666666666667,4,0,1,0,0,0,1,1,0,1,0,0,0,"r3c1"
"498",382957221,1,1,67,67,1,0,1,0,0,0,0,0,0,0,0,0,0,"r3c1"
"499",382957227,2,3,206,51.5,2,0,0,0,0,0,1,0,0,1,0,0,0,"r3c1"
"500",382993362,1,1,50,50,1,0,0,0,0,0,0,0,1,0,0,0,0,"r3c1"
"501",382993363,2,1,92,46,1,0,2,0,0,0,0,0,0,0,0,0,0,"r3c1"
"502",382993366,1,1,5,5,1,0,0,0,0,0,1,0,0,0,0,0,0,"r3c1"
"503",383029503,3,3,265,66.25,2,0,0,0,0,0,0,0,0,0,0,1,2,"r3c1"
"504",383065636,3,2,86,21.5,2,0,0,0,0,0,0,1,0,2,0,0,0,"r3c1"
"505",383065641,4,1,129,32.25,2,2,0,0,0,0,0,0,2,0,0,0,0,"r3c1"
"506",383101776,1,1,23,23,1,0,0,0,0,0,0,0,1,0,0,0,0,"r3c1"
"507",383137911,2,2,120,40,1,0,0,0,0,2,0,0,0,0,0,0,0,"r3c1"
"508",383137914,15,2,1457,80.9444444444444,7,1,1,1,0,5,2,0,1,0,0,4,0,"r3c1"
"509",383174051,2,1,22,11,1,0,0,0,0,0,0,0,0,2,0,0,0,"r3c1"
"510",383174052,29,3,816,26.3225806451613,1,0,0,0,0,0,0,0,0,29,0,0,0,"r3c1"
"511",383427035,4,1,230,57.5,2,2,0,0,0,0,0,0,0,0,0,0,2,"r3c1"
"512",383463174,1,3,129,43,1,0,0,1,0,0,0,0,0,0,0,0,0,"r3c1"
"513",383463180,4,4,764,95.5,3,1,0,1,0,0,0,0,0,2,0,0,0,"r3c1"
"514",383499319,1,2,360,180,1,0,0,0,0,0,0,0,0,0,1,0,0,"r3c1"
"515",383499324,2,2,215,71.6666666666667,2,1,0,0,0,0,0,0,0,0,0,0,1,"r3c1"
"516",383680009,1,2,120,60,1,0,0,0,0,0,0,0,1,0,0,0,0,"r3c1"
"517",383713296,1,6,180,30,1,0,0,1,0,0,0,0,0,0,0,0,0,"r3c1"
"518",383713297,14,10,1898,40.3829787234043,4,2,0,0,0,10,1,1,0,0,0,0,0,"r3c1"
"519",383749433,2,4,288,72,2,0,0,0,0,0,1,1,0,0,0,0,0,"r3c1"
"520",383749434,1,2,116,58,1,0,0,0,0,0,0,0,0,1,0,0,0,"r3c1"
"521",383752334,4,4,820,68.3333333333333,2,1,3,0,0,0,0,0,0,0,0,0,0,"r3c1"
"522",383752335,5,4,1052,75.1428571428571,4,0,1,0,2,0,0,1,0,1,0,0,0,"r3c1"
"523",383788468,2,2,205,102.5,1,0,0,2,0,0,0,0,0,0,0,0,0,"r3c1"
"524",383821705,2,5,250,25,1,0,0,0,0,2,0,0,0,0,0,0,0,"r3c1"
"525",383821706,1,4,120,30,1,0,0,0,0,1,0,0,0,0,0,0,0,"r3c1"
"526",383860701,3,2,96,24,3,1,0,0,0,1,0,0,0,0,0,0,1,"r3c1"
"527",383860702,2,4,750,107.142857142857,2,0,0,1,0,0,0,0,1,0,0,0,0,"r3c1"
"528",383860703,7,3,460,35.3846153846154,5,0,0,2,0,1,0,0,1,0,0,1,2,"r3c1"
"529",383860747,1,3,315,105,1,0,0,1,0,0,0,0,0,0,0,0,0,"r3c1"
"530",383893998,1,7,420,60,1,0,0,0,1,0,0,0,0,0,0,0,0,"r3c1"
"531",383893999,5,4,985,70.3571428571429,1,0,0,0,0,0,0,5,0,0,0,0,0,"r3c1"
"532",383896882,1,2,38,19,1,0,0,0,0,1,0,0,0,0,0,0,0,"r3c1"
"533",383930117,1,3,180,60,1,0,0,0,0,1,0,0,0,0,0,0,0,"r3c1"
"534",383930134,1,5,300,60,1,0,0,0,1,0,0,0,0,0,0,0,0,"r3c1"
"535",383930136,1,8,720,90,1,0,0,0,1,0,0,0,0,0,0,0,0,"r3c1"
"536",383932975,1,3,75,25,1,0,0,0,0,0,0,0,0,0,1,0,0,"r3c1"
"537",383932980,1,3,225,75,1,0,0,0,0,0,0,0,0,0,0,0,1,"r3c1"
"538",383969159,1,1,11,11,1,0,1,0,0,0,0,0,0,0,0,0,0,"r3c1"
"539",383969160,1,3,285,95,1,0,0,0,0,0,0,0,1,0,0,0,0,"r3c1"
"540",383969161,1,1,240,240,1,0,0,0,0,0,0,0,1,0,0,0,0,"r3c1"
"541",383969163,2,4,267,38.1428571428571,2,0,0,1,0,0,0,1,0,0,0,0,0,"r3c1"
"542",384002389,1,1,39,39,1,0,0,0,0,0,0,0,1,0,0,0,0,"r3c1"
"543",384002392,3,4,412,41.2,1,3,0,0,0,0,0,0,0,0,0,0,0,"r3c1"
"544",384005257,3,4,1058,151.142857142857,1,0,0,0,0,0,0,0,0,0,0,0,3,"r3c1"
"545",384005295,1,3,87,29,1,0,0,1,0,0,0,0,0,0,0,0,0,"r3c1"
"546",384005297,1,3,180,60,1,0,0,1,0,0,0,0,0,0,0,0,0,"r3c1"
"547",384005300,2,4,351,58.5,2,0,0,1,0,0,0,1,0,0,0,0,0,"r3c1"
"548",384038529,5,7,410,22.7777777777778,3,2,0,1,0,2,0,0,0,0,0,0,0,"r3c1"
"549",384041394,1,2,124,62,1,0,0,0,0,0,0,0,0,0,0,0,1,"r3c1"
"550",384041434,1,4,240,60,1,0,1,0,0,0,0,0,0,0,0,0,0,"r3c1"
"551",384041435,3,3,488,122,2,2,1,0,0,0,0,0,0,0,0,0,0,"r3c1"
"552",384041437,2,4,908,129.714285714286,1,0,0,0,0,2,0,0,0,0,0,0,0,"r3c1"
"553",384074665,7,9,2676,74.3333333333333,4,0,2,0,0,2,2,0,1,0,0,0,0,"r3c1"
"554",384074666,1,4,240,60,1,0,0,0,0,0,0,1,0,0,0,0,0,"r3c1"
"555",384077537,1,1,45,45,1,0,0,0,0,0,0,1,0,0,0,0,0,"r3c1"
"556",384078202,2,1,195,97.5,2,1,1,0,0,0,0,0,0,0,0,0,0,"r3c1"
"557",384110803,1,2,10,5,1,0,0,0,0,0,1,0,0,0,0,0,0,"r3c1"
"558",384110817,2,7,174,19.3333333333333,1,0,2,0,0,0,0,0,0,0,0,0,0,"r3c1"
"559",384113675,1,1,59,59,1,0,0,1,0,0,0,0,0,0,0,0,0,"r3c1"
"560",384113717,1,4,300,75,1,0,0,0,0,1,0,0,0,0,0,0,0,"r3c1"
"561",384146962,1,3,48,16,1,0,0,0,0,1,0,0,0,0,0,0,0,"r3c1"
"562",384149812,1,2,480,240,1,1,0,0,0,0,0,0,0,0,0,0,0,"r3c1"
"563",384149852,3,3,696,139.2,2,0,0,0,0,2,0,0,1,0,0,0,0,"r3c1"
"564",384185990,2,4,114,22.8,1,0,0,2,0,0,0,0,0,0,0,0,0,"r3c1"
"565",384219218,3,18,5004,142.971428571429,3,0,0,0,0,1,0,0,0,1,0,0,1,"r3c1"
"566",384219229,18,18,12821,136.393617021277,6,0,6,2,2,4,1,0,3,0,0,0,0,"r3c1"
"567",384222085,2,1,130,65,1,0,0,0,0,0,0,2,0,0,0,0,0,"r3c1"
"568",384222086,1,4,240,60,1,0,1,0,0,0,0,0,0,0,0,0,0,"r3c1"
"569",384255357,2,4,67,16.75,1,0,0,0,0,0,2,0,0,0,0,0,0,"r3c1"
"570",384255358,5,14,6010,107.321428571429,1,0,0,0,0,0,5,0,0,0,0,0,0,"r3c1"
"571",384258229,5,4,2264,119.157894736842,3,2,2,1,0,0,0,0,0,0,0,0,0,"r3c1"
"572",384258230,7,4,1852,92.6,3,1,4,2,0,0,0,0,0,0,0,0,0,"r3c1"
"573",384258898,1,1,207,207,1,0,0,0,0,0,1,0,0,0,0,0,0,"r3c1"
"574",384291496,14,23,31440,204.155844155844,4,0,0,2,0,6,3,0,3,0,0,0,0,"r3c1"
"575",384294361,16,4,3728,88.7619047619048,8,3,2,1,0,0,1,1,2,5,0,0,1,"r3c1"
"576",384363779,7,10,4590,170,4,2,2,0,0,1,2,0,0,0,0,0,0,"r3c1"
"577",384399916,1,1,94,94,1,0,1,0,0,0,0,0,0,0,0,0,0,"r3c1"
"578",384399919,1,3,12,4,1,0,1,0,0,0,0,0,0,0,0,0,0,"r3c1"
"579",384692551,1,1,68,68,1,0,0,0,1,0,0,0,0,0,0,0,0,"r3c1"
"580",384764830,2,1,123,61.5,1,0,2,0,0,0,0,0,0,0,0,0,0,"r3c1"
"581",384836616,36,3,2544,70.6666666666667,6,8,8,0,8,1,8,0,0,0,0,0,3,"r3c1"
"582",385448007,1,4,240,60,1,0,0,0,1,0,0,0,0,0,0,0,0,"r3c1"
"583",385484145,1,2,30,15,1,0,1,0,0,0,0,0,0,0,0,0,0,"r3c1"
"584",385664841,2,4,360,60,1,0,0,0,2,0,0,0,0,0,0,0,0,"r3c1"
"585",386462806,1,3,105,35,1,0,0,1,0,0,0,0,0,0,0,0,0,"r3c1"
"586",386571221,2,2,68,17,1,0,0,0,0,0,0,0,2,0,0,0,0,"r3c1"
"587",386607345,1,4,360,90,1,0,0,0,0,1,0,0,0,0,0,0,0,"r3c1"
"588",386607352,13,5,3229,87.2702702702703,5,0,0,4,0,0,1,0,1,1,0,0,6,"r3c1"
"589",386607353,2,4,956,159.333333333333,1,0,0,0,0,0,0,2,0,0,0,0,0,"r3c1"
"590",386607354,3,2,77,15.4,3,1,0,1,0,0,0,0,1,0,0,0,0,"r3c1"
"591",386607355,5,5,192,16,2,0,0,0,0,0,0,0,4,0,0,0,1,"r3c1"
"592",386607356,19,5,1248,26,4,0,2,0,0,0,0,0,6,5,6,0,0,"r3c1"
"593",386607359,6,5,273,11.375,1,0,0,0,0,0,0,0,0,6,0,0,0,"r3c1"
"594",386607360,1,4,240,60,1,0,0,0,0,0,0,0,1,0,0,0,0,"r3c1"
"595",386643483,9,5,315,13.125,4,0,0,4,0,0,2,0,2,0,0,0,1,"r3c1"
"596",386643484,6,3,137,9.78571428571429,3,0,0,4,0,1,0,0,0,1,0,0,0,"r3c1"
"597",386643485,13,6,2017,48.0238095238095,6,0,1,2,0,0,0,0,1,4,4,0,1,"r3c1"
"598",386643486,9,3,1161,64.5,3,1,0,0,0,0,1,0,7,0,0,0,0,"r3c1"
"599",386643487,8,6,1728,78.5454545454545,4,1,0,0,0,0,0,0,2,0,0,3,2,"r3c1"
"600",386643488,2,4,304,60.8,2,0,0,1,0,0,0,0,1,0,0,0,0,"r3c1"
"601",386643489,2,1,121,60.5,2,0,0,1,0,0,0,0,1,0,0,0,0,"r3c1"
"602",386643491,13,6,2761,78.8857142857143,4,0,0,0,0,0,3,1,8,1,0,0,0,"r3c1"
"603",386643492,1,4,480,120,1,0,0,1,0,0,0,0,0,0,0,0,0,"r3c1"
"604",386643497,11,4,458,15.2666666666667,1,0,0,0,0,0,0,0,0,11,0,0,0,"r3c1"
"605",386643498,27,6,1312,15.8072289156626,7,0,0,1,0,0,1,2,2,19,0,1,1,"r3c1"
"606",386643499,8,4,198,12.375,1,0,0,0,0,0,0,0,0,8,0,0,0,"r3c1"
"607",386643525,5,6,440,31.4285714285714,3,0,0,2,0,0,0,2,0,0,0,1,0,"r3c1"
"608",386679620,1,4,480,120,1,0,0,0,0,0,1,0,0,0,0,0,0,"r3c1"
"609",386679626,3,4,460,57.5,3,1,0,0,0,0,1,0,1,0,0,0,0,"r3c1"
"610",386679627,4,4,530,40.7692307692308,2,0,0,0,0,0,0,0,3,1,0,0,0,"r3c1"
"611",386679630,2,2,852,213,1,0,2,0,0,0,0,0,0,0,0,0,0,"r3c1"
"612",386679636,68,5,4055,18.8604651162791,3,0,0,0,0,0,0,1,53,14,0,0,0,"r3c1"
"613",386715765,13,5,362,13.4074074074074,8,0,2,0,0,2,2,1,3,0,1,1,1,"r3c1"
"614",386715799,1,1,40,40,1,0,0,0,0,0,0,0,0,0,0,0,1,"r3c1"
"615",386715800,9,6,957,45.5714285714286,4,0,3,0,0,0,0,1,0,2,0,0,3,"r3c1"
"616",386751903,3,5,216,27,3,0,0,0,0,0,0,1,1,0,0,0,1,"r3c1"
"617",386751904,3,4,126,14,1,0,0,0,0,0,0,0,3,0,0,0,0,"r3c1"
"618",386751905,1,3,201,67,1,0,0,0,0,0,1,0,0,0,0,0,0,"r3c1"
"619",386751910,3,3,105,15,2,0,0,0,0,0,0,0,1,2,0,0,0,"r3c1"
"620",386751911,3,1,54,18,1,0,0,0,0,0,0,0,3,0,0,0,0,"r3c1"
"621",386751931,4,3,172,28.6666666666667,2,0,0,0,0,1,0,0,3,0,0,0,0,"r3c1"
"622",386751933,3,5,534,66.75,2,0,0,0,0,0,0,0,0,0,0,1,2,"r3c1"
"623",386751934,5,7,576,36,4,1,0,0,0,1,0,0,0,2,0,1,0,"r3c1"
"624",386751935,3,5,1260,96.9230769230769,1,0,0,0,0,0,0,0,0,0,0,0,3,"r3c1"
"625",386751936,2,3,64,12.8,1,0,0,0,0,0,0,0,2,0,0,0,0,"r3c1"
"626",386751945,19,9,4090,71.7543859649123,8,4,2,1,1,1,0,2,0,5,0,0,3,"r3c1"
"627",386751946,1,1,45,45,1,0,0,0,0,0,0,0,0,0,0,0,1,"r3c1"
"628",386751949,8,7,753,30.12,4,0,3,0,0,2,2,0,0,0,0,0,1,"r3c1"
"629",386788036,1,1,14,14,1,0,0,0,0,0,0,0,1,0,0,0,0,"r3c1"
"630",386788043,36,6,8405,80.0476190476191,9,0,1,4,0,1,8,3,12,4,0,1,2,"r3c1"
"631",386788044,2,4,768,128,2,0,0,1,0,1,0,0,0,0,0,0,0,"r3c1"
"632",386788068,4,2,112,18.6666666666667,2,2,0,0,0,0,0,0,2,0,0,0,0,"r3c1"
"633",386788069,28,5,3222,47.3823529411765,7,4,3,1,0,0,2,6,9,0,0,3,0,"r3c1"
"634",386788070,2,3,380,76,2,1,0,0,0,0,0,0,0,1,0,0,0,"r3c1"
"635",386788086,4,3,121,20.1666666666667,4,0,1,0,1,0,0,1,1,0,0,0,0,"r3c1"
"636",386824181,11,5,2257,83.5925925925926,6,0,1,3,0,0,1,1,4,0,0,0,1,"r3c1"
"637",386824182,1,3,180,60,1,0,0,0,0,0,0,0,1,0,0,0,0,"r3c1"
"638",386824184,4,1,110,27.5,1,0,0,0,0,0,0,0,4,0,0,0,0,"r3c1"
"639",386824185,1,6,900,150,1,0,0,0,0,0,0,0,0,0,1,0,0,"r3c1"
"640",386824205,5,6,551,27.55,3,2,0,0,0,0,0,2,0,0,0,0,1,"r3c1"
"641",386824206,28,5,3789,54.1285714285714,4,16,2,0,0,0,0,3,7,0,0,0,0,"r3c1"
"642",386824207,24,7,5199,71.2191780821918,7,7,0,5,0,0,2,2,4,1,0,3,0,"r3c1"
"643",386824209,2,5,81,11.5714285714286,1,0,0,0,0,0,0,0,0,2,0,0,0,"r3c1"
"644",386860323,3,4,48,8,3,0,0,1,0,0,0,0,1,0,1,0,0,"r3c1"
"645",386860333,5,5,1624,147.636363636364,2,0,0,0,0,0,0,2,3,0,0,0,0,"r3c1"
"646",386860341,9,3,949,45.1904761904762,3,0,0,0,0,0,0,0,0,4,0,3,2,"r3c1"
"647",386860342,4,5,1252,78.25,3,2,0,0,0,1,0,1,0,0,0,0,0,"r3c1"
"648",386860359,1,2,26,13,1,0,1,0,0,0,0,0,0,0,0,0,0,"r3c1"
"649",386896453,4,3,510,46.3636363636364,1,0,0,4,0,0,0,0,0,0,0,0,0,"r3c1"
"650",386896478,1,3,87,29,1,0,0,0,0,1,0,0,0,0,0,0,0,"r3c1"
"651",386896479,16,6,3849,66.3620689655172,8,0,0,0,2,1,2,2,4,2,0,1,2,"r3c1"
"652",386896497,1,2,110,55,1,0,0,0,0,0,0,1,0,0,0,0,0,"r3c1"
"653",386896508,2,3,190,38,2,0,0,0,0,0,0,0,0,1,0,0,1,"r3c1"
"654",386932616,76,9,16273,59.1745454545455,12,1,7,2,2,8,9,11,12,16,2,3,3,"r3c1"
"655",386932617,5,8,1869,64.448275862069,3,0,2,0,0,0,0,0,2,1,0,0,0,"r3c1"
"656",386932619,2,5,230,32.8571428571429,1,0,0,0,0,0,0,0,2,0,0,0,0,"r3c1"
"657",386968732,1,1,1,1,1,0,0,0,0,0,0,0,1,0,0,0,0,"r3c1"
"658",386968755,5,5,303,25.25,3,0,1,3,0,0,1,0,0,0,0,0,0,"r3c1"
"659",386968756,3,5,342,31.0909090909091,2,0,0,0,0,2,1,0,0,0,0,0,0,"r3c1"
"660",386968774,1,5,15,3,1,0,0,0,0,0,1,0,0,0,0,0,0,"r3c1"
"661",386968786,1,2,20,10,1,0,0,0,0,0,0,0,1,0,0,0,0,"r3c1"
"662",387004893,5,6,744,49.6,2,0,0,4,0,0,0,0,0,0,0,1,0,"r3c1"
"663",387041031,9,7,1590,45.4285714285714,5,1,0,2,0,0,0,3,1,2,0,0,0,"r3c1"
"664",387041032,1,4,92,23,1,0,0,0,0,1,0,0,0,0,0,0,0,"r3c1"
"665",387041051,2,1,44,22,1,0,2,0,0,0,0,0,0,0,0,0,0,"r3c1"
"666",387077169,2,5,900,90,1,2,0,0,0,0,0,0,0,0,0,0,0,"r3c1"
"667",387077198,1,6,540,90,1,0,0,0,0,0,0,1,0,0,0,0,0,"r3c1"
"668",387113307,12,7,1194,29.85,3,7,3,0,0,0,0,0,0,2,0,0,0,"r3c1"
"669",387113310,1,2,20,10,1,0,0,0,0,0,1,0,0,0,0,0,0,"r3c1"
"670",387149445,11,6,2583,60.0697674418605,7,1,1,0,0,0,2,4,1,1,0,0,1,"r3c1"
"671",387149449,5,8,1764,73.5,4,0,0,0,0,1,0,1,2,1,0,0,0,"r3c1"
"672",387149450,1,3,90,30,1,0,0,0,0,0,1,0,0,0,0,0,0,"r3c1"
"673",387149474,1,4,480,120,1,0,0,0,0,0,0,1,0,0,0,0,0,"r3c1"
"674",387149475,1,2,32,16,1,0,1,0,0,0,0,0,0,0,0,0,0,"r3c1"
"675",387185583,3,8,347,23.1333333333333,2,0,2,1,0,0,0,0,0,0,0,0,0,"r3c1"
"676",387185585,1,3,30,10,1,0,0,0,0,0,0,1,0,0,0,0,0,"r3c1"
"677",387185601,3,3,88,12.5714285714286,1,0,3,0,0,0,0,0,0,0,0,0,0,"r3c1"
"678",387221722,1,5,405,81,1,0,0,0,0,0,0,1,0,0,0,0,0,"r3c1"
"679",387221723,7,5,723,34.4285714285714,2,0,0,4,0,0,0,0,3,0,0,0,0,"r3c1"
"680",387221725,1,3,33,11,1,0,0,1,0,0,0,0,0,0,0,0,0,"r3c1"
"681",387221726,41,9,19023,132.104166666667,11,2,5,4,1,4,3,5,8,4,0,1,4,"r3c1"
"682",387221740,1,3,522,174,1,0,0,0,0,1,0,0,0,0,0,0,0,"r3c1"
"683",387221751,1,2,20,10,1,0,1,0,0,0,0,0,0,0,0,0,0,"r3c1"
"684",387257860,1,3,15,5,1,0,0,0,0,0,0,0,1,0,0,0,0,"r3c1"
"685",387257861,7,7,411,17.125,6,0,0,0,1,1,1,1,0,2,0,0,1,"r3c1"
"686",387257862,5,6,1936,107.555555555556,2,0,0,2,0,0,0,3,0,0,0,0,0,"r3c1"
"687",387257863,1,2,360,180,1,0,1,0,0,0,0,0,0,0,0,0,0,"r3c1"
"688",387330140,1,6,360,60,1,0,0,0,0,0,0,0,0,0,0,0,1,"r3c1"
"689",387330141,3,6,772,85.7777777777778,3,0,0,0,1,1,1,0,0,0,0,0,0,"r3c1"
"690",387366276,20,9,2898,39.6986301369863,7,1,10,0,1,3,1,2,2,0,0,0,0,"r3c1"
"691",387366277,6,4,173,13.3076923076923,1,0,6,0,0,0,0,0,0,0,0,0,0,"r3c1"
"692",387402414,3,7,277,16.2941176470588,2,0,2,0,0,0,0,0,1,0,0,0,0,"r3c1"
"693",387438552,3,5,180,12.8571428571429,2,0,2,0,0,0,0,0,1,0,0,0,0,"r3c1"
"694",387474718,1,1,1,1,1,0,0,0,0,0,0,1,0,0,0,0,0,"r3c1"
"695",387510853,1,1,10,10,1,0,0,0,0,0,0,0,1,0,0,0,0,"r3c1"
"696",387546968,7,4,775,51.6666666666667,5,1,0,1,0,0,0,1,3,0,0,0,1,"r3c1"
"697",387546984,4,7,1570,87.2222222222222,3,0,1,0,0,0,0,0,2,1,0,0,0,"r3c1"
"698",387546990,1,1,39,39,1,1,0,0,0,0,0,0,0,0,0,0,0,"r3c1"
"699",387546991,1,5,900,180,1,0,0,0,0,0,0,0,1,0,0,0,0,"r3c1"
"700",387546995,1,5,90,18,1,0,0,0,0,0,0,0,0,0,0,0,1,"r3c1"
"701",387583118,1,2,120,60,1,0,0,0,0,1,0,0,0,0,0,0,0,"r3c1"
"702",387583121,1,4,60,15,1,0,0,0,0,0,0,0,0,0,0,1,0,"r3c1"
"703",387583123,1,4,216,54,1,0,0,0,0,1,0,0,0,0,0,0,0,"r3c1"
"704",387583130,3,2,540,135,1,0,0,0,3,0,0,0,0,0,0,0,0,"r3c1"
"705",387583146,1,2,24,12,1,0,0,0,0,0,0,0,0,0,0,0,1,"r3c1"
"706",387583147,1,2,20,10,1,0,0,0,0,0,0,0,1,0,0,0,0,"r3c1"
"707",387619250,1,3,39,13,1,0,0,0,0,0,0,0,1,0,0,0,0,"r3c1"
"708",387619261,5,6,1045,58.0555555555556,4,1,0,1,0,0,0,2,0,1,0,0,0,"r3c1"
"709",387619263,14,7,2906,53.8148148148148,5,0,0,0,3,1,1,0,6,3,0,0,0,"r3c1"
"710",387655390,7,5,172,13.2307692307692,4,0,3,0,0,1,0,1,2,0,0,0,0,"r3c1"
"711",387655392,1,3,30,10,1,0,0,0,0,0,0,0,1,0,0,0,0,"r3c1"
"712",387655393,1,1,3,3,1,0,0,0,0,0,0,1,0,0,0,0,0,"r3c1"
"713",387655410,6,7,725,22.65625,1,6,0,0,0,0,0,0,0,0,0,0,0,"r3c1"
"714",387655413,2,3,332,83,2,0,0,0,0,0,0,0,0,1,0,0,1,"r3c1"
"715",387691530,1,2,30,15,1,0,0,0,0,0,0,0,1,0,0,0,0,"r3c1"
"716",387691548,16,6,714,10.9846153846154,1,16,0,0,0,0,0,0,0,0,0,0,0,"r3c1"
"717",387691551,2,3,304,76,2,0,0,0,0,0,0,0,1,0,0,0,1,"r3c1"
"718",387691558,1,1,87,87,1,0,0,1,0,0,0,0,0,0,0,0,0,"r3c1"
"719",387799961,4,1,360,90,1,0,0,0,0,0,0,0,4,0,0,0,0,"r3c1"
"720",387944517,7,5,750,37.5,6,0,2,1,0,0,1,0,1,1,0,0,1,"r3c1"
"721",387944518,1,7,462,66,1,0,0,0,1,0,0,0,0,0,0,0,0,"r3c1"
"722",387980655,3,3,141,28.2,1,0,0,0,0,0,0,0,3,0,0,0,0,"r3c1"
"723",388342741,2,1,170,85,2,1,0,0,0,0,1,0,0,0,0,0,0,"r3c1"
"724",390688524,4,7,2880,169.411764705882,3,2,0,0,0,0,0,1,1,0,0,0,0,"r3c1"
"725",390833073,3,5,1020,102,2,1,0,2,0,0,0,0,0,0,0,0,0,"r3c1"
"726",390833074,1,4,480,120,1,0,0,1,0,0,0,0,0,0,0,0,0,"r3c1"
"727",390977620,1,2,30,15,1,0,0,0,1,0,0,0,0,0,0,0,0,"r3c1"
"728",391521122,2,1,32,16,2,0,0,1,0,0,0,0,0,0,0,0,1,"r3c1"
"729",391557260,3,1,180,60,3,1,0,1,0,0,0,1,0,0,0,0,0,"r3c1"
"730",391557263,1,1,50,50,1,0,0,1,0,0,0,0,0,0,0,0,0,"r3c1"
"731",391593397,1,1,60,60,1,0,0,0,0,0,0,1,0,0,0,0,0,"r3c1"
"732",391629534,2,1,35,17.5,2,0,1,1,0,0,0,0,0,0,0,0,0,"r3c1"
"733",391774093,1,1,6,6,1,0,1,0,0,0,0,0,0,0,0,0,0,"r3c1"
"734",391810221,1,1,180,180,1,1,0,0,0,0,0,0,0,0,0,0,0,"r3c1"
"735",391882507,1,1,11,11,1,0,1,0,0,0,0,0,0,0,0,0,0,"r3c1"
"736",391989902,2,2,130,43.3333333333333,2,0,0,0,0,1,0,0,1,0,0,0,0,"r3c1"
"737",392026039,1,1,45,45,1,0,0,0,0,0,0,1,0,0,0,0,0,"r3c1"
"738",392062176,2,2,255,85,2,0,0,0,0,1,0,0,1,0,0,0,0,"r3c1"
"739",392098313,2,2,250,83.3333333333333,2,0,0,0,0,1,0,0,1,0,0,0,0,"r3c1"
"740",392134454,1,1,5,5,1,0,0,0,0,0,0,0,0,1,0,0,0,"r3c1"
"741",392279003,1,1,30,30,1,0,0,0,0,0,0,0,1,0,0,0,0,"r3c1"
"742",392279012,1,1,5,5,1,0,0,0,0,0,0,0,0,0,1,0,0,"r3c1"
"743",392315140,1,1,240,240,1,0,0,0,0,0,0,1,0,0,0,0,0,"r3c1"
"744",392315150,1,1,5,5,1,0,0,0,0,0,0,0,0,0,1,0,0,"r3c1"
"745",392351288,1,1,15,15,1,0,0,0,0,0,0,0,1,0,0,0,0,"r3c1"
"746",392351291,1,1,31,31,1,0,0,0,0,0,0,1,0,0,0,0,0,"r3c1"
"747",392351293,1,2,330,165,1,0,0,0,0,0,0,0,0,1,0,0,0,"r3c1"
"748",392387428,1,2,146,73,1,0,0,0,0,1,0,0,0,0,0,0,0,"r3c1"
"749",392459692,3,2,100,20,1,0,0,0,0,0,0,3,0,0,0,0,0,"r3c1"
"750",392495831,1,2,82,41,1,0,0,0,0,0,0,0,0,1,0,0,0,"r3c1"
"751",392495841,1,2,94,47,1,0,0,0,0,0,0,1,0,0,0,0,0,"r3c1"
"752",394916633,1,4,80,20,1,0,0,0,0,0,1,0,0,0,0,0,0,"r3c1"
"753",395061184,1,1,30,30,1,0,0,0,1,0,0,0,0,0,0,0,0,"r3c1"
"754",395205729,1,1,45,45,1,0,0,0,1,0,0,0,0,0,0,0,0,"r3c1"
"755",395530941,1,2,120,60,1,0,0,0,1,0,0,0,0,0,0,0,0,"r3c1"
"756",395785574,1,1,30,30,1,0,0,0,0,0,0,1,0,0,0,0,0,"r3c1"
"757",396759623,1,3,360,120,1,0,0,0,1,0,0,0,0,0,0,0,0,"r3c1"
"758",399795174,4,6,1398,107.538461538462,2,0,0,0,0,3,0,0,1,0,0,0,0,"r3c1"
"759",399831313,2,5,540,54,1,0,0,0,0,0,0,0,0,0,0,2,0,"r3c1"
"760",399831314,4,8,2350,111.904761904762,3,0,0,0,0,0,0,1,0,2,0,1,0,"r3c1"
"761",399831315,2,5,210,35,2,0,0,0,1,0,0,1,0,0,0,0,0,"r3c1"
"762",399867452,6,7,1080,43.2,1,0,0,0,6,0,0,0,0,0,0,0,0,"r3c1"
"763",399867455,1,7,420,60,1,0,0,0,1,0,0,0,0,0,0,0,0,"r3c1"
"764",400085824,2,1,45,22.5,1,0,0,0,2,0,0,0,0,0,0,0,0,"r3c1"
"765",400085825,2,1,130,65,1,0,0,0,0,0,0,2,0,0,0,0,0,"r3c1"
"766",400085826,1,1,51,51,1,0,0,0,1,0,0,0,0,0,0,0,0,"r3c1"
"767",400085828,1,1,9,9,1,0,0,0,0,1,0,0,0,0,0,0,0,"r3c1"
"768",400121962,7,1,93,13.2857142857143,3,1,0,0,0,2,0,0,0,0,4,0,0,"r3c1"
"769",400121963,1,1,15,15,1,0,0,0,0,0,0,0,0,0,0,1,0,"r3c1"
"770",400121966,6,1,335,55.8333333333333,3,0,0,0,3,0,0,1,0,0,2,0,0,"r3c1"
"771",400121967,4,1,46,11.5,1,0,0,0,0,4,0,0,0,0,0,0,0,"r3c1"
"772",400121969,1,1,120,120,1,0,0,0,0,0,0,1,0,0,0,0,0,"r3c1"
"773",400158099,2,1,32,16,2,0,0,0,1,0,0,1,0,0,0,0,0,"r3c1"
"774",400158109,7,1,315,45,2,0,0,1,0,0,0,0,0,0,6,0,0,"r3c1"
"775",400194237,1,1,245,245,1,0,0,0,0,0,0,1,0,0,0,0,0,"r3c1"
"776",400194239,3,2,780,156,1,0,0,0,3,0,0,0,0,0,0,0,0,"r3c1"
"777",400194246,2,1,68,34,1,0,0,0,0,0,0,0,0,0,2,0,0,"r3c1"
"778",400228839,2,6,135,16.875,1,0,0,0,0,0,2,0,0,0,0,0,0,"r3c1"
"779",400230376,4,1,117,29.25,3,0,0,0,2,1,0,0,1,0,0,0,0,"r3c1"
"780",400230379,7,3,532,44.3333333333333,4,2,0,0,0,3,0,1,1,0,0,0,0,"r3c1"
"781",400230380,2,3,155,31,1,0,0,0,0,2,0,0,0,0,0,0,0,"r3c1"
"782",400230386,3,1,202,67.3333333333333,2,0,0,0,0,1,0,2,0,0,0,0,0,"r3c1"
"783",400264980,1,2,90,45,1,0,0,0,1,0,0,0,0,0,0,0,0,"r3c1"
"784",400266514,1,1,22,22,1,0,0,0,0,1,0,0,0,0,0,0,0,"r3c1"
"785",400266517,2,1,103,51.5,1,2,0,0,0,0,0,0,0,0,0,0,0,"r3c1"
"786",400266518,4,2,147,24.5,1,0,0,0,0,4,0,0,0,0,0,0,0,"r3c1"
"787",400266520,1,2,40,20,1,0,0,0,0,1,0,0,0,0,0,0,0,"r3c1"
"788",400266521,6,4,163,14.8181818181818,1,0,0,0,0,6,0,0,0,0,0,0,0,"r3c1"
"789",400266522,9,3,585,48.75,3,2,0,0,0,6,0,1,0,0,0,0,0,"r3c1"
"790",400266523,6,1,47,7.83333333333333,2,2,0,0,0,4,0,0,0,0,0,0,0,"r3c1"
"791",400266524,7,1,575,82.1428571428571,5,1,0,1,3,0,0,0,1,0,0,1,0,"r3c1"
"792",400302654,1,1,60,60,1,0,0,0,0,0,0,1,0,0,0,0,0,"r3c1"
"793",400302655,5,2,56,11.2,1,0,0,0,0,5,0,0,0,0,0,0,0,"r3c1"
"794",400302656,6,1,70,11.6666666666667,1,0,0,0,0,6,0,0,0,0,0,0,0,"r3c1"
"795",400302658,17,4,5637,122.54347826087,7,2,0,0,4,0,0,1,1,1,6,0,2,"r3c1"
"796",400302661,1,1,15,15,1,0,0,1,0,0,0,0,0,0,0,0,0,"r3c1"
"797",400338793,1,1,8,8,1,0,0,0,0,1,0,0,0,0,0,0,0,"r3c1"
"798",400338794,34,1,503,14.7941176470588,2,0,0,0,0,31,0,0,0,0,3,0,0,"r3c1"
"799",400338795,20,2,781,37.1904761904762,4,5,0,0,1,12,0,0,0,0,0,0,2,"r3c1"
"800",400338796,17,3,1686,80.2857142857143,4,0,1,0,13,2,0,0,0,0,0,0,1,"r3c1"
"801",400338797,3,1,74,24.6666666666667,2,0,0,0,1,2,0,0,0,0,0,0,0,"r3c1"
"802",400338798,2,1,34,17,1,0,0,0,0,0,0,0,0,0,2,0,0,"r3c1"
"803",400590237,1,4,840,210,1,0,0,0,0,0,0,0,0,0,0,1,0,"r3c1"
"804",400807070,1,3,360,120,1,1,0,0,0,0,0,0,0,0,0,0,0,"r3c1"
"805",402724085,1,1,110,110,1,0,0,0,0,0,0,0,0,0,0,0,1,"r3c1"
"806",405290400,1,1,5,5,1,0,0,0,0,0,0,1,0,0,0,0,0,"r3c1"
"807",405326538,1,4,20,5,1,0,0,0,0,0,0,1,0,0,0,0,0,"r3c1"
"808",405362676,3,2,840,140,2,2,0,0,0,0,0,0,0,1,0,0,0,"r3c1"
"809",405362677,1,2,30,15,1,0,0,0,0,0,0,1,0,0,0,0,0,"r3c1"
"810",409735895,1,2,360,180,1,0,0,0,0,0,0,1,0,0,0,0,0,"r3c1"
"811",411472454,1,1,64,64,1,1,0,0,0,0,0,0,0,0,0,0,0,"r3c1"
"812",411472455,2,1,524,262,1,0,0,0,0,0,0,2,0,0,0,0,0,"r3c1"
"813",411472456,1,1,72,72,1,1,0,0,0,0,0,0,0,0,0,0,0,"r3c1"
"814",411508592,1,1,104,104,1,1,0,0,0,0,0,0,0,0,0,0,0,"r3c1"
"815",411617008,2,1,147,73.5,1,2,0,0,0,0,0,0,0,0,0,0,0,"r3c1"
"816",414110352,2,1,64,32,1,0,0,0,0,0,0,2,0,0,0,0,0,"r3c1"
"817",421376176,2,1,12,6,1,0,0,0,0,2,0,0,0,0,0,0,0,"r3c1"
"818",421412308,3,2,400,100,3,0,1,0,0,0,1,0,0,0,0,0,1,"r3c1"
"819",421412313,11,2,1476,77.6842105263158,5,0,0,0,0,1,0,4,4,1,0,0,1,"r3c1"
"820",421412314,3,2,459,114.75,2,0,0,0,0,0,0,0,0,1,2,0,0,"r3c1"
"821",421448454,4,2,312,39,1,0,0,0,0,0,0,4,0,0,0,0,0,"r3c1"
"822",421484594,2,1,14,7,1,0,0,0,0,2,0,0,0,0,0,0,0,"r3c1"
"823",421484597,1,2,240,120,1,0,0,0,0,0,0,1,0,0,0,0,0,"r3c1"
"824",421556857,1,1,93,93,1,0,0,0,0,0,0,0,0,1,0,0,0,"r3c1"
"825",421556858,5,2,310,31,1,0,0,0,0,0,0,5,0,0,0,0,0,"r3c1"
"826",421556869,2,2,480,120,1,0,0,0,2,0,0,0,0,0,0,0,0,"r3c1"
"827",421592993,1,2,120,60,1,0,0,0,0,0,0,0,0,0,1,0,0,"r3c1"
"828",421592998,3,2,340,56.6666666666667,3,0,0,0,1,0,0,1,0,0,0,1,0,"r3c1"
"829",421593006,1,1,120,120,1,0,0,0,0,0,0,0,0,0,1,0,0,"r3c1"
"830",421593007,31,2,3918,71.2363636363636,9,2,0,0,3,6,2,7,2,1,4,0,4,"r3c1"
"831",421593008,10,2,1170,65,4,0,0,0,2,0,1,4,0,0,3,0,0,"r3c1"
"832",421629131,2,2,90,30,2,0,0,0,0,0,0,1,1,0,0,0,0,"r3c1"
"833",421629132,1,1,14,14,1,0,0,0,1,0,0,0,0,0,0,0,0,"r3c1"
"834",421665268,22,2,2291,61.9189189189189,8,1,0,2,3,0,5,0,1,3,4,0,3,"r3c1"
"835",421665269,2,2,134,44.6666666666667,2,0,0,0,0,0,0,1,0,1,0,0,0,"r3c1"
"836",421665271,5,1,126,25.2,2,1,0,0,0,0,0,4,0,0,0,0,0,"r3c1"
"837",421665278,1,1,20,20,1,0,0,0,0,0,0,1,0,0,0,0,0,"r3c1"
"838",421701405,2,2,198,49.5,1,0,0,0,0,0,0,0,2,0,0,0,0,"r3c1"
"839",421701406,4,2,353,50.4285714285714,3,0,0,0,0,0,0,0,1,0,1,0,2,"r3c1"
"840",421701408,5,2,273,30.3333333333333,2,0,0,0,0,0,0,4,0,1,0,0,0,"r3c1"
"841",421737544,1,1,120,120,1,0,0,0,0,0,0,0,0,0,0,0,1,"r3c1"
"842",421737551,1,1,30,30,1,0,0,0,0,0,0,0,0,0,0,0,1,"r3c1"
"843",421737552,1,2,64,32,1,0,0,0,0,0,0,1,0,0,0,0,0,"r3c1"
"844",421773681,2,2,280,70,2,0,0,0,1,0,0,0,0,0,1,0,0,"r3c1"
"845",421773682,4,2,216,27,1,0,0,0,0,0,0,4,0,0,0,0,0,"r3c1"
"846",421773684,1,2,44,22,1,0,0,0,0,0,0,0,1,0,0,0,0,"r3c1"
"847",421773685,1,1,30,30,1,0,0,0,1,0,0,0,0,0,0,0,0,"r3c1"
"848",421809819,10,2,1389,81.7058823529412,3,0,0,0,0,2,0,6,0,2,0,0,0,"r3c1"
"849",421809820,15,2,1726,71.9166666666667,7,0,0,0,2,0,1,1,0,2,1,2,6,"r3c1"
"850",421845956,2,2,210,70,2,0,0,0,0,0,1,0,0,0,1,0,0,"r3c1"
"851",421845958,2,2,397,132.333333333333,2,0,0,0,0,0,0,0,1,0,0,0,1,"r3c1"
"852",481213929,1,1,60,60,1,0,0,0,0,0,0,0,0,0,0,0,1,"r3c1"
"853",481683741,3,4,187,20.7777777777778,1,0,0,0,0,0,0,3,0,0,0,0,0,"r3c1"
"854",481683742,1,3,63,21,1,0,0,0,0,0,0,1,0,0,0,0,0,"r3c1"
"855",481719878,3,6,192,21.3333333333333,1,0,0,0,0,0,0,3,0,0,0,0,0,"r3c1"
"856",481719879,1,3,36,12,1,0,0,0,0,0,0,1,0,0,0,0,0,"r3c1"
"857",481719880,2,12,274,13.047619047619,1,0,0,0,0,0,0,2,0,0,0,0,0,"r3c1"
"858",481719881,4,8,336,18.6666666666667,2,0,0,0,0,0,0,1,0,0,0,3,0,"r3c1"
"859",481719882,1,4,40,10,1,0,0,0,0,0,0,0,0,0,0,1,0,"r3c1"
"860",481756016,2,7,135,15,1,0,0,0,0,0,0,2,0,0,0,0,0,"r3c1"
"861",481756017,4,13,331,10.030303030303,1,0,0,0,0,0,0,4,0,0,0,0,0,"r3c1"
"862",481756021,3,7,147,7,1,0,0,0,0,0,3,0,0,0,0,0,0,"r3c1"
"863",481756023,5,2,136,17,3,0,1,0,0,0,0,0,0,2,2,0,0,"r3c1"
"864",481756025,3,2,60,15,1,0,0,0,0,0,0,0,0,3,0,0,0,"r3c1"
"865",481792154,1,6,108,18,1,0,0,0,0,0,0,1,0,0,0,0,0,"r3c1"
"866",481792155,1,5,65,13,1,0,0,0,0,0,0,1,0,0,0,0,0,"r3c1"
"867",481792159,1,3,30,10,1,0,0,0,0,0,0,0,0,1,0,0,0,"r3c1"
"868",481792161,6,11,1230,27.9545454545455,2,0,0,0,0,2,0,4,0,0,0,0,0,"r3c1"
"869",481792166,7,6,164,9.64705882352941,3,0,0,0,0,0,3,0,1,0,3,0,0,"r3c1"
"870",481792167,1,12,480,40,1,1,0,0,0,0,0,0,0,0,0,0,0,"r3c1"
"871",481792168,1,7,98,14,1,1,0,0,0,0,0,0,0,0,0,0,0,"r3c1"
"872",481792197,4,10,188,15.6666666666667,2,0,0,0,0,0,0,3,0,0,0,0,1,"r3c1"
"873",481828298,1,13,130,10,1,0,0,0,0,0,0,0,1,0,0,0,0,"r3c1"
"874",481828299,5,14,746,23.3125,2,0,0,0,0,2,0,3,0,0,0,0,0,"r3c1"
"875",481828321,9,9,763,16.5869565217391,2,0,0,0,0,0,0,8,0,1,0,0,0,"r3c1"
"876",481828329,17,14,1370,21.0769230769231,6,0,0,0,1,0,4,4,0,0,2,4,2,"r3c1"
"877",481828330,1,14,406,29,1,0,0,0,0,0,0,0,0,1,0,0,0,"r3c1"
"878",481828331,6,14,562,11.24,1,0,0,0,0,0,0,6,0,0,0,0,0,"r3c1"
"879",481828332,1,4,24,6,1,0,0,0,0,0,0,1,0,0,0,0,0,"r3c1"
"880",481828333,2,5,64,7.11111111111111,1,0,0,0,0,0,0,2,0,0,0,0,0,"r3c1"
"881",481828334,2,3,45,7.5,1,0,0,0,0,0,0,2,0,0,0,0,0,"r3c1"
"882",481828335,16,14,2770,36.4473684210526,6,0,0,0,0,0,0,8,1,1,1,4,1,"r3c1"
"883",481828336,8,13,453,10.5348837209302,3,0,0,0,0,0,0,5,2,0,1,0,0,"r3c1"
"884",481828337,1,1,15,15,1,0,0,0,0,0,0,1,0,0,0,0,0,"r3c1"
"885",481864412,2,5,212,35.3333333333333,2,0,1,0,0,0,0,1,0,0,0,0,0,"r3c1"
"886",481864413,3,6,234,18,2,0,1,0,0,0,0,2,0,0,0,0,0,"r3c1"
"887",481864439,8,9,212,7.06666666666667,3,0,0,0,0,0,0,0,0,1,2,0,5,"r3c1"
"888",481864447,1,6,60,10,1,0,1,0,0,0,0,0,0,0,0,0,0,"r3c1"
"889",481864452,4,4,119,19.8333333333333,3,0,0,0,0,0,0,2,0,0,1,0,1,"r3c1"
"890",481864454,26,14,2496,18.0869565217391,9,2,6,0,1,0,0,5,1,1,2,2,6,"r3c1"
"891",481864455,1,3,24,8,1,0,0,0,0,0,0,0,0,0,0,1,0,"r3c1"
"892",481864456,3,3,52,8.66666666666667,2,0,0,0,0,0,0,2,0,0,0,0,1,"r3c1"
"893",481864457,4,14,848,25.6969696969697,2,0,2,0,0,0,0,0,0,0,0,0,2,"r3c1"
"894",481864458,2,4,30,6,2,0,0,0,0,0,1,0,0,0,0,0,1,"r3c1"
"895",481864459,4,14,418,11.6111111111111,2,0,1,0,0,0,0,3,0,0,0,0,0,"r3c1"
"896",481864468,2,12,164,11.7142857142857,1,0,0,0,0,0,0,0,0,0,2,0,0,"r3c1"
"897",481864469,1,13,104,8,1,0,0,0,0,0,0,1,0,0,0,0,0,"r3c1"
"898",481864470,2,9,120,7.5,1,0,0,0,0,0,0,2,0,0,0,0,0,"r3c1"
"899",481864471,3,13,374,10.6857142857143,1,0,0,0,0,0,0,3,0,0,0,0,0,"r3c1"
"900",481864472,2,11,144,9,1,0,0,0,0,0,0,2,0,0,0,0,0,"r3c1"
"901",481864473,4,9,410,15.7692307692308,3,0,0,0,0,0,0,2,0,0,1,1,0,"r3c1"
"902",481864474,3,9,274,15.2222222222222,2,0,0,0,0,0,0,2,1,0,0,0,0,"r3c1"
"903",481864475,2,4,44,11,1,0,0,0,0,0,0,2,0,0,0,0,0,"r3c1"
"904",481900549,11,3,1072,56.4210526315789,6,2,0,0,0,0,1,2,0,1,2,3,0,"r3c1"
"905",481900550,28,10,2663,33.7088607594937,7,4,1,0,1,0,0,10,0,1,7,4,0,"r3c1"
"906",481900551,1,5,50,10,1,0,0,0,0,0,0,1,0,0,0,0,0,"r3c1"
"907",481900561,3,3,70,11.6666666666667,3,0,0,0,0,0,0,1,0,1,1,0,0,"r3c1"
"908",481900563,2,13,223,9.69565217391304,1,0,0,0,0,0,0,2,0,0,0,0,0,"r3c1"
"909",481900564,1,5,50,10,1,0,0,0,0,0,0,0,0,1,0,0,0,"r3c1"
"910",481900565,2,2,35,11.6666666666667,1,0,0,0,0,0,0,0,0,0,2,0,0,"r3c1"
"911",481900576,3,12,231,15.4,3,0,0,0,0,0,1,0,0,1,1,0,0,"r3c1"
"912",481900586,2,14,480,24,2,0,1,0,0,0,0,0,1,0,0,0,0,"r3c1"
"913",481900587,7,7,225,11.25,3,0,0,0,1,0,3,0,0,0,3,0,0,"r3c1"
"914",481900588,2,3,41,8.2,2,0,0,0,0,0,1,0,0,0,1,0,0,"r3c1"
"915",481900590,3,14,960,41.7391304347826,3,0,1,0,0,0,0,1,1,0,0,0,0,"r3c1"
"916",481900591,21,13,2356,18.848,8,2,0,0,5,0,0,3,3,1,3,2,2,"r3c1"
"917",481900593,4,4,190,27.1428571428571,3,0,0,0,0,0,0,0,1,0,1,0,2,"r3c1"
"918",481900594,3,1,30,10,1,0,0,0,0,0,0,0,0,0,0,0,3,"r3c1"
"919",481900595,3,2,43,14.3333333333333,1,0,0,0,0,0,0,0,0,0,0,0,3,"r3c1"
"920",481900596,2,3,38,12.6666666666667,1,0,0,0,0,0,0,0,0,0,0,0,2,"r3c1"
"921",481900600,3,2,30,5,1,0,0,0,0,0,3,0,0,0,0,0,0,"r3c1"
"922",481900602,5,14,175,8.33333333333333,3,0,0,0,0,0,3,0,1,1,0,0,0,"r3c1"
"923",481900604,4,7,272,11.3333333333333,1,0,0,0,0,0,0,4,0,0,0,0,0,"r3c1"
"924",481900605,4,6,186,8.45454545454546,1,0,0,0,0,0,0,4,0,0,0,0,0,"r3c1"
"925",481900606,4,7,256,12.8,1,0,0,0,0,0,0,4,0,0,0,0,0,"r3c1"
"926",481900607,4,12,524,13.7894736842105,1,0,0,0,0,0,0,4,0,0,0,0,0,"r3c1"
"927",481900608,2,8,91,6.06666666666667,1,0,0,0,0,0,0,2,0,0,0,0,0,"r3c1"
"928",481936688,11,8,563,17.0606060606061,5,3,0,0,3,0,0,2,1,0,0,2,0,"r3c1"
"929",481936689,8,13,723,19.0263157894737,5,0,0,0,4,0,0,1,1,1,0,1,0,"r3c1"
"930",481936692,5,12,1216,28.952380952381,3,0,0,0,0,0,0,1,0,1,0,3,0,"r3c1"
"931",481936694,1,13,130,10,1,0,0,0,0,0,0,1,0,0,0,0,0,"r3c1"
"932",481936695,2,7,230,23,2,0,0,0,0,0,0,1,0,0,1,0,0,"r3c1"
"933",481936696,2,13,134,7.05263157894737,1,0,0,0,0,0,0,2,0,0,0,0,0,"r3c1"
"934",481936697,1,13,91,7,1,0,0,0,0,0,0,1,0,0,0,0,0,"r3c1"
"935",481936698,4,7,456,28.5,2,0,0,0,0,0,0,2,0,0,2,0,0,"r3c1"
"936",481936712,4,11,734,30.5833333333333,2,0,0,0,0,0,0,0,0,0,2,2,0,"r3c1"
"937",481936713,56,17,6325,23.5130111524164,9,0,12,0,0,2,8,5,6,2,2,9,10,"r3c1"
"938",481936714,30,14,4393,32.3014705882353,10,0,1,0,1,2,1,4,1,2,6,5,7,"r3c1"
"939",481936729,7,8,1474,47.5483870967742,4,0,0,0,2,0,0,0,2,0,2,0,1,"r3c1"
"940",481936730,3,3,306,38.25,2,0,0,0,0,0,0,0,0,0,2,0,1,"r3c1"
"941",481936731,1,3,36,12,1,0,0,0,0,0,0,0,0,0,1,0,0,"r3c1"
"942",481936733,2,2,29,9.66666666666667,1,0,0,0,0,0,0,0,0,0,0,0,2,"r3c1"
"943",481936738,3,4,35,5,1,0,0,0,0,0,3,0,0,0,0,0,0,"r3c1"
"944",481936739,1,5,550,110,1,0,0,0,0,0,0,0,0,0,0,1,0,"r3c1"
"945",481936744,4,6,200,10,1,0,0,0,0,0,0,4,0,0,0,0,0,"r3c1"
"946",481936745,6,10,334,8.35,1,0,0,0,0,0,0,6,0,0,0,0,0,"r3c1"
"947",481936746,7,9,846,19.2272727272727,1,0,0,0,0,0,0,7,0,0,0,0,0,"r3c1"
"948",481972826,1,7,112,16,1,0,0,0,0,0,0,0,0,0,0,1,0,"r3c1"
"949",481972827,16,8,1113,22.7142857142857,6,6,0,0,0,0,0,2,1,2,4,1,0,"r3c1"
"950",481972830,5,7,310,19.375,2,0,0,0,0,0,0,3,0,0,0,2,0,"r3c1"
"951",481972833,1,3,30,10,1,0,0,0,0,0,0,0,0,1,0,0,0,"r3c1"
"952",481972834,2,7,120,10,1,0,0,0,0,0,0,2,0,0,0,0,0,"r3c1"
"953",481972852,21,14,973,14.5223880597015,6,0,0,0,0,0,4,8,2,1,0,4,2,"r3c1"
"954",481972869,2,4,84,12,1,0,0,0,0,0,0,0,0,0,2,0,0,"r3c1"
"955",481972876,1,9,144,16,1,0,0,0,0,0,0,1,0,0,0,0,0,"r3c1"
"956",481972883,4,7,169,8.89473684210526,1,0,0,0,0,0,0,4,0,0,0,0,0,"r3c1"
"957",481972884,10,7,358,10.5294117647059,1,0,0,0,0,0,0,10,0,0,0,0,0,"r3c1"
"958",482008963,1,4,28,7,1,0,0,0,0,0,0,1,0,0,0,0,0,"r3c1"
"959",482008964,1,9,162,18,1,0,0,0,0,0,0,1,0,0,0,0,0,"r3c1"
"960",482008965,56,14,4541,24.9505494505494,9,9,1,0,6,0,4,16,1,2,4,13,0,"r3c1"
"961",482008966,4,3,45,7.5,2,0,0,0,0,0,3,0,0,0,0,1,0,"r3c1"
"962",482008990,14,11,705,15.6666666666667,7,0,0,0,0,1,3,3,1,3,2,1,0,"r3c1"
"963",482008991,2,12,430,30.7142857142857,1,0,0,0,0,0,0,0,0,0,2,0,0,"r3c1"
"964",482009008,2,4,84,10.5,1,0,0,0,0,0,0,0,0,0,2,0,0,"r3c1"
"965",482009012,2,7,78,8.66666666666667,2,0,0,0,0,0,0,1,0,0,1,0,0,"r3c1"
"966",482045096,1,5,90,18,1,0,0,0,0,0,0,1,0,0,0,0,0,"r3c1"
"967",482045097,2,5,85,8.5,1,0,0,0,0,0,0,2,0,0,0,0,0,"r3c1"
"968",482045098,2,5,85,9.44444444444444,1,0,0,0,0,0,0,2,0,0,0,0,0,"r3c1"
"969",482045099,3,10,316,15.8,1,0,0,0,0,0,0,3,0,0,0,0,0,"r3c1"
"970",482045100,1,8,136,17,1,0,0,0,0,0,0,1,0,0,0,0,0,"r3c1"
"971",482045101,1,4,32,8,1,0,0,0,0,0,0,1,0,0,0,0,0,"r3c1"
"972",482045102,1,12,96,8,1,0,0,0,0,0,0,1,0,0,0,0,0,"r3c1"
"973",482045112,3,2,30,5,1,0,0,0,0,0,3,0,0,0,0,0,0,"r3c1"
"974",482045115,2,2,16,5.33333333333333,2,1,0,0,0,0,0,0,0,0,1,0,0,"r3c1"
"975",482045117,4,3,40,5,2,1,0,0,0,0,3,0,0,0,0,0,0,"r3c1"
"976",482045146,1,2,20,10,1,0,0,0,0,0,0,0,0,0,1,0,0,"r3c1"
"977",482045147,3,3,115,16.4285714285714,1,0,0,0,0,0,0,0,0,0,3,0,0,"r3c1"
"978",482045148,1,1,10,10,1,0,0,0,0,0,0,0,0,0,1,0,0,"r3c1"
"979",482045149,3,5,75,5,1,0,0,0,0,0,3,0,0,0,0,0,0,"r3c1"
"980",482045150,1,10,120,12,1,0,0,0,0,0,0,0,0,0,1,0,0,"r3c1"
"981",482081234,4,8,264,10.56,1,0,0,0,0,0,0,4,0,0,0,0,0,"r3c1"
"982",482081235,1,7,56,8,1,0,0,0,0,0,0,1,0,0,0,0,0,"r3c1"
"983",482081250,1,1,5,5,1,1,0,0,0,0,0,0,0,0,0,0,0,"r3c1"
"984",482081251,2,12,159,11.3571428571429,2,0,0,0,0,0,0,1,0,1,0,0,0,"r3c1"
"985",482081252,1,4,20,5,1,1,0,0,0,0,0,0,0,0,0,0,0,"r3c1"
"986",482081253,3,12,267,12.7142857142857,2,0,0,0,0,0,0,2,0,1,0,0,0,"r3c1"
"987",482081254,1,4,48,12,1,0,0,0,0,0,0,1,0,0,0,0,0,"r3c1"
"988",482081255,2,6,68,8.5,1,0,0,0,0,0,0,2,0,0,0,0,0,"r3c1"
"989",482081256,2,5,78,11.1428571428571,1,0,0,0,0,0,0,2,0,0,0,0,0,"r3c1"
"990",482081257,15,13,1862,34.4814814814815,7,1,0,0,0,0,0,5,1,1,1,1,5,"r3c1"
"991",482081261,1,2,6,3,1,0,0,0,0,0,0,0,0,0,0,0,1,"r3c1"
"992",482081267,2,8,226,25.1111111111111,2,0,0,0,0,0,0,0,0,1,0,1,0,"r3c1"
"993",482081285,1,3,45,15,1,0,0,0,0,0,0,0,0,0,1,0,0,"r3c1"
"994",482081286,4,12,245,9.42307692307692,2,0,0,0,0,0,0,0,0,2,2,0,0,"r3c1"
"995",482081287,26,14,3318,23.7,8,2,0,0,0,0,1,8,1,1,2,7,4,"r3c1"
"996",482117372,2,7,134,10.3076923076923,1,0,0,0,0,0,0,2,0,0,0,0,0,"r3c1"
"997",482117389,25,14,2760,16.140350877193,5,3,0,0,0,0,0,16,1,0,2,3,0,"r3c1"
"998",482117390,1,5,35,7,1,0,0,0,0,0,0,1,0,0,0,0,0,"r3c1"
"999",482117391,3,8,150,10.7142857142857,1,0,0,0,0,0,0,3,0,0,0,0,0,"r3c1"
"1000",482117392,1,6,60,10,1,0,0,0,0,0,0,1,0,0,0,0,0,"r3c1"
"1001",482117394,1,3,21,7,1,0,0,0,0,0,0,1,0,0,0,0,0,"r3c1"
"1002",482117396,1,2,16,8,1,0,0,0,0,0,0,1,0,0,0,0,0,"r3c1"
"1003",482117397,1,2,14,7,1,0,0,0,0,0,0,1,0,0,0,0,0,"r3c1"
"1004",482117398,1,4,24,6,1,0,0,0,0,0,0,1,0,0,0,0,0,"r3c1"
"1005",482117405,1,9,414,46,1,0,0,0,0,0,0,0,0,0,1,0,0,"r3c1"
"1006",482117412,26,11,1775,18.2989690721649,9,0,0,1,0,3,3,1,2,1,1,6,8,"r3c1"
"1007",482117413,2,3,90,15,1,0,0,0,0,0,0,0,0,0,0,2,0,"r3c1"
"1008",482117422,1,6,30,5,1,0,0,0,0,0,0,0,0,1,0,0,0,"r3c1"
"1009",482153509,6,6,403,14.3928571428571,1,0,0,0,0,0,0,6,0,0,0,0,0,"r3c1"
"1010",482153510,2,5,100,10,1,0,0,0,0,0,0,2,0,0,0,0,0,"r3c1"
"1011",482153518,5,9,405,13.9655172413793,1,0,0,0,0,0,0,5,0,0,0,0,0,"r3c1"
"1012",482153519,2,6,84,9.33333333333333,1,0,0,0,0,0,0,2,0,0,0,0,0,"r3c1"
"1013",482153520,2,3,47,9.4,1,0,0,0,0,0,0,2,0,0,0,0,0,"r3c1"
"1014",482153521,3,3,46,9.2,1,0,0,0,0,0,0,3,0,0,0,0,0,"r3c1"
"1015",482153522,1,3,21,7,1,0,0,0,0,0,0,1,0,0,0,0,0,"r3c1"
"1016",482153523,1,5,65,13,1,0,0,0,0,0,0,1,0,0,0,0,0,"r3c1"
"1017",482153524,2,5,104,11.5555555555556,1,0,0,0,0,0,0,2,0,0,0,0,0,"r3c1"
"1018",482153525,1,2,18,9,1,0,0,0,0,0,0,1,0,0,0,0,0,"r3c1"
"1019",482153526,1,4,40,10,1,0,0,0,0,0,0,1,0,0,0,0,0,"r3c1"
"1020",482153527,2,6,74,7.4,1,0,0,0,0,0,0,2,0,0,0,0,0,"r3c1"
"1021",482153528,1,6,48,8,1,0,0,0,0,0,0,1,0,0,0,0,0,"r3c1"
"1022",482153540,1,2,10,5,1,0,0,0,0,0,0,0,0,0,1,0,0,"r3c1"
"1023",482153541,2,6,80,10,2,0,1,0,0,0,0,0,0,0,1,0,0,"r3c1"
"1024",482153548,3,10,458,22.9,2,0,0,0,0,0,0,2,0,1,0,0,0,"r3c1"
"1025",482153549,3,9,193,17.5454545454545,2,0,1,0,0,0,0,0,0,2,0,0,0,"r3c1"
"1026",482153560,1,10,150,15,1,0,0,0,0,0,0,0,0,1,0,0,0,"r3c1"
"1027",482189647,1,6,60,10,1,0,0,0,0,0,0,1,0,0,0,0,0,"r3c1"
"1028",482189648,5,6,232,8.92307692307692,1,0,0,0,0,0,0,5,0,0,0,0,0,"r3c1"
"1029",482189649,1,4,36,9,1,0,0,0,0,0,0,1,0,0,0,0,0,"r3c1"
"1030",482189650,1,6,66,11,1,0,0,0,0,0,0,1,0,0,0,0,0,"r3c1"
"1031",482189651,6,8,755,25.1666666666667,1,0,0,0,0,0,0,6,0,0,0,0,0,"r3c1"
"1032",482189656,1,2,18,9,1,0,0,0,0,0,0,1,0,0,0,0,0,"r3c1"
"1033",482189657,6,8,369,12.7241379310345,1,0,0,0,0,0,0,6,0,0,0,0,0,"r3c1"
"1034",482189660,1,2,32,16,1,0,0,0,0,0,0,1,0,0,0,0,0,"r3c1"
"1035",482189661,2,3,49,9.8,1,0,0,0,0,0,0,2,0,0,0,0,0,"r3c1"
"1036",482189663,2,5,90,12.8571428571429,1,0,0,0,0,0,0,2,0,0,0,0,0,"r3c1"
"1037",482189664,1,4,36,9,1,0,0,0,0,0,0,1,0,0,0,0,0,"r3c1"
"1038",482189680,2,14,435,25.5882352941176,2,0,0,0,0,0,0,1,1,0,0,0,0,"r3c1"
"1039",482189681,8,15,2911,32.7078651685393,3,0,0,0,0,0,0,3,0,0,2,3,0,"r3c1"
"1040",482189682,3,6,90,5,1,0,0,0,0,0,3,0,0,0,0,0,0,"r3c1"
"1041",482189685,2,2,24,6,1,0,2,0,0,0,0,0,0,0,0,0,0,"r3c1"
"1042",482189686,4,12,325,16.25,3,0,0,0,0,0,0,1,0,1,2,0,0,"r3c1"
"1043",482189687,5,14,811,30.037037037037,2,0,0,0,0,0,0,3,0,0,0,2,0,"r3c1"
"1044",482225786,2,4,135,22.5,1,0,0,0,0,0,0,2,0,0,0,0,0,"r3c1"
"1045",482225787,1,4,44,11,1,0,0,0,0,0,0,1,0,0,0,0,0,"r3c1"
"1046",482225788,3,7,151,10.7857142857143,1,0,0,0,0,0,0,3,0,0,0,0,0,"r3c1"
"1047",482225789,3,6,137,9.13333333333333,1,0,0,0,0,0,0,3,0,0,0,0,0,"r3c1"
"1048",482225790,2,6,237,21.5454545454545,1,0,0,0,0,0,0,2,0,0,0,0,0,"r3c1"
"1049",482225791,2,4,62,10.3333333333333,1,0,0,0,0,0,0,2,0,0,0,0,0,"r3c1"
"1050",482225792,2,5,95,11.875,1,0,0,0,0,0,0,2,0,0,0,0,0,"r3c1"
"1051",482225793,2,8,154,11.8461538461538,1,0,0,0,0,0,0,2,0,0,0,0,0,"r3c1"
"1052",482225794,1,4,36,9,1,0,0,0,0,0,0,1,0,0,0,0,0,"r3c1"
"1053",482225818,3,12,726,31.5652173913043,1,0,0,0,0,0,0,0,0,0,0,3,0,"r3c1"
"1054",482225820,1,2,20,10,1,0,0,0,0,0,0,0,0,1,0,0,0,"r3c1"
"1055",482261955,6,11,390,24.375,4,0,2,0,0,0,0,2,0,0,1,0,1,"r3c1"
"1056",482261956,28,13,3343,31.2429906542056,6,3,15,0,0,0,0,6,0,1,1,0,2,"r3c1"
"1057",482261957,1,8,200,25,1,0,1,0,0,0,0,0,0,0,0,0,0,"r3c1"
"1058",482261958,3,9,358,19.8888888888889,2,0,2,0,0,0,0,0,0,1,0,0,0,"r3c1"
"1059",482261959,4,10,1214,32.8108108108108,1,0,0,0,0,0,0,0,0,0,0,4,0,"r3c1"
"1060",482261971,1,3,15,5,1,0,0,0,0,0,0,0,0,1,0,0,0,"r3c1"
"1061",482261973,1,4,52,13,1,0,0,0,0,0,0,0,0,1,0,0,0,"r3c1"
"1062",482298094,9,11,600,22.2222222222222,2,0,0,0,0,0,0,8,0,0,0,0,1,"r3c1"
"1063",482298095,13,14,2665,38.6231884057971,4,0,2,0,0,0,0,8,0,0,1,2,0,"r3c1"
"1064",482298096,7,4,159,13.25,3,0,0,0,0,0,0,2,4,0,0,1,0,"r3c1"
"1065",482298097,15,14,2106,20.8514851485149,5,0,0,0,0,0,0,0,5,1,1,7,1,"r3c1"
"1066",482298098,3,10,420,38.1818181818182,3,0,0,0,0,0,0,1,1,1,0,0,0,"r3c1"
"1067",482334234,3,3,45,5,1,0,0,0,0,0,3,0,0,0,0,0,0,"r3c1"
"1068",482334236,1,14,840,60,1,0,0,0,0,0,0,0,1,0,0,0,0,"r3c1"
"1069",482334247,3,13,414,14.2758620689655,1,0,0,0,0,0,0,0,0,3,0,0,0,"r3c1"
"1070",482370373,2,13,398,20.9473684210526,1,0,0,0,0,0,0,0,0,0,2,0,0,"r3c1"
"1071",482370374,14,15,5625,37.5,6,2,2,0,0,3,0,4,1,0,0,2,0,"r3c1"
"1072",482370384,4,7,240,18.4615384615385,1,0,0,0,0,0,0,0,0,0,4,0,0,"r3c1"
"1073",482370385,1,13,65,5,1,0,0,0,0,0,0,0,0,1,0,0,0,"r3c1"
"1074",482406509,1,2,18,9,1,0,0,0,0,0,0,1,0,0,0,0,0,"r3c1"
"1075",482406510,1,2,18,9,1,0,0,0,0,0,0,0,0,1,0,0,0,"r3c1"
"1076",482406512,1,9,153,17,1,0,0,0,0,1,0,0,0,0,0,0,0,"r3c1"
"1077",482406515,5,8,419,23.2777777777778,4,2,1,0,0,0,1,1,0,0,0,0,0,"r3c1"
"1078",482406522,2,1,20,10,1,0,0,0,0,0,0,0,0,0,2,0,0,"r3c1"
"1079",482406523,1,6,30,5,1,0,0,0,0,0,0,0,0,1,0,0,0,"r3c1"
"1080",482442648,2,3,58,14.5,2,0,0,0,0,0,0,1,0,0,0,0,1,"r3c1"
"1081",482442653,1,1,17,17,1,0,0,0,0,0,0,0,0,0,0,1,0,"r3c1"
"1082",482442660,1,7,91,13,1,0,0,0,0,0,0,0,0,1,0,0,0,"r3c1"
"1083",482478786,9,4,360,21.1764705882353,3,5,2,0,0,0,0,0,0,0,0,0,2,"r3c1"
"1084",482478787,1,2,80,40,1,0,0,0,0,1,0,0,0,0,0,0,0,"r3c1"
"1085",482478788,9,11,973,22.6279069767442,3,2,0,0,0,0,0,0,0,0,3,4,0,"r3c1"
"1086",482478790,19,14,4648,35.2121212121212,5,3,0,0,0,0,0,1,1,0,10,4,0,"r3c1"
"1087",482478791,4,14,712,13.6923076923077,2,1,0,0,0,0,0,3,0,0,0,0,0,"r3c1"
"1088",482478792,12,14,1814,16.6422018348624,3,0,8,0,0,0,0,3,0,0,0,1,0,"r3c1"
"1089",482478797,3,3,126,18,2,0,0,0,0,0,0,0,0,0,1,2,0,"r3c1"
"1090",482478798,4,6,512,36.5714285714286,2,0,0,0,0,0,0,0,0,2,2,0,0,"r3c1"
"1091",482514924,11,4,742,43.6470588235294,3,0,0,0,0,0,1,0,0,2,8,0,0,"r3c1"
"1092",482514925,15,13,1089,13.9615384615385,6,9,1,0,0,2,1,0,0,1,0,0,1,"r3c1"
"1093",482514929,11,13,460,7.3015873015873,4,2,0,0,0,0,3,0,0,0,1,0,5,"r3c1"
"1094",482514930,10,13,2197,26.1547619047619,4,2,4,0,0,0,0,2,0,0,0,2,0,"r3c1"
"1095",482514935,3,3,88,14.6666666666667,2,0,0,0,0,0,0,0,0,0,1,2,0,"r3c1"
"1096",482514936,5,5,268,19.1428571428571,4,0,0,0,0,0,0,2,0,1,1,1,0,"r3c1"
"1097",482551062,6,4,231,25.6666666666667,5,0,1,0,0,1,1,0,0,2,0,1,0,"r3c1"
"1098",482551063,26,15,3736,25.5890410958904,8,2,3,0,0,3,3,2,0,4,5,4,0,"r3c1"
"1099",482551074,11,13,1411,19.5972222222222,4,6,0,0,0,0,0,2,0,0,1,2,0,"r3c1"
"1100",482587197,12,12,904,18.08,3,0,1,0,0,0,3,8,0,0,0,0,0,"r3c1"
"1101",482587198,25,15,4296,43.8367346938776,7,1,0,0,0,0,2,3,10,3,0,1,5,"r3c1"
"1102",482587200,8,6,266,14.7777777777778,4,1,5,0,0,1,0,0,0,1,0,0,0,"r3c1"
"1103",482587201,4,6,135,6.42857142857143,2,0,0,0,0,0,3,0,0,1,0,0,0,"r3c1"
"1104",482587205,1,13,260,20,1,0,0,0,0,0,0,0,1,0,0,0,0,"r3c1"
"1105",482623334,2,4,63,10.5,1,0,0,0,0,0,0,2,0,0,0,0,0,"r3c1"
"1106",482623335,12,14,1334,20.5230769230769,3,0,0,0,0,0,0,9,2,0,0,1,0,"r3c1"
"1107",482623336,71,15,6175,19.2367601246106,9,9,11,0,0,0,6,6,6,5,9,13,6,"r3c1"
"1108",482623337,22,15,3566,23.0064516129032,9,3,6,0,1,2,1,3,1,4,0,1,0,"r3c1"
"1109",482623338,2,2,27,13.5,1,0,2,0,0,0,0,0,0,0,0,0,0,"r3c1"
"1110",482623343,1,13,260,20,1,0,0,0,0,0,0,0,1,0,0,0,0,"r3c1"
"1111",482659472,1,3,195,65,1,0,0,0,0,0,0,1,0,0,0,0,0,"r3c1"
"1112",482659475,7,13,1640,36.4444444444444,3,0,1,0,0,0,0,0,0,0,2,4,0,"r3c1"
"1113",482659478,1,11,209,19,1,0,1,0,0,0,0,0,0,0,0,0,0,"r3c1"
"1114",482659482,1,2,20,10,1,0,0,0,0,0,0,0,0,0,1,0,0,"r3c1"
"1115",482659486,3,5,52,6.5,1,0,0,0,0,0,0,3,0,0,0,0,0,"r3c1"
"1116",482659546,58,3,3529,51.8970588235294,3,0,0,0,0,0,0,0,0,8,48,2,0,"r3c1"
"1117",482659547,53,3,4405,60.3424657534247,3,0,0,0,0,0,0,0,0,8,44,1,0,"r3c1"
"1118",482695608,4,13,435,11.1538461538462,2,0,0,0,0,0,3,0,0,0,0,1,0,"r3c1"
"1119",482695610,1,9,153,17,1,0,0,0,0,0,0,0,0,1,0,0,0,"r3c1"
"1120",482695613,1,2,10,5,1,0,0,0,0,0,1,0,0,0,0,0,0,"r3c1"
"1121",482695616,8,13,1371,20.7727272727273,4,0,1,0,0,5,0,0,0,0,0,1,1,"r3c1"
"1122",482695617,1,5,50,10,1,0,0,0,0,0,0,0,0,1,0,0,0,"r3c1"
"1123",482695619,1,3,15,5,1,0,0,0,0,0,0,0,0,1,0,0,0,"r3c1"
"1124",482695624,2,4,34,5.66666666666667,1,0,0,0,0,0,0,2,0,0,0,0,0,"r3c1"
"1125",482695625,9,13,1392,18.0779220779221,2,0,0,0,0,8,0,1,0,0,0,0,0,"r3c1"
"1126",482695626,2,6,112,14,1,0,0,0,0,2,0,0,0,0,0,0,0,"r3c1"
"1127",482731745,1,5,50,10,1,1,0,0,0,0,0,0,0,0,0,0,0,"r3c1"
"1128",482731746,6,13,565,11.7708333333333,3,1,0,0,0,0,0,4,0,0,1,0,0,"r3c1"
"1129",482731747,2,11,740,35.2380952380952,1,0,0,0,0,0,0,0,0,0,0,2,0,"r3c1"
"1130",482731755,5,13,1235,24.2156862745098,1,0,0,0,0,0,0,5,0,0,0,0,0,"r3c1"
"1131",482731761,2,13,317,12.68,1,0,0,0,0,0,0,2,0,0,0,0,0,"r3c1"
"1132",482731762,2,11,80,5,1,0,0,0,0,0,0,2,0,0,0,0,0,"r3c1"
"1133",482731764,3,7,123,11.1818181818182,1,0,0,0,0,3,0,0,0,0,0,0,0,"r3c1"
"1134",482767879,2,7,174,19.3333333333333,2,0,0,0,0,1,0,0,0,0,1,0,0,"r3c1"
"1135",482767883,1,11,176,16,1,0,0,0,0,0,0,1,0,0,0,0,0,"r3c1"
"1136",482767884,5,10,517,11,1,0,0,0,0,0,0,5,0,0,0,0,0,"r3c1"
"1137",482767898,2,5,100,10,1,0,2,0,0,0,0,0,0,0,0,0,0,"r3c1"
"1138",482767899,2,14,340,12.5925925925926,2,0,0,0,0,0,0,0,1,0,0,1,0,"r3c1"
"1139",482767902,4,14,430,13.030303030303,2,0,0,0,0,3,0,0,0,1,0,0,0,"r3c1"
"1140",482804014,6,4,197,16.4166666666667,3,0,0,0,0,1,0,4,0,0,1,0,0,"r3c1"
"1141",482804015,13,15,667,10.9344262295082,7,0,2,0,0,2,2,4,1,1,1,0,0,"r3c1"
"1142",482804016,95,14,9686,30.1744548286604,11,14,2,0,15,2,5,12,4,28,3,8,2,"r3c1"
"1143",482804017,1,3,60,20,1,0,1,0,0,0,0,0,0,0,0,0,0,"r3c1"
"1144",482804021,5,12,432,8.81632653061224,1,0,0,0,0,0,0,5,0,0,0,0,0,"r3c1"
"1145",482804022,1,8,72,9,1,0,0,0,0,0,0,1,0,0,0,0,0,"r3c1"
"1146",482804035,2,5,150,15,1,0,2,0,0,0,0,0,0,0,0,0,0,"r3c1"
"1147",482804036,2,7,224,16,1,0,2,0,0,0,0,0,0,0,0,0,0,"r3c1"
"1148",482840152,14,9,483,15.5806451612903,3,0,0,0,0,1,0,8,0,0,5,0,0,"r3c1"
"1149",482840153,3,3,39,5.57142857142857,2,0,0,0,0,0,0,2,0,0,1,0,0,"r3c1"
"1150",482840154,2,12,344,21.5,1,0,0,0,2,0,0,0,0,0,0,0,0,"r3c1"
"1151",482840181,2,11,370,23.125,2,0,0,0,0,1,0,0,0,0,0,1,0,"r3c1"
"1152",482876290,13,7,777,18.5,5,0,1,0,1,1,0,6,0,0,4,0,0,"r3c1"
"1153",482876291,9,12,261,8.7,5,0,0,0,1,2,2,3,0,0,1,0,0,"r3c1"
"1154",482876319,1,1,5,5,1,0,0,0,0,0,0,0,0,1,0,0,0,"r3c1"
"1155",482876320,1,13,390,30,1,0,0,0,0,0,0,0,1,0,0,0,0,"r3c1"
"1156",482876321,9,13,1025,22.7777777777778,5,0,0,0,0,0,0,1,0,1,2,4,1,"r3c1"
"1157",482876323,1,9,207,23,1,0,0,0,0,0,0,0,0,0,0,1,0,"r3c1"
"1158",482912428,6,6,397,23.3529411764706,4,0,0,0,1,2,0,2,0,0,1,0,0,"r3c1"
"1159",482912429,8,5,180,11.25,3,0,0,0,1,0,3,4,0,0,0,0,0,"r3c1"
"1160",482912430,8,7,140,5,3,1,2,0,0,0,5,0,0,0,0,0,0,"r3c1"
"1161",482912431,4,7,120,7.05882352941176,2,0,3,0,0,0,0,0,0,0,0,1,0,"r3c1"
"1162",482912449,2,2,20,5,1,0,2,0,0,0,0,0,0,0,0,0,0,"r3c1"
"1163",482912462,13,14,1795,26.7910447761194,6,0,0,0,0,1,0,3,2,0,1,5,1,"r3c1"
"1164",482912463,22,16,1863,23,4,0,0,0,0,0,0,6,0,2,5,0,9,"r3c1"
"1165",482948567,1,2,30,15,1,0,0,0,0,0,0,1,0,0,0,0,0,"r3c1"
"1166",482948568,20,14,1574,21.2702702702703,5,0,1,0,3,0,0,7,0,0,2,7,0,"r3c1"
"1167",482948569,56,16,23154,45.5787401574803,8,0,8,0,6,0,0,14,4,1,8,14,1,"r3c1"
"1168",482948570,100,16,56628,72.7866323907455,11,7,20,0,2,3,7,14,16,7,1,14,9,"r3c1"
"1169",482948571,1,9,324,36,1,0,0,0,0,1,0,0,0,0,0,0,0,"r3c1"
"1170",482948587,1,2,16,8,1,0,1,0,0,0,0,0,0,0,0,0,0,"r3c1"
"1171",482948598,1,7,63,9,1,0,0,0,0,0,0,1,0,0,0,0,0,"r3c1"
"1172",482948599,2,6,93,8.45454545454546,1,0,0,0,0,0,0,2,0,0,0,0,0,"r3c1"
"1173",482948601,2,4,90,15,1,0,0,0,0,0,0,2,0,0,0,0,0,"r3c1"
"1174",482984706,3,4,124,13.7777777777778,1,0,0,0,0,0,0,3,0,0,0,0,0,"r3c1"
"1175",482984707,1,10,530,53,1,0,1,0,0,0,0,0,0,0,0,0,0,"r3c1"
"1176",482984708,7,12,436,15.0344827586207,3,0,2,0,0,0,3,0,0,0,2,0,0,"r3c1"
"1177",482984712,1,1,5,5,1,1,0,0,0,0,0,0,0,0,0,0,0,"r3c1"
"1178",482984725,2,1,28,14,1,0,2,0,0,0,0,0,0,0,0,0,0,"r3c1"
"1179",482984727,1,2,120,60,1,1,0,0,0,0,0,0,0,0,0,0,0,"r3c1"
"1180",482984728,2,3,240,60,1,2,0,0,0,0,0,0,0,0,0,0,0,"r3c1"
"1181",482984736,3,5,121,11,1,0,0,0,0,0,0,3,0,0,0,0,0,"r3c1"
"1182",482984737,3,3,67,11.1666666666667,1,0,0,0,0,0,0,3,0,0,0,0,0,"r3c1"
"1183",482984738,2,2,57,19,1,0,0,0,0,0,0,2,0,0,0,0,0,"r3c1"
"1184",482984739,3,4,189,21,1,0,0,0,0,0,0,3,0,0,0,0,0,"r3c1"
"1185",482984742,1,5,735,147,1,0,0,0,0,0,0,0,1,0,0,0,0,"r3c1"
"1186",483020844,4,6,291,19.4,2,0,0,0,0,0,1,3,0,0,0,0,0,"r3c1"
"1187",483020845,19,16,5494,46.1680672268908,5,0,0,0,0,0,6,2,3,4,4,0,0,"r3c1"
"1188",483020846,14,13,629,9.98412698412698,3,3,0,0,0,0,9,2,0,0,0,0,0,"r3c1"
"1189",483020847,66,14,3367,11.982206405694,8,10,12,0,0,1,13,10,5,0,5,0,10,"r3c1"
"1190",483020848,39,9,1683,12.6541353383459,7,4,6,0,0,1,8,9,3,0,0,0,8,"r3c1"
"1191",483020849,28,10,7265,50.4513888888889,8,2,0,0,0,1,7,4,2,2,2,0,8,"r3c1"
"1192",483020850,29,11,6752,56.2666666666667,9,5,0,0,0,1,4,4,1,2,5,2,5,"r3c1"
"1193",483020851,49,9,3442,22.0641025641026,8,6,3,0,0,1,10,7,6,0,6,0,10,"r3c1"
"1194",483020861,2,3,78,13,1,0,2,0,0,0,0,0,0,0,0,0,0,"r3c1"
"1195",483020862,1,2,20,10,1,0,1,0,0,0,0,0,0,0,0,0,0,"r3c1"
"1196",483020865,1,4,240,60,1,1,0,0,0,0,0,0,0,0,0,0,0,"r3c1"
"1197",483020866,1,1,13,13,1,0,0,0,0,0,0,1,0,0,0,0,0,"r3c1"
"1198",483020867,1,3,90,30,1,1,0,0,0,0,0,0,0,0,0,0,0,"r3c1"
"1199",483020868,1,1,13,13,1,0,0,0,0,0,0,1,0,0,0,0,0,"r3c1"
"1200",483020871,1,1,10,10,1,0,0,0,0,0,0,1,0,0,0,0,0,"r3c1"
"1201",483056982,45,13,3801,30.9024390243902,10,10,4,0,1,1,6,6,3,2,4,8,0,"r3c1"
"1202",483056983,86,16,16751,44.3148148148148,12,13,16,2,2,1,3,11,5,14,11,4,4,"r3c1"
"1203",483056984,297,17,37794,25.7277059223962,11,39,50,5,0,5,59,36,16,1,42,34,10,"r3c1"
"1204",483056985,92,16,11196,21.9099804305284,11,5,2,0,5,17,16,15,7,2,11,6,6,"r3c1"
"1205",483056986,18,12,6894,57.9327731092437,7,3,3,1,0,1,6,2,0,2,0,0,0,"r3c1"
"1206",483056987,46,11,5434,32.1538461538462,7,4,3,0,0,0,14,3,2,0,3,0,17,"r3c1"
"1207",483056988,167,11,9473,19.4517453798768,8,25,25,0,0,2,40,27,26,0,8,0,14,"r3c1"
"1208",483056999,8,12,1324,20.6875,1,0,8,0,0,0,0,0,0,0,0,0,0,"r3c1"
"1209",483057000,4,9,438,14.6,1,0,4,0,0,0,0,0,0,0,0,0,0,"r3c1"
"1210",483057002,1,2,26,13,1,0,0,0,0,0,0,1,0,0,0,0,0,"r3c1"
"1211",483093121,5,11,784,35.6363636363636,3,0,0,0,0,0,0,2,2,0,0,1,0,"r3c1"
"1212",483093122,42,16,12505,42.3898305084746,9,1,3,2,0,0,3,10,0,1,6,11,5,"r3c1"
"1213",483093123,25,12,6099,37.1890243902439,8,3,0,0,0,2,2,2,1,2,9,4,0,"r3c1"
"1214",483093124,17,8,2290,28.9873417721519,8,1,3,0,1,0,8,1,0,0,1,1,1,"r3c1"
"1215",483093125,41,10,8680,46.1702127659574,10,3,4,1,0,1,6,6,2,6,11,0,1,"r3c1"
"1216",483093126,43,9,6249,39.05625,10,9,6,0,1,2,13,2,3,4,1,0,2,"r3c1"
"1217",483093137,6,10,1032,19.1111111111111,1,0,6,0,0,0,0,0,0,0,0,0,0,"r3c1"
"1218",483129259,3,3,442,63.1428571428571,2,0,0,0,0,0,0,2,1,0,0,0,0,"r3c1"
"1219",483129260,27,15,2619,22.0084033613445,8,4,2,0,0,0,4,4,4,0,4,4,1,"r3c1"
"1220",483129261,123,17,29297,49.8248299319728,11,15,10,0,2,14,9,12,9,6,22,11,13,"r3c1"
"1221",483129262,35,10,6968,38.2857142857143,8,2,0,0,0,1,13,6,5,4,1,0,3,"r3c1"
"1222",483129263,13,6,2308,46.16,5,2,0,0,0,0,2,4,0,2,0,0,3,"r3c1"
"1223",483129264,32,9,3320,24.2335766423358,8,6,0,0,1,3,5,5,0,4,2,0,6,"r3c1"
"1224",483129265,7,8,1466,34.9047619047619,4,0,0,0,0,0,2,0,2,2,0,0,1,"r3c1"
"1225",483129266,1,2,10,5,1,0,1,0,0,0,0,0,0,0,0,0,0,"r3c1"
"1226",483129275,1,1,11,11,1,0,0,0,0,0,0,1,0,0,0,0,0,"r3c1"
"1227",483165401,55,13,3116,17.3111111111111,10,7,8,0,1,4,9,5,3,0,6,2,10,"r3c1"
"1228",483165402,76,13,10166,29.2968299711816,11,6,6,0,5,11,10,13,10,2,1,2,10,"r3c1"
"1229",483165409,3,5,77,11,1,0,0,0,0,0,0,3,0,0,0,0,0,"r3c1"
"1230",483165410,1,3,48,16,1,0,0,0,0,0,0,1,0,0,0,0,0,"r3c1"
"1231",483201537,7,11,428,11.2631578947368,2,4,0,0,0,0,0,3,0,0,0,0,0,"r3c1"
"1232",483201540,7,10,1287,37.8529411764706,5,1,0,0,0,1,0,2,0,0,0,1,2,"r3c1"
"1233",483201541,28,12,1999,23.2441860465116,9,2,0,0,2,3,1,6,4,0,2,3,5,"r3c1"
"1234",483237674,2,5,90,10,1,0,0,0,0,0,0,2,0,0,0,0,0,"r3c1"
"1235",483237675,5,7,177,10.4117647058824,1,0,0,0,0,0,0,5,0,0,0,0,0,"r3c1"
"1236",483237682,1,1,12,12,1,0,0,0,0,0,0,1,0,0,0,0,0,"r3c1"
"1237",483273816,1,1,11,11,1,0,0,0,0,0,0,1,0,0,0,0,0,"r3c1"
"1238",483599116,1,8,472,59,1,0,0,0,0,0,0,0,1,0,0,0,0,"r3c1"
"1239",483599117,1,6,210,35,1,0,0,0,0,0,0,0,1,0,0,0,0,"r3c1"
"1240",483635232,3,2,33,11,1,0,0,0,0,0,0,0,0,0,0,0,3,"r3c1"
"1241",483635236,1,1,10,10,1,0,0,0,0,0,0,0,1,0,0,0,0,"r3c1"
"1242",483671366,1,2,46,23,1,0,0,0,0,0,0,0,1,0,0,0,0,"r3c1"
"1243",483671369,3,4,447,63.8571428571429,1,0,0,0,0,0,0,0,0,0,0,0,3,"r3c1"
"1244",483671370,9,15,906,25.8857142857143,3,0,0,0,0,0,0,0,0,2,0,2,5,"r3c1"
"1245",483707510,1,1,5,5,1,0,0,0,0,0,0,0,0,0,0,0,1,"r3c1"
"1246",483707515,1,5,80,16,1,0,0,0,0,0,0,0,1,0,0,0,0,"r3c1"
"1247",483743641,11,9,384,8.93023255813953,3,1,0,0,0,0,3,7,0,0,0,0,0,"r3c1"
"1248",483779778,33,11,2450,23.5576923076923,6,0,1,0,0,0,18,9,0,1,2,2,0,"r3c1"
"1249",483779779,25,16,3357,25.8230769230769,6,0,0,0,0,0,11,6,1,0,2,2,3,"r3c1"
"1250",483779783,1,9,99,11,1,0,0,0,0,0,0,0,1,0,0,0,0,"r3c1"
"1251",483779784,2,8,135,9,1,0,0,0,0,0,0,0,2,0,0,0,0,"r3c1"
"1252",483779785,3,15,697,21.78125,2,0,2,0,0,0,0,0,0,0,0,0,1,"r3c1"
"1253",483779786,11,15,8128,54.5503355704698,2,0,4,0,0,0,0,0,0,0,0,0,7,"r3c1"
"1254",483779787,1,14,322,23,1,0,0,0,0,0,0,0,0,0,0,0,1,"r3c1"
"1255",483779790,1,7,469,67,1,0,0,0,0,0,0,0,0,1,0,0,0,"r3c1"
"1256",483779791,1,3,177,59,1,0,1,0,0,0,0,0,0,0,0,0,0,"r3c1"
"1257",483779792,1,2,30,15,1,0,0,0,0,0,0,0,0,0,1,0,0,"r3c1"
"1258",483815913,1,2,34,17,1,0,0,0,0,0,0,0,1,0,0,0,0,"r3c1"
"1259",483815914,16,9,3058,29.9803921568627,1,0,16,0,0,0,0,0,0,0,0,0,0,"r3c1"
"1260",483815915,9,10,2672,49.4814814814815,5,0,4,0,0,0,1,1,0,0,2,1,0,"r3c1"
"1261",483815916,9,11,403,13.8965517241379,2,0,0,0,0,0,7,2,0,0,0,0,0,"r3c1"
"1262",483815920,6,9,506,18.0714285714286,2,0,1,0,0,0,0,0,5,0,0,0,0,"r3c1"
"1263",483815921,5,11,357,13.2222222222222,1,0,0,0,0,0,0,0,5,0,0,0,0,"r3c1"
"1264",483815922,6,9,1064,30.4,2,0,4,0,0,0,0,0,2,0,0,0,0,"r3c1"
"1265",483815923,1,10,2400,240,1,0,0,0,0,0,0,0,0,1,0,0,0,"r3c1"
"1266",483815926,1,14,448,32,1,0,0,0,0,0,0,1,0,0,0,0,0,"r3c1"
"1267",483815927,3,13,1000,28.5714285714286,2,0,0,0,0,0,0,2,0,0,0,0,1,"r3c1"
"1268",483815928,25,17,14133,60.3974358974359,6,0,2,0,0,0,0,2,0,7,3,1,10,"r3c1"
"1269",483815929,1,3,180,60,1,0,0,0,0,0,0,0,0,0,1,0,0,"r3c1"
"1270",483852059,5,15,1333,19.6029411764706,2,0,0,0,0,0,0,0,1,0,0,0,4,"r3c1"
"1271",483852062,3,13,458,16.3571428571429,2,0,2,0,0,0,0,0,0,0,0,0,1,"r3c1"
"1272",483852064,2,15,637,30.3333333333333,2,0,0,0,0,0,0,1,0,1,0,0,0,"r3c1"
"1273",483852065,1,11,165,15,1,0,1,0,0,0,0,0,0,0,0,0,0,"r3c1"
"1274",483888198,4,14,571,12.4130434782609,2,0,0,0,0,0,0,0,3,0,0,0,1,"r3c1"
"1275",483888199,1,12,108,9,1,0,0,0,0,0,0,0,1,0,0,0,0,"r3c1"
"1276",483888202,2,15,380,19,2,0,0,0,0,0,0,0,1,0,0,0,1,"r3c1"
"1277",483924340,3,11,218,13.625,2,0,0,0,0,0,0,0,2,0,1,0,0,"r3c1"
"1278",483960478,3,8,306,20.4,2,0,0,0,0,0,0,0,2,1,0,0,0,"r3c1"
"1279",483996619,4,9,2469,107.347826086957,2,0,0,0,0,0,0,0,2,0,0,0,2,"r3c1"
"1280",484032756,94,12,25930,50.2519379844961,8,37,4,0,0,0,0,1,1,1,7,31,12,"r3c1"
"1281",484032757,70,11,6236,20.2467532467532,7,20,6,0,0,0,0,1,6,0,2,19,16,"r3c1"
"1282",484068885,1,1,10,10,1,0,0,0,0,0,0,0,1,0,0,0,0,"r3c1"
"1283",484068888,1,1,15,15,1,0,0,0,0,0,0,0,1,0,0,0,0,"r3c1"
"1284",484068894,12,9,860,22.6315789473684,3,6,0,0,0,0,0,0,0,0,0,5,1,"r3c1"
"1285",484068895,72,13,25945,83.6935483870968,6,9,0,0,0,0,0,23,16,0,15,3,6,"r3c1"
"1286",484068896,3,4,502,83.6666666666667,2,1,0,0,0,0,0,0,0,0,0,2,0,"r3c1"
"1287",484357992,11,2,1180,59,2,0,0,0,0,0,0,0,0,9,2,0,0,"r3c1"
