"","cell","number_checklists","total_SR","total_duration","avg_duration","avg_distance","square"
"1",18965090,1,7,77,11,1.52,"r1c4"
"2",36286364,1,6,48,8,NA,"r1c4"
"3",36322447,3,29,7021,163.279069767442,0.950372093023256,"r1c4"
"4",36502858,2,28,2688,96,0.644,"r1c4"
"5",36502859,2,21,2497,71.3428571428571,1.12191428571429,"r1c4"
"6",36538943,1,15,870,58,1.609,"r1c4"
"7",36538944,2,22,1668,52.125,0.503125,"r1c4"
"8",37116288,1,3,9,3,NA,"r1c4"
"9",37116293,1,2,18,9,1.497,"r1c4"
"10",37152364,1,8,928,116,2.639,"r1c4"
"11",37152368,2,10,1530,102,0.5152,"r1c4"
"12",37152369,14,26,3373,39.6823529411765,NA,"r1c4"
"13",37152388,1,3,3,1,0.225,"r1c4"
"14",37152390,1,1,1,1,0.177,"r1c4"
"15",37188447,2,4,5,1,0.08,"r1c4"
"16",37224524,11,26,14031,85.0363636363636,NA,"r1c4"
"17",37260663,1,2,2,1,0.145,"r1c4"
"18",37477181,1,1,1,1,0.209,"r1c4"
"19",37729785,2,6,56,8,0.266714285714286,"r1c4"
"20",37910214,1,3,6,2,NA,"r1c4"
"21",37946300,1,3,6,2,0.064,"r1c4"
"22",38126730,1,1,2,2,0.209,"r1c4"
"23",38126733,1,2,4,2,NA,"r1c4"
"24",38126734,1,1,1,1,NA,"r1c4"
"25",38162820,1,2,2,1,NA,"r1c4"
"26",38523668,1,1,1,1,NA,"r1c4"
"27",38631927,1,1,1,1,NA,"r1c4"
"28",38668012,1,1,1,1,NA,"r1c4"
"29",38920607,1,7,413,59,1.287,"r1c4"
"30",38920610,1,1,1,1,NA,"r1c4"
"31",38956691,1,7,343,49,2.414,"r1c4"
"32",38956692,1,9,576,64,2.414,"r1c4"
"33",38992776,4,27,2486,59.1904761904762,NA,"r1c4"
"34",39317545,1,2,8,4,NA,"r1c4"
"35",39389714,5,14,1648,45.7777777777778,1.82902777777778,"r1c4"
"36",39389716,1,11,660,60,3.879,"r1c4"
"37",41521215,1,1,130,130,3.219,"r1c4"
"38",50144896,1,1,60,60,NA,"r1c4"
"39",60754461,10,11,1696,77.0909090909091,NA,"r1c4"
"40",60754466,7,17,1082,63.6470588235294,NA,"r1c4"
"41",60790551,2,2,418,209,4.43,"r1c4"
"42",60934460,3,34,9086,165.2,2.67963636363636,"r1c4"
"43",60934886,2,11,330,30,3.123,"r1c4"
"44",61115343,1,2,10,5,NA,"r1c4"
"45",61295784,1,33,9900,300,5,"r1c4"
"46",67610501,5,28,5138,90.140350877193,NA,"r1c4"
"47",67935268,191,110,215170,88.510900863842,NA,"r1c4"
"48",68043585,1,1,60,60,1.609,"r1c4"
"49",68079605,2,16,1920,120,NA,"r1c4"
"50",68079668,1,4,40,10,NA,"r1c4"
"51",68115688,2,16,1094,42.0769230769231,3.8,"r1c4"
"52",68151837,3,14,1240,56.3636363636364,2.36772727272727,"r1c4"
"53",68296246,2,11,780,70.9090909090909,1.74718181818182,"r1c4"
"54",68440580,1,18,2394,133,4.828,"r1c4"
"55",68512665,1,10,100,10,4.008,"r1c4"
"56",68798378,4,35,10950,210.576923076923,1.47930769230769,"r1c4"
"57",68906626,1,16,368,23,0.322,"r1c4"
"58",69411763,1,25,4775,191,4.023,"r1c4"
"59",69447846,1,14,910,65,1.448,"r1c4"
"60",69447847,1,17,1037,61,0.483,"r1c4"
"61",69483930,1,10,480,48,2.897,"r1c4"
"62",69520012,1,8,168,21,0.483,"r1c4"
"63",69520013,4,18,795,29.4444444444444,NA,"r1c4"
"64",69520014,1,17,2788,164,4.506,"r1c4"
"65",69520042,7,23,2248,44.078431372549,NA,"r1c4"
"66",69556093,1,17,3485,205,0.966,"r1c4"
"67",69556094,2,8,446,49.5555555555556,1.43011111111111,"r1c4"
"68",69556095,1,5,80,16,0.483,"r1c4"
"69",69556096,3,24,5786,214.296296296296,1.66285185185185,"r1c4"
"70",69556097,2,4,256,64,3.541,"r1c4"
"71",69556125,1,14,518,37,0.483,"r1c4"
"72",69700454,2,21,1332,53.28,NA,"r1c4"
"73",70136276,1,19,2375,125,4.2,"r1c4"
"74",70172383,1,10,1210,121,3.219,"r1c4"
"75",70388872,1,9,63,7,1.609,"r1c4"
"76",70569251,1,2,120,60,1.609,"r1c4"
"77",71038310,1,42,7560,180,3,"r1c4"
"78",71177402,1,9,1890,210,2,"r1c4"
"79",71868207,1,3,180,60,NA,"r1c4"
"80",71976465,1,18,3780,210,3,"r1c4"
"81",72517694,2,12,924,77,1.3,"r1c4"
"82",72842450,1,5,605,121,1.609,"r1c4"
"83",72842464,1,12,672,56,3.855,"r1c4"
"84",73058963,1,11,1573,143,3.169,"r1c4"
"85",73095032,1,7,420,60,1.133,"r1c4"
"86",73131116,1,2,16,8,1.609,"r1c4"
"87",73131119,2,2,360,180,4.828,"r1c4"
"88",73455879,1,1,60,60,1.609,"r1c4"
"89",75187827,5,24,3296,109.866666666667,2.35813333333333,"r1c4"
"90",75223678,2,9,657,73,4.259,"r1c4"
"91",75223679,1,21,2562,122,3.219,"r1c4"
"92",75223681,2,11,627,57,0.94,"r1c4"
"93",75656681,1,19,5130,270,5,"r1c4"
"94",75693326,1,3,720,240,NA,"r1c4"
"95",75837093,1,17,3553,209,3.688,"r1c4"
"96",76414335,1,6,36,6,1.754,"r1c4"
"97",76486506,1,5,100,20,3.023,"r1c4"
"98",76486747,1,10,100,10,4.291,"r1c4"
"99",76595078,3,12,360,30,NA,"r1c4"
"100",76595080,1,12,1428,119,1.609,"r1c4"
"101",77099994,4,12,1080,90,4.058,"r1c4"
"102",77099995,1,21,2961,141,2.4,"r1c4"
"103",77640206,1,4,120,30,0.5,"r1c4"
"104",77676315,1,8,360,45,0.5,"r1c4"
"105",77965921,1,17,4080,240,3,"r1c4"
"106",78001136,2,29,7740,180,2.6046511627907,"r1c4"
"107",78002008,1,14,840,60,3.5,"r1c4"
"108",78037218,1,6,120,20,0.3,"r1c4"
"109",78038090,1,14,1176,84,0.6,"r1c4"
"110",78073299,1,21,2520,120,3,"r1c4"
"111",78073300,1,12,720,60,2,"r1c4"
"112",78181524,1,24,4320,180,3.219,"r1c4"
"113",78361946,2,19,1152,57.6,1.672,"r1c4"
"114",78362750,1,3,72,24,3.346,"r1c4"
"115",78398834,1,13,741,57,1.298,"r1c4"
"116",78830534,22,22,3960,180,NA,"r1c4"
"117",79011336,2,12,840,60,NA,"r1c4"
"118",80455685,1,23,5520,240,3,"r1c4"
"119",81682497,1,20,1800,90,1.609,"r1c4"
"120",87453295,1,2,12,6,NA,"r1c4"
"121",89688082,1,7,420,60,2,"r1c4"
"122",89868711,1,3,9,3,NA,"r1c4"
"123",89941057,1,16,3840,240,5,"r1c4"
"124",90049053,1,1,73,73,2.3,"r1c4"
"125",90590331,2,15,1964,109.111111111111,2.78,"r1c4"
"126",90626413,1,1,159,159,4.192,"r1c4"
"127",90662492,2,11,530,35.3333333333333,1.84646666666667,"r1c4"
"128",90662495,1,10,300,30,1.24,"r1c4"
"129",90698564,1,2,214,107,4.203,"r1c4"
"130",90698566,1,6,642,107,4.236,"r1c4"
"131",90698568,1,2,4,2,NA,"r1c4"
"132",90806804,1,1,75,75,5,"r1c4"
"133",90842898,1,14,2380,170,2.46,"r1c4"
"134",90842899,1,10,1040,104,4.95,"r1c4"
"135",90843259,1,3,75,25,NA,"r1c4"
"136",90951147,1,5,600,120,4,"r1c4"
"137",90955746,1,19,4560,240,4,"r1c4"
"138",90991831,3,28,5955,116.764705882353,3.82352941176471,"r1c4"
"139",90991898,3,32,1880,48.2051282051282,NA,"r1c4"
"140",91533192,1,1,10,10,NA,"r1c4"
"141",91821867,5,3,2400,200,4,"r1c4"
"142",92214466,1,13,1950,150,3,"r1c4"
"143",93265607,1,6,360,60,NA,"r1c4"
"144",93265608,2,15,2482,103.416666666667,2.36666666666667,"r1c4"
"145",93265609,1,1,7,7,NA,"r1c4"
"146",93442096,1,7,840,120,NA,"r1c4"
"147",93518197,2,16,1882,69.7037037037037,1.59259259259259,"r1c4"
"148",93554282,1,14,840,60,1,"r1c4"
"149",93590374,2,11,705,58.75,1.96741666666667,"r1c4"
"150",93590379,5,32,10434,196.867924528302,3.75801886792453,"r1c4"
"151",93626462,3,16,5220,180,3.72413793103448,"r1c4"
"152",93843003,1,7,70,10,4.021,"r1c4"
"153",94059179,1,32,4512,141,3.09,"r1c4"
"154",94528596,1,6,960,160,2.823,"r1c4"
"155",94564678,1,1,120,120,1.609,"r1c4"
"156",94564681,1,10,690,69,3,"r1c4"
"157",94632065,1,5,150,30,NA,"r1c4"
"158",94632066,1,5,150,30,2,"r1c4"
"159",94961599,1,5,515,103,0.5,"r1c4"
"160",94997762,2,5,100,20,NA,"r1c4"
"161",95028360,1,8,120,15,NA,"r1c4"
"162",95033841,4,25,7103,154.413043478261,3.5249347826087,"r1c4"
"163",95033845,1,7,245,35,NA,"r1c4"
"164",95069929,6,27,4992,116.093023255814,0.706023255813953,"r1c4"
"165",95425271,1,7,140,20,NA,"r1c4"
"166",95533513,1,10,150,15,NA,"r1c4"
"167",96219084,1,18,54,3,NA,"r1c4"
"168",96440846,1,9,657,73,NA,"r1c4"
"169",97451139,1,7,133,19,NA,"r1c4"
"170",97956236,1,7,189,27,5,"r1c4"
"171",97989582,1,2,8,4,NA,"r1c4"
"172",98064531,1,6,150,25,NA,"r1c4"
"173",98168995,1,3,255,85,3.38,"r1c4"
"174",98458444,1,5,90,18,NA,"r1c4"
"175",98750087,1,6,156,26,NA,"r1c4"
"176",98858206,1,13,1001,77,4.828,"r1c4"
"177",98997569,1,1,8,8,NA,"r1c4"
"178",99074674,1,2,180,90,4.828,"r1c4"
"179",99110763,2,5,33,5.5,NA,"r1c4"
"180",99146842,1,30,7200,240,5,"r1c4"
"181",99182925,3,14,238,17,1.052,"r1c4"
"182",99182929,2,16,1540,66.9565217391304,0.5,"r1c4"
"183",99359714,1,20,1500,75,1.77,"r1c4"
"184",99466675,1,7,35,5,NA,"r1c4"
"185",99616051,1,8,408,51,NA,"r1c4"
"186",99864832,1,6,1080,180,NA,"r1c4"
"187",100009166,1,1,5,5,NA,"r1c4"
"188",100044016,1,1,60,60,NA,"r1c4"
"189",100117301,1,18,2700,150,4.828,"r1c4"
"190",100153497,3,35,3977,75.0377358490566,3.54184905660377,"r1c4"
"191",100337497,1,24,2160,90,2,"r1c4"
"192",100337499,6,26,7200,144,4.52,"r1c4"
"193",100445687,1,15,1800,120,2,"r1c4"
"194",100481767,2,4,80,20,NA,"r1c4"
"195",100514303,1,8,64,8,NA,"r1c4"
"196",100586359,1,3,30,10,NA,"r1c4"
"197",100590203,1,9,108,12,2.531,"r1c4"
"198",100698331,6,18,1620,90,1.111,"r1c4"
"199",100734413,3,19,1805,95,0.8,"r1c4"
"200",100734530,1,18,2700,150,1.821,"r1c4"
"201",100735319,1,9,810,90,NA,"r1c4"
"202",100770497,1,12,912,76,1.609,"r1c4"
"203",100806623,1,8,960,120,2.414,"r1c4"
"204",100842665,7,30,10436,208.72,2.45808,"r1c4"
"205",100842666,6,14,990,47.1428571428571,NA,"r1c4"
"206",100842667,12,26,7502,156.291666666667,2.2661875,"r1c4"
"207",100875015,1,12,1440,120,3,"r1c4"
"208",100875041,1,3,132,44,2.519,"r1c4"
"209",100878747,1,7,742,106,1.1,"r1c4"
"210",100878753,1,6,294,49,2.327,"r1c4"
"211",100878754,1,7,497,71,2.17,"r1c4"
"212",100911123,2,13,630,31.5,0.5512,"r1c4"
"213",100914832,1,2,8,4,NA,"r1c4"
"214",100914833,1,1,1,1,NA,"r1c4"
"215",100914839,2,6,192,32,0.7,"r1c4"
"216",100914844,1,2,4,2,NA,"r1c4"
"217",100947204,1,5,280,56,1.434,"r1c4"
"218",100987008,1,3,9,3,NA,"r1c4"
"219",101019347,1,1,10,10,NA,"r1c4"
"220",101023089,1,10,1200,120,4,"r1c4"
"221",101059171,6,22,2268,61.2972972972973,NA,"r1c4"
"222",101095253,2,9,540,60,1.1,"r1c4"
"223",101095254,1,15,1575,105,3,"r1c4"
"224",101095300,2,3,52,10.4,NA,"r1c4"
"225",101096179,1,6,360,60,5,"r1c4"
"226",101168333,1,9,1080,120,NA,"r1c4"
"227",101203527,1,11,1980,180,2,"r1c4"
"228",101275676,1,1,3,3,NA,"r1c4"
"229",101307777,1,5,150,30,NA,"r1c4"
"230",101310655,1,1,49,49,1.643,"r1c4"
"231",101311722,1,17,5100,300,3,"r1c4"
"232",101347859,1,1,120,120,4.828,"r1c4"
"233",101348894,1,9,810,90,NA,"r1c4"
"234",101383942,6,20,3149,116.62962962963,NA,"r1c4"
"235",101419947,1,15,4500,300,3,"r1c4"
"236",101420027,1,10,1070,107,2.523,"r1c4"
"237",101452442,1,13,462,33,0.595,"r1c4"
"238",101456114,1,8,600,75,1,"r1c4"
"239",101492195,1,15,1650,110,3,"r1c4"
"240",101492196,1,6,18,3,NA,"r1c4"
"241",101528278,5,15,1802,60.0666666666667,1.89136666666667,"r1c4"
"242",101528279,3,7,46,4.6,NA,"r1c4"
"243",101528297,1,13,2340,180,3,"r1c4"
"244",101560587,1,5,100,20,NA,"r1c4"
"245",101564361,2,14,2594,136.526315789474,1.521,"r1c4"
"246",101564363,1,4,20,5,NA,"r1c4"
"247",101564380,1,19,4560,240,NA,"r1c4"
"248",101596674,1,8,1920,240,NA,"r1c4"
"249",101600445,10,28,5206,70.3513513513514,NA,"r1c4"
"250",101600446,2,10,570,57,3.219,"r1c4"
"251",101636498,1,11,1672,152,0.5,"r1c4"
"252",101636499,1,4,300,75,1.609,"r1c4"
"253",101703698,1,9,927,103,NA,"r1c4"
"254",101708709,7,23,4890,125.384615384615,NA,"r1c4"
"255",101741101,1,15,975,65,4.828,"r1c4"
"256",101744753,1,5,50,10,0.726,"r1c4"
"257",101853035,1,7,266,38,NA,"r1c4"
"258",101888964,3,25,7380,171.627906976744,4.44186046511628,"r1c4"
"259",101889118,1,15,450,30,NA,"r1c4"
"260",101889119,1,6,282,47,0.4,"r1c4"
"261",101890182,1,1,84,84,3.146,"r1c4"
"262",101925089,3,8,860,95.5555555555556,NA,"r1c4"
"263",101925091,1,14,3360,240,3,"r1c4"
"264",101957365,1,4,80,20,NA,"r1c4"
"265",101961250,2,11,539,49,2,"r1c4"
"266",102069439,7,28,8580,150.526315789474,NA,"r1c4"
"267",102106617,1,7,420,60,NA,"r1c4"
"268",102141600,1,13,2340,180,NA,"r1c4"
"269",102141702,2,12,1076,76.8571428571429,4.01714285714286,"r1c4"
"270",102142764,7,38,10033,95.552380952381,NA,"r1c4"
"271",102177875,1,5,50,10,3.642,"r1c4"
"272",102178848,1,6,924,154,4.891,"r1c4"
"273",102178849,1,16,2656,166,4.072,"r1c4"
"274",102210023,1,6,120,20,NA,"r1c4"
"275",102213875,1,12,156,13,2.364,"r1c4"
"276",102214932,5,5,485,97,3.7056,"r1c4"
"277",102249915,2,5,150,30,NA,"r1c4"
"278",102251015,1,3,6,2,NA,"r1c4"
"279",102251018,4,4,96,24,3.363,"r1c4"
"280",102282097,2,17,680,20,NA,"r1c4"
"281",102287097,1,13,1001,77,2.35,"r1c4"
"282",102323182,1,1,10,10,NA,"r1c4"
"283",102358370,1,4,80,20,5,"r1c4"
"284",102395349,1,21,2961,141,NA,"r1c4"
"285",102430189,1,4,480,120,5,"r1c4"
"286",102430335,2,7,126,18,NA,"r1c4"
"287",102467103,1,8,96,12,4.837,"r1c4"
"288",102467126,1,6,60,10,4.093,"r1c4"
"289",102498591,1,4,360,90,4,"r1c4"
"290",102539702,1,10,240,24,4.989,"r1c4"
"291",102570698,1,4,60,15,NA,"r1c4"
"292",102570738,1,6,90,15,NA,"r1c4"
"293",102574672,1,8,400,50,1.7,"r1c4"
"294",102611918,56,36,4210,10,NA,"r1c4"
"295",102611919,83,33,4500,10,NA,"r1c4"
"296",102611920,28,15,880,10,NA,"r1c4"
"297",102611921,56,29,2750,10,NA,"r1c4"
"298",102611922,28,23,1980,10,NA,"r1c4"
"299",102648001,28,14,940,10,NA,"r1c4"
"300",102648002,28,17,930,10,NA,"r1c4"
"301",102648003,55,26,2370,10,NA,"r1c4"
"302",102648004,28,15,790,10,NA,"r1c4"
"303",102648005,86,33,4306,13.8012820512821,NA,"r1c4"
"304",102648006,85,38,3710,10,NA,"r1c4"
"305",102648007,28,19,910,10,NA,"r1c4"
"306",102684085,56,43,3970,10,NA,"r1c4"
"307",102684086,28,26,1480,10,NA,"r1c4"
"308",102684088,55,39,3070,10,NA,"r1c4"
"309",102684089,28,22,1070,10,NA,"r1c4"
"310",102684090,56,22,2110,10,NA,"r1c4"
"311",102684091,57,40,3380,10,NA,"r1c4"
"312",102684092,28,27,1830,10,NA,"r1c4"
"313",102827256,1,7,280,40,0.3,"r1c4"
"314",102864411,1,6,360,60,NA,"r1c4"
"315",102936730,2,2,34,17,0.5,"r1c4"
"316",103008888,1,1,5,5,0.451,"r1c4"
"317",103043781,1,11,957,87,2.7,"r1c4"
"318",103044909,1,6,270,45,NA,"r1c4"
"319",103079797,1,9,603,67,3.08,"r1c4"
"320",103079798,1,3,60,20,0.66,"r1c4"
"321",103328673,2,8,440,36.6666666666667,0.708333333333333,"r1c4"
"322",103333645,1,1,6,6,0.241,"r1c4"
"323",103477991,1,1,34,34,4.458,"r1c4"
"324",103514384,1,4,28,7,1.271,"r1c4"
"325",103586289,1,5,20,4,0.499,"r1c4"
"326",103622379,1,5,15,3,0.08,"r1c4"
"327",103622380,1,1,3,3,0.29,"r1c4"
"328",103653225,1,11,2640,240,NA,"r1c4"
"329",103658325,1,5,300,60,NA,"r1c4"
"330",103693287,1,9,1251,139,3,"r1c4"
"331",103765458,1,16,1328,83,3.43,"r1c4"
"332",103801530,1,10,600,60,2,"r1c4"
"333",103801532,1,2,30,15,NA,"r1c4"
"334",103833625,1,6,90,15,NA,"r1c4"
"335",103837616,1,11,1166,106,0.3,"r1c4"
"336",103873700,1,4,220,55,1.13,"r1c4"
"337",103905793,1,4,60,15,NA,"r1c4"
"338",103911364,1,5,300,60,NA,"r1c4"
"339",103942039,1,10,90,9,NA,"r1c4"
"340",103947031,1,6,630,105,NA,"r1c4"
"341",103947152,22,51,22679,83.3786764705882,NA,"r1c4"
"342",103947184,2,2,4,2,0.438,"r1c4"
"343",103978119,1,7,210,30,0.483,"r1c4"
"344",103978120,1,4,16,4,NA,"r1c4"
"345",103983243,1,13,585,45,0.805,"r1c4"
"346",104014199,1,12,552,46,0.483,"r1c4"
"347",104014205,1,16,400,25,0.322,"r1c4"
"348",104019322,30,56,24535,101.384297520661,NA,"r1c4"
"349",104050283,2,29,1178,25.6086956521739,NA,"r1c4"
"350",104086208,2,19,962,31.0322580645161,NA,"r1c4"
"351",104086212,1,32,7680,240,5,"r1c4"
"352",104122290,6,33,5699,73.0641025641026,1.79161538461538,"r1c4"
"353",104158534,1,11,110,10,NA,"r1c4"
"354",104158536,5,37,4610,49.0425531914894,NA,"r1c4"
"355",104194462,1,5,45,9,0.129,"r1c4"
"356",104194532,1,4,44,11,NA,"r1c4"
"357",104194536,1,8,280,35,0.322,"r1c4"
"358",104194618,2,25,2096,55.1578947368421,0.220105263157895,"r1c4"
"359",104194619,1,26,2600,100,1.931,"r1c4"
"360",104194620,1,31,5425,175,1.931,"r1c4"
"361",104230542,4,15,2353,78.4333333333333,NA,"r1c4"
"362",104230544,2,13,564,35.25,0.4374375,"r1c4"
"363",104230595,1,14,784,56,0.483,"r1c4"
"364",104266623,1,11,440,40,NA,"r1c4"
"365",104266626,2,10,330,30,NA,"r1c4"
"366",104266627,10,43,10191,95.2429906542056,NA,"r1c4"
"367",104266629,1,5,85,17,0.547,"r1c4"
"368",104266630,1,3,120,40,1.37,"r1c4"
"369",104266631,1,5,95,19,1.2,"r1c4"
"370",104302704,1,6,174,29,1.172,"r1c4"
"371",104302707,2,18,1724,86.2,2.9202,"r1c4"
"372",104302709,1,8,296,37,1.84,"r1c4"
"373",104302710,9,36,7429,75.040404040404,NA,"r1c4"
"374",104302711,4,27,3241,72.0222222222222,2.43151111111111,"r1c4"
"375",104302712,3,16,1578,71.7272727272727,NA,"r1c4"
"376",104302714,2,7,340,30.9090909090909,NA,"r1c4"
"377",104302716,1,3,180,60,NA,"r1c4"
"378",104302717,1,4,60,15,NA,"r1c4"
"379",104302726,1,6,120,20,2,"r1c4"
"380",104302736,1,21,2184,104,2.092,"r1c4"
"381",104302757,2,8,2000,200,4.22,"r1c4"
"382",104308040,1,4,28,7,1.839,"r1c4"
"383",104338784,1,8,144,18,0.91,"r1c4"
"384",104338787,2,11,1390,73.1578947368421,NA,"r1c4"
"385",104338788,1,7,56,8,NA,"r1c4"
"386",104338791,4,14,960,40,NA,"r1c4"
"387",104338793,22,41,9877,145.25,NA,"r1c4"
"388",104338795,3,18,1458,56.0769230769231,NA,"r1c4"
"389",104338798,1,12,612,51,1.25,"r1c4"
"390",104338872,1,13,455,35,0.161,"r1c4"
"391",104339052,2,8,70,8.75,NA,"r1c4"
"392",104374875,4,25,4944,137.333333333333,NA,"r1c4"
"393",104374877,4,20,2165,60.1388888888889,NA,"r1c4"
"394",104374878,2,13,740,43.5294117647059,1.36176470588235,"r1c4"
"395",104374879,2,8,139,15.4444444444444,NA,"r1c4"
"396",104374882,1,5,25,5,0.257,"r1c4"
"397",104410959,27,26,5968,29.9899497487437,NA,"r1c4"
"398",104410960,4,11,1101,55.05,2.1372,"r1c4"
"399",104410961,1,15,2700,180,5,"r1c4"
"400",104410973,2,22,3480,116,5,"r1c4"
"401",104416193,1,7,420,60,NA,"r1c4"
"402",104447041,3,16,1005,43.695652173913,NA,"r1c4"
"403",104447042,43,20,5554,22.0396825396825,NA,"r1c4"
"404",104447044,21,24,1899,15.4390243902439,NA,"r1c4"
"405",104447045,7,16,623,11.9807692307692,0.875576923076923,"r1c4"
"406",104447046,5,19,811,19.780487804878,NA,"r1c4"
"407",104483127,5,10,560,18.6666666666667,NA,"r1c4"
"408",104483128,15,22,2164,21.4257425742574,NA,"r1c4"
"409",104483129,1,7,105,15,1.24,"r1c4"
"410",104488231,1,6,360,60,NA,"r1c4"
"411",104519205,1,5,45,9,NA,"r1c4"
"412",104519206,1,2,82,41,1.45,"r1c4"
"413",104519207,3,6,535,48.6363636363636,NA,"r1c4"
"414",104519210,12,20,5208,53.1428571428571,NA,"r1c4"
"415",104519211,8,17,1984,33.0666666666667,NA,"r1c4"
"416",104555288,2,10,235,18.0769230769231,NA,"r1c4"
"417",104555293,1,11,187,17,1.14,"r1c4"
"418",104555294,3,20,2200,88,3.896,"r1c4"
"419",104591349,3,12,1284,71.3333333333333,1.755,"r1c4"
"420",104591380,1,3,90,30,NA,"r1c4"
"421",104627440,1,12,1080,90,3,"r1c4"
"422",104627475,2,6,106,17.6666666666667,NA,"r1c4"
"423",104663516,1,4,40,10,NA,"r1c4"
"424",104663687,3,16,768,48,0.322,"r1c4"
"425",104663688,3,12,456,38,0.322,"r1c4"
"426",104699767,1,7,511,73,0.483,"r1c4"
"427",104699773,1,16,1440,90,2,"r1c4"
"428",104699778,3,34,13800,265.384615384615,NA,"r1c4"
"429",104699779,1,24,1440,60,0.8,"r1c4"
"430",104735860,1,9,585,65,1,"r1c4"
"431",104741281,1,1,30,30,NA,"r1c4"
"432",104771804,1,4,120,30,5,"r1c4"
"433",104772024,1,19,1140,60,NA,"r1c4"
"434",104808022,2,38,3476,75.5652173913043,NA,"r1c4"
"435",104813185,1,7,420,60,NA,"r1c4"
"436",104813290,2,2,120,60,1.609,"r1c4"
"437",104813291,1,2,120,60,NA,"r1c4"
"438",104844105,4,35,4294,75.3333333333333,1.58371929824561,"r1c4"
"439",104846825,1,1,300,300,3,"r1c4"
"440",104882776,2,51,14300,260,5,"r1c4"
"441",104952350,1,19,570,30,0.6,"r1c4"
"442",104952352,1,9,81,9,NA,"r1c4"
"443",104993750,1,1,14,14,3.205,"r1c4"
"444",105096561,1,3,36,12,0.08,"r1c4"
"445",105096682,1,5,20,4,NA,"r1c4"
"446",105102111,1,5,70,14,2.58,"r1c4"
"447",105132764,1,18,540,30,NA,"r1c4"
"448",105138005,3,4,52,13,1.255,"r1c4"
"449",105138208,1,11,693,63,NA,"r1c4"
"450",105168690,1,4,8,2,NA,"r1c4"
"451",105168878,1,20,1800,90,5,"r1c4"
"452",105246342,1,8,160,20,3.778,"r1c4"
"453",105276982,1,45,10800,240,5,"r1c4"
"454",105277093,1,16,720,45,0.4,"r1c4"
"455",105277144,1,6,90,15,0.5,"r1c4"
"456",105282374,5,24,6920,203.529411764706,NA,"r1c4"
"457",105312798,1,20,2400,120,1.5,"r1c4"
"458",105313064,1,2,16,8,NA,"r1c4"
"459",105313178,1,22,660,30,NA,"r1c4"
"460",105313181,1,6,156,26,0.161,"r1c4"
"461",105313226,1,31,4185,135,5,"r1c4"
"462",105313275,1,31,7440,240,5,"r1c4"
"463",105318391,1,14,840,60,NA,"r1c4"
"464",105348877,1,22,990,45,1.5,"r1c4"
"465",105349147,1,14,840,60,2,"r1c4"
"466",105385189,1,2,224,112,3.14,"r1c4"
"467",105385352,1,24,2520,105,1.47,"r1c4"
"468",105421041,1,6,36,6,NA,"r1c4"
"469",105426711,1,6,360,60,NA,"r1c4"
"470",105462792,1,17,3162,186,3.492,"r1c4"
"471",105462793,1,13,1573,121,3.862,"r1c4"
"472",105462794,12,20,4135,165.4,4.77872,"r1c4"
"473",105529568,1,10,230,23,0.483,"r1c4"
"474",105607121,1,1,30,30,NA,"r1c4"
"475",105637516,1,2,20,10,NA,"r1c4"
"476",105637645,1,3,600,200,4,"r1c4"
"477",105637647,3,32,5604,140.1,NA,"r1c4"
"478",105679351,1,1,2,2,NA,"r1c4"
"479",105710183,4,39,8430,142.881355932203,4.28813559322034,"r1c4"
"480",105746001,1,5,300,60,2,"r1c4"
"481",105746074,1,1,8,8,NA,"r1c4"
"482",105746271,1,27,4860,180,2,"r1c4"
"483",105746282,1,9,1080,120,4.023,"r1c4"
"484",105787556,1,5,300,60,NA,"r1c4"
"485",105818238,1,2,50,25,NA,"r1c4"
"486",105818239,1,17,1020,60,2,"r1c4"
"487",105818240,4,32,4010,85.3191489361702,NA,"r1c4"
"488",105818445,1,12,600,50,4.828,"r1c4"
"489",105854141,1,44,6600,150,1,"r1c4"
"490",105854326,5,38,5560,106.923076923077,NA,"r1c4"
"491",105854327,6,15,3360,197.647058823529,2.11764705882353,"r1c4"
"492",105859597,1,9,540,60,NA,"r1c4"
"493",105890409,2,29,3791,108.314285714286,3.39562857142857,"r1c4"
"494",105890410,1,10,1340,134,3.14,"r1c4"
"495",105890597,9,49,14760,258.947368421053,4,"r1c4"
"496",105890602,2,32,10380,241.395348837209,4,"r1c4"
"497",105890604,9,21,3000,142.857142857143,3.38095238095238,"r1c4"
"498",105895790,2,9,600,60,NA,"r1c4"
"499",105926683,1,13,2340,180,4,"r1c4"
"500",105926693,6,43,7129,72.7448979591837,2.40483673469388,"r1c4"
"501",105962768,8,17,2520,120,2.11428571428571,"r1c4"
"502",105962774,1,16,1920,120,3,"r1c4"
"503",105998848,16,54,18960,163.448275862069,3.1551724137931,"r1c4"
"504",105998859,1,14,840,60,2.151,"r1c4"
"505",106004109,1,12,240,20,NA,"r1c4"
"506",106034554,1,21,1890,90,0.8,"r1c4"
"507",106034928,3,59,22380,254.318181818182,4.04545454545455,"r1c4"
"508",106034936,1,5,600,120,2,"r1c4"
"509",106034944,7,49,14640,166.363636363636,3.86363636363636,"r1c4"
"510",106034948,9,11,736,17.1162790697674,NA,"r1c4"
"511",106040191,3,17,372,14.3076923076923,NA,"r1c4"
"512",106070799,1,10,2400,240,NA,"r1c4"
"513",106073665,1,2,4,2,NA,"r1c4"
"514",106076275,2,15,2175,114.473684210526,1.86368421052632,"r1c4"
"515",106106758,1,16,320,20,NA,"r1c4"
"516",106106782,1,14,280,20,NA,"r1c4"
"517",106109751,1,7,203,29,3.84,"r1c4"
"518",106148442,1,14,1890,135,1.609,"r1c4"
"519",106178930,1,14,630,45,0.5,"r1c4"
"520",106214849,1,9,90,10,NA,"r1c4"
"521",106215330,2,8,1430,130,3.13272727272727,"r1c4"
"522",106215352,2,38,8100,150,5,"r1c4"
"523",106215358,5,9,341,26.2307692307692,0.485,"r1c4"
"524",106287139,1,17,340,20,NA,"r1c4"
"525",106287145,1,9,90,10,NA,"r1c4"
"526",106323320,2,14,840,56,NA,"r1c4"
"527",106326261,1,8,200,25,0.9,"r1c4"
"528",106358714,1,15,1380,92,3.706,"r1c4"
"529",106359298,1,6,60,10,NA,"r1c4"
"530",106359403,3,53,6720,126.792452830189,4,"r1c4"
"531",106359562,3,40,8876,132.477611940299,NA,"r1c4"
"532",106394816,1,30,4590,153,NA,"r1c4"
"533",106395320,1,18,270,15,NA,"r1c4"
"534",106395327,1,19,570,30,0.8,"r1c4"
"535",106395485,2,30,7620,190.5,3.65,"r1c4"
"536",106395753,3,34,11220,224.4,4.74,"r1c4"
"537",106398423,1,2,72,36,1.2,"r1c4"
"538",106430874,1,7,847,121,NA,"r1c4"
"539",106467651,1,10,300,30,0.95,"r1c4"
"540",106506674,1,1,34,34,1.184,"r1c4"
"541",106539817,2,17,1348,61.2727272727273,NA,"r1c4"
"542",106581241,1,1,20,20,NA,"r1c4"
"543",106617328,1,9,540,60,NA,"r1c4"
"544",106648201,1,23,1794,78,3.1,"r1c4"
"545",106648202,30,114,112322,166.897473997028,NA,"r1c4"
"546",106648203,1,4,8,2,NA,"r1c4"
"547",106648204,1,23,3450,150,4.74,"r1c4"
"548",106720230,2,37,7500,153.061224489796,4.55102040816327,"r1c4"
"549",106720370,1,10,200,20,NA,"r1c4"
"550",106828381,1,9,1620,180,4,"r1c4"
"551",106864835,1,11,132,12,NA,"r1c4"
"552",106900763,1,9,117,13,0.161,"r1c4"
"553",106936838,3,20,1016,30.7878787878788,NA,"r1c4"
"554",106936976,5,32,4755,118.875,0.89355,"r1c4"
"555",106972917,1,3,84,28,0.595,"r1c4"
"556",106972918,2,19,1162,48.4166666666667,1.87708333333333,"r1c4"
"557",106972919,1,1,5,5,NA,"r1c4"
"558",106973058,7,30,2640,64.390243902439,0.404463414634146,"r1c4"
"559",106973059,4,25,3768,134.571428571429,NA,"r1c4"
"560",107008110,1,7,483,69,1.197,"r1c4"
"561",107008175,1,1,6,6,0.136,"r1c4"
"562",107009002,2,15,324,19.0588235294118,NA,"r1c4"
"563",107009145,7,44,7509,104.291666666667,NA,"r1c4"
"564",107044255,1,4,24,6,NA,"r1c4"
"565",107045251,1,11,264,24,0.595,"r1c4"
"566",107081054,1,13,2340,180,2,"r1c4"
"567",107117177,1,4,56,14,NA,"r1c4"
"568",107153477,1,11,2310,210,5,"r1c4"
"569",107157253,2,2,450,225,4.828,"r1c4"
"570",107188621,1,14,1498,107,1.528,"r1c4"
"571",107224705,1,12,588,49,2.86,"r1c4"
"572",107225437,1,2,6,3,NA,"r1c4"
"573",107228162,1,41,11718,279,0.75,"r1c4"
"574",107261529,1,32,6720,210,5,"r1c4"
"575",107261706,1,9,180,20,0.36,"r1c4"
"576",107300325,3,50,11173,155.180555555556,2.78888888888889,"r1c4"
"577",107369806,1,33,7140,210,1,"r1c4"
"578",107375328,1,5,300,60,NA,"r1c4"
"579",107405144,1,13,962,74,2.167,"r1c4"
"580",107405879,3,5,35,7,NA,"r1c4"
"581",107405880,3,20,1036,43.1666666666667,NA,"r1c4"
"582",107405891,4,29,2051,48.8333333333333,NA,"r1c4"
"583",107411460,1,4,40,10,3.143,"r1c4"
"584",107441962,1,16,960,60,5,"r1c4"
"585",107441975,1,9,540,60,1.931,"r1c4"
"586",107477669,2,40,11305,173.923076923077,NA,"r1c4"
"587",107513384,1,12,2016,168,1.424,"r1c4"
"588",107514128,4,49,17100,251.470588235294,4.48073529411765,"r1c4"
"589",107514129,1,6,108,18,NA,"r1c4"
"590",107514173,3,52,15706,191.536585365854,4.45507317073171,"r1c4"
"591",107549810,1,1,113,113,1.85,"r1c4"
"592",107585548,1,12,2880,240,1.5,"r1c4"
"593",107586295,1,13,3900,300,NA,"r1c4"
"594",107586296,2,27,6318,234,4.023,"r1c4"
"595",107586310,1,26,4680,180,1.5,"r1c4"
"596",107621629,1,10,1200,120,NA,"r1c4"
"597",107622395,1,18,2160,120,2,"r1c4"
"598",107622525,1,5,75,15,NA,"r1c4"
"599",107693782,1,16,2496,156,1.014,"r1c4"
"600",107697459,4,18,2340,80.6896551724138,NA,"r1c4"
"601",107730232,1,14,1764,126,0.8,"r1c4"
"602",107765959,1,31,2232,72,NA,"r1c4"
"603",107765982,1,9,198,22,0.24,"r1c4"
"604",107844506,3,3,21,7,2.977,"r1c4"
"605",107910284,1,14,994,71,NA,"r1c4"
"606",108054979,1,12,192,16,4.82,"r1c4"
"607",108097040,1,1,15,15,NA,"r1c4"
"608",108162865,1,10,300,30,0.28,"r1c4"
"609",108307233,3,32,2398,48.9387755102041,NA,"r1c4"
"610",108560118,1,9,1080,120,2.639,"r1c4"
"611",108596216,1,8,480,60,NA,"r1c4"
"612",108596742,1,7,700,100,0.805,"r1c4"
"613",108632331,1,1,60,60,3.6,"r1c4"
"614",108632390,15,63,22049,137.80625,NA,"r1c4"
"615",108668937,1,17,476,28,0.692,"r1c4"
"616",108705019,1,7,126,18,1.497,"r1c4"
"617",108779569,1,5,20,4,0.45,"r1c4"
"618",108884539,2,21,3122,97.5625,1.18665625,"r1c4"
"619",108920973,1,16,1920,120,0.756,"r1c4"
"620",109101387,1,7,63,9,2.07,"r1c4"
"621",109137880,1,13,780,60,0.5,"r1c4"
"622",109173961,1,14,1470,105,1.3,"r1c4"
"623",109173964,2,52,20820,273.947368421053,1,"r1c4"
"624",109210047,1,8,240,30,NA,"r1c4"
"625",109534448,1,14,840,60,2,"r1c4"
"626",109646865,1,11,990,90,1.609,"r1c4"
"627",109895274,1,3,90,30,2,"r1c4"
"628",109896876,1,1,120,120,3,"r1c4"
"629",109967788,3,41,10125,148.897058823529,0.429411764705882,"r1c4"
"630",110003539,1,5,300,60,2,"r1c4"
"631",110003872,1,17,1020,60,0.8,"r1c4"
"632",110039237,1,12,72,6,0.543,"r1c4"
"633",110111713,2,7,181,25.8571428571429,NA,"r1c4"
"634",110111775,1,5,1305,261,4.6,"r1c4"
"635",110183874,1,3,135,45,3.219,"r1c4"
"636",110219953,1,2,130,65,2.414,"r1c4"
"637",110219954,19,68,12440,64.1237113402062,NA,"r1c4"
"638",110220473,1,9,81,9,NA,"r1c4"
"639",110256032,2,2,180,90,3.219,"r1c4"
"640",110256108,1,11,1320,120,1.609,"r1c4"
"641",110256518,2,14,2212,158,2.414,"r1c4"
"642",110292600,1,6,48,8,NA,"r1c4"
"643",110292618,1,16,2080,130,2.5,"r1c4"
"644",110328683,1,5,50,10,NA,"r1c4"
"645",110364356,2,28,1580,45.1428571428571,NA,"r1c4"
"646",110364357,2,10,725,72.5,NA,"r1c4"
"647",110364768,1,8,480,60,NA,"r1c4"
"648",110364781,1,11,330,30,2,"r1c4"
"649",110400853,1,13,1209,93,1.287,"r1c4"
"650",110436519,1,9,1080,120,4,"r1c4"
"651",110436939,1,23,3450,150,2,"r1c4"
"652",110436940,1,18,1080,60,0.5,"r1c4"
"653",110472222,1,9,369,41,NA,"r1c4"
"654",110472537,1,3,9,3,NA,"r1c4"
"655",110509072,1,3,24,8,0.032,"r1c4"
"656",110509106,1,19,1140,60,0.5,"r1c4"
"657",110580275,1,17,1938,114,2.05,"r1c4"
"658",110619716,1,6,384,64,3.38,"r1c4"
"659",110652937,1,9,162,18,2.99,"r1c4"
"660",110725601,1,4,80,20,2,"r1c4"
"661",110760727,1,26,5200,200,3.219,"r1c4"
"662",110761639,1,8,56,7,NA,"r1c4"
"663",110762877,1,6,90,15,NA,"r1c4"
"664",110764044,1,12,60,5,0.21,"r1c4"
"665",110764045,4,5,737,56.6923076923077,2.08815384615385,"r1c4"
"666",110797350,1,18,306,17,NA,"r1c4"
"667",110833805,1,3,15,5,NA,"r1c4"
"668",110941678,1,9,360,40,3.219,"r1c4"
"669",110942054,3,12,324,27,0.161,"r1c4"
"670",110942056,2,13,1209,93,0.805,"r1c4"
"671",110943302,1,5,300,60,1.5,"r1c4"
"672",111015903,1,1,20,20,NA,"r1c4"
"673",111049529,1,7,203,29,0.33,"r1c4"
"674",111085477,1,13,780,60,2,"r1c4"
"675",111086008,4,21,1224,32.2105263157895,NA,"r1c4"
"676",111086011,1,2,60,30,0.5,"r1c4"
"677",111232402,1,7,350,50,1.08,"r1c4"
"678",111302506,1,8,120,15,NA,"r1c4"
"679",111339040,1,11,660,60,1.3,"r1c4"
"680",111376215,1,5,100,20,NA,"r1c4"
"681",111410698,1,5,50,10,1.12,"r1c4"
"682",111447350,1,3,90,30,NA,"r1c4"
"683",111447352,1,8,240,30,0.322,"r1c4"
"684",111518574,1,8,200,25,0.576,"r1c4"
"685",111554659,1,6,798,133,2.006,"r1c4"
"686",111557156,2,14,1640,102.5,1.526,"r1c4"
"687",111590672,1,7,210,30,3,"r1c4"
"688",111591648,1,4,72,18,NA,"r1c4"
"689",111591650,4,41,8710,113.116883116883,2.76785714285714,"r1c4"
"690",111626758,1,5,150,30,1,"r1c4"
"691",111701492,1,4,320,80,0.4,"r1c4"
"692",111701493,1,2,30,15,NA,"r1c4"
"693",111737568,1,8,520,65,1.439,"r1c4"
"694",111737576,1,4,80,20,0.3,"r1c4"
"695",111771161,1,9,891,99,1.879,"r1c4"
"696",111773663,1,1,1,1,NA,"r1c4"
"697",111806983,1,21,6153,293,3.41,"r1c4"
"698",111807244,1,8,280,35,1.196,"r1c4"
"699",111809741,1,1,1,1,NA,"r1c4"
"700",111845824,1,4,88,22,0.647,"r1c4"
"701",111845826,2,12,662,55.1666666666667,NA,"r1c4"
"702",111879410,1,4,280,70,1.806,"r1c4"
"703",111881913,2,19,3300,150,1.35,"r1c4"
"704",111916376,1,6,270,45,NA,"r1c4"
"705",111951576,1,3,36,12,1.07,"r1c4"
"706",111951579,1,23,1196,52,NA,"r1c4"
"707",111954104,1,7,420,60,1,"r1c4"
"708",111987658,2,24,813,31.2692307692308,0.688923076923077,"r1c4"
"709",111987659,1,14,952,68,0.59,"r1c4"
"710",112023741,1,10,210,21,1.868,"r1c4"
"711",112168105,1,10,40,4,0.265,"r1c4"
"712",112168119,2,11,525,32.8125,NA,"r1c4"
"713",112276052,4,21,675,25.9615384615385,NA,"r1c4"
"714",112351037,1,34,2040,60,2,"r1c4"
"715",112420490,2,2,176,88,1.06,"r1c4"
"716",112420693,1,2,8,4,1.484,"r1c4"
"717",112421189,1,13,598,46,3.25,"r1c4"
"718",112493708,1,1,21,21,0.484,"r1c4"
"719",112494885,1,13,195,15,NA,"r1c4"
"720",112528941,1,15,2700,180,NA,"r1c4"
"721",112569581,1,4,136,34,5,"r1c4"
"722",112600946,1,28,1092,39,NA,"r1c4"
"723",112602569,1,16,480,30,1,"r1c4"
"724",112745095,1,6,6,1,0.4,"r1c4"
"725",112745208,2,27,4860,180,NA,"r1c4"
"726",112745275,1,11,176,16,NA,"r1c4"
"727",112781807,1,1,120,120,1.609,"r1c4"
"728",112782370,1,3,18,6,1,"r1c4"
"729",112853458,1,24,1440,60,3,"r1c4"
"730",112891617,1,1,238,238,3,"r1c4"
"731",112998388,2,18,630,35,3.51,"r1c4"
"732",113034475,2,2,60,30,0.483,"r1c4"
"733",113106637,1,27,4860,180,NA,"r1c4"
"734",113180445,1,2,130,65,2,"r1c4"
"735",113396950,1,7,91,13,1,"r1c4"
"736",113538911,1,3,12,4,0.12,"r1c4"
"737",113577975,1,22,2640,120,4,"r1c4"
"738",113612917,1,4,8,2,0.203,"r1c4"
"739",113647267,1,18,1710,95,4.86,"r1c4"
"740",113685591,1,12,240,20,NA,"r1c4"
"741",113685646,2,5,35,7,NA,"r1c4"
"742",113719392,1,22,5280,240,5,"r1c4"
"743",113721706,1,2,10,5,NA,"r1c4"
"744",113793876,1,4,20,5,NA,"r1c4"
"745",113829969,2,7,460,65.7142857142857,NA,"r1c4"
"746",113865543,1,1,2,2,0.1,"r1c4"
"747",113865551,2,33,6690,142.340425531915,1.88031914893617,"r1c4"
"748",113865552,1,12,240,20,1,"r1c4"
"749",113901965,1,1,5,5,2.14,"r1c4"
"750",113974135,2,8,191,23.875,4.797375,"r1c4"
"751",113974294,1,2,4,2,1.03,"r1c4"
"752",114009876,1,8,72,9,2.8,"r1c4"
"753",114044618,1,6,246,41,1.447,"r1c4"
"754",114045954,1,14,1680,120,3,"r1c4"
"755",114046473,1,5,25,5,NA,"r1c4"
"756",114082036,1,16,384,24,0.179,"r1c4"
"757",114082062,1,12,324,27,NA,"r1c4"
"758",114082063,1,14,294,21,0.04,"r1c4"
"759",114117427,1,10,150,15,0.32,"r1c4"
"760",114117506,1,22,1034,47,1.625,"r1c4"
"761",114118477,1,7,420,60,4.828,"r1c4"
"762",114118622,1,6,30,5,NA,"r1c4"
"763",114118623,1,2,10,5,NA,"r1c4"
"764",114118624,1,3,15,5,NA,"r1c4"
"765",114118631,2,12,224,17.2307692307692,NA,"r1c4"
"766",114118632,1,9,135,15,0.5,"r1c4"
"767",114118633,2,16,228,14.25,0.555625,"r1c4"
"768",114119307,16,22,2880,130.909090909091,2.18181818181818,"r1c4"
"769",114154701,1,5,25,5,NA,"r1c4"
"770",114154709,2,35,2505,55.6666666666667,1.71111111111111,"r1c4"
"771",114154710,1,6,30,5,NA,"r1c4"
"772",114154717,2,12,265,22.0833333333333,0.395833333333333,"r1c4"
"773",114154719,1,7,70,10,NA,"r1c4"
"774",114189143,1,8,328,41,4.828,"r1c4"
"775",114189144,2,4,36,9,NA,"r1c4"
"776",114189147,1,6,30,5,NA,"r1c4"
"777",114190274,6,54,3416,40.6666666666667,NA,"r1c4"
"778",114190276,1,8,16,2,0.564,"r1c4"
"779",114190779,8,40,6070,73.1325301204819,NA,"r1c4"
"780",114225748,1,8,56,7,NA,"r1c4"
"781",114226367,1,12,156,13,0.327,"r1c4"
"782",114226857,1,4,144,36,0.8,"r1c4"
"783",114226858,1,3,9,3,NA,"r1c4"
"784",114226859,4,20,725,25,NA,"r1c4"
"785",114226861,1,5,50,10,NA,"r1c4"
"786",114226866,1,1,5,5,NA,"r1c4"
"787",114226912,1,5,75,15,0.7,"r1c4"
"788",114262940,1,7,105,15,NA,"r1c4"
"789",114263003,1,9,63,7,NA,"r1c4"
"790",114296781,1,14,280,20,0.11,"r1c4"
"791",114297343,1,10,1180,118,1.01,"r1c4"
"792",114299020,1,8,120,15,0.4,"r1c4"
"793",114299513,1,3,3,1,NA,"r1c4"
"794",114301571,1,10,1880,188,2,"r1c4"
"795",114333475,1,3,15,5,NA,"r1c4"
"796",114334795,1,4,240,60,1.5,"r1c4"
"797",114334803,1,2,20,10,2,"r1c4"
"798",114335102,2,10,100,10,NA,"r1c4"
"799",114369736,1,22,572,26,3.6,"r1c4"
"800",114370919,1,5,25,5,NA,"r1c4"
"801",114371184,6,63,8676,99.7241379310345,NA,"r1c4"
"802",114371185,5,21,860,26.875,NA,"r1c4"
"803",114407268,1,8,80,10,0.5,"r1c4"
"804",114407270,1,22,1980,90,2.5,"r1c4"
"805",114407345,2,9,140,14,NA,"r1c4"
"806",114442835,1,26,1820,70,NA,"r1c4"
"807",114443042,1,2,30,15,NA,"r1c4"
"808",114478919,7,25,3510,113.225806451613,1.91593548387097,"r1c4"
"809",114479433,1,5,50,10,0.5,"r1c4"
"810",114479434,3,24,900,26.4705882352941,0.882352941176471,"r1c4"
"811",114514981,1,19,855,45,NA,"r1c4"
"812",114515001,1,15,1125,75,3.11,"r1c4"
"813",114515515,4,53,6465,80.8125,1.7875,"r1c4"
"814",114549981,1,8,480,60,2,"r1c4"
"815",114551063,1,10,600,60,0.1,"r1c4"
"816",114551064,1,5,150,30,1,"r1c4"
"817",114551083,6,56,1902,31.7,NA,"r1c4"
"818",114551084,4,25,426,17.04,NA,"r1c4"
"819",114587166,1,34,272,8,NA,"r1c4"
"820",114587756,1,5,40,8,NA,"r1c4"
"821",114621953,1,5,65,13,0.327,"r1c4"
"822",114621959,1,1,1,1,NA,"r1c4"
"823",114623248,3,34,2766,76.8333333333333,3.315,"r1c4"
"824",114623250,59,175,81880,95.5425904317386,NA,"r1c4"
"825",114658663,1,56,8736,156,3.81,"r1c4"
"826",114659856,1,19,855,45,2,"r1c4"
"827",114695422,1,11,66,6,0.439,"r1c4"
"828",114695963,1,3,15,5,NA,"r1c4"
"829",114730831,1,7,84,12,NA,"r1c4"
"830",114732029,1,1,2,2,1.63,"r1c4"
"831",114766848,1,17,3060,180,5,"r1c4"
"832",114767853,1,3,30,10,NA,"r1c4"
"833",114768094,1,7,105,15,NA,"r1c4"
"834",114768123,1,3,120,40,NA,"r1c4"
"835",114802370,1,9,162,18,0.023,"r1c4"
"836",114802375,1,12,360,30,1.531,"r1c4"
"837",114802931,1,12,2160,180,1.609,"r1c4"
"838",114838007,1,5,40,8,0.38,"r1c4"
"839",114876097,1,4,240,60,NA,"r1c4"
"840",114910300,1,12,228,19,1.77,"r1c4"
"841",114949169,4,25,1400,56,NA,"r1c4"
"842",114982241,2,84,12096,94.5,0.93,"r1c4"
"843",114982844,1,10,50,5,3.93,"r1c4"
"844",114985261,1,4,480,120,1.5,"r1c4"
"845",114985263,1,5,900,180,2,"r1c4"
"846",115021315,6,6,360,60,1.5,"r1c4"
"847",115054405,1,18,900,50,1.609,"r1c4"
"848",115056138,3,40,1906,35.2962962962963,0.804,"r1c4"
"849",115056152,1,12,216,18,0.16,"r1c4"
"850",115128296,1,11,275,25,NA,"r1c4"
"851",115128997,1,4,32,8,0.15,"r1c4"
"852",115163579,1,12,1440,120,4,"r1c4"
"853",115163585,2,12,1660,110.666666666667,1.57,"r1c4"
"854",115163590,1,5,225,45,0.5,"r1c4"
"855",115165073,2,13,2084,148.857142857143,1.35071428571429,"r1c4"
"856",115165074,1,2,4,2,1.03,"r1c4"
"857",115199307,1,35,2310,66,4.589,"r1c4"
"858",115199573,1,11,330,30,0.1,"r1c4"
"859",115199665,3,22,2556,116.181818181818,1.03045454545455,"r1c4"
"860",115200497,1,13,39,3,NA,"r1c4"
"861",115236895,1,13,390,30,NA,"r1c4"
"862",115273301,1,2,12,6,1.22,"r1c4"
"863",115307930,1,7,7,1,NA,"r1c4"
"864",115309315,1,11,165,15,1,"r1c4"
"865",115343261,1,6,192,32,1.46,"r1c4"
"866",115345471,1,8,312,39,0.3,"r1c4"
"867",115380885,1,5,200,40,2,"r1c4"
"868",115416966,9,16,600,37.5,4.17,"r1c4"
"869",115417558,1,7,35,5,NA,"r1c4"
"870",115451610,1,9,315,35,0.87,"r1c4"
"871",115452489,1,7,126,18,0.14,"r1c4"
"872",115489174,4,4,480,120,3,"r1c4"
"873",115525237,1,3,135,45,0.7,"r1c4"
"874",115525793,1,4,120,30,NA,"r1c4"
"875",115560141,1,19,171,9,3.659,"r1c4"
"876",115596107,1,12,720,60,0.5,"r1c4"
"877",115596855,1,3,24,8,1.2,"r1c4"
"878",115703942,1,11,231,21,2.31,"r1c4"
"879",115706188,1,1,1,1,NA,"r1c4"
"880",115741692,1,5,10,2,1,"r1c4"
"881",115776098,1,1,3,3,0.71,"r1c4"
"882",115780094,1,14,728,52,0.61,"r1c4"
"883",115814316,2,20,840,42,NA,"r1c4"
"884",115814387,1,4,32,8,5,"r1c4"
"885",115849312,1,18,1368,76,2.63,"r1c4"
"886",115850462,6,19,6500,125,2.51859615384615,"r1c4"
"887",115850512,1,12,180,15,NA,"r1c4"
"888",115887013,1,9,315,35,NA,"r1c4"
"889",115920631,1,19,3401,179,1.226,"r1c4"
"890",115923067,1,5,475,95,0.6,"r1c4"
"891",115923099,2,10,420,30,0.275,"r1c4"
"892",115992810,1,7,315,45,5,"r1c4"
"893",115993649,1,11,319,29,0.61,"r1c4"
"894",115994257,1,23,483,21,0.18,"r1c4"
"895",115994259,1,25,425,17,0.309,"r1c4"
"896",115994260,1,17,1530,90,1,"r1c4"
"897",116030506,2,4,36,4.5,1.0355,"r1c4"
"898",116064971,1,9,675,75,5,"r1c4"
"899",116066589,1,8,80,10,0.16,"r1c4"
"900",116104834,1,9,18,2,0.28,"r1c4"
"901",116137970,1,6,120,20,4,"r1c4"
"902",116139123,1,9,90,10,NA,"r1c4"
"903",116176057,1,8,320,40,NA,"r1c4"
"904",116209139,1,6,102,17,0.23,"r1c4"
"905",116212143,1,10,600,60,NA,"r1c4"
"906",116245236,2,9,102,8.5,1.535,"r1c4"
"907",116246180,2,9,99,11,NA,"r1c4"
"908",116319997,1,19,2470,130,0.4,"r1c4"
"909",116355430,1,2,90,45,NA,"r1c4"
"910",116390505,1,6,360,60,2,"r1c4"
"911",116426583,1,7,840,120,4,"r1c4"
"912",116461603,2,33,1551,47,1.16,"r1c4"
"913",116461855,1,11,660,60,3,"r1c4"
"914",116500432,1,16,1440,90,0.7,"r1c4"
"915",116534209,1,3,108,36,1,"r1c4"
"916",116534210,1,6,462,77,3.52,"r1c4"
"917",116571561,1,9,54,6,1.1,"r1c4"
"918",116605954,1,6,180,30,NA,"r1c4"
"919",116606997,1,3,69,23,NA,"r1c4"
"920",116642167,1,20,1200,60,NA,"r1c4"
"921",116678093,1,22,4004,182,1,"r1c4"
"922",116680154,1,3,60,20,NA,"r1c4"
"923",116680161,1,2,10,5,NA,"r1c4"
"924",116750255,5,31,8984,195.304347826087,3.14978260869565,"r1c4"
"925",116752328,1,1,10,10,1,"r1c4"
"926",116786422,1,22,1364,62,1.501,"r1c4"
"927",116822672,1,16,224,14,2.886,"r1c4"
"928",116824508,1,2,20,10,NA,"r1c4"
"929",116858521,1,16,224,14,0.62,"r1c4"
"930",116896659,1,2,20,10,NA,"r1c4"
"931",116930824,1,19,684,36,NA,"r1c4"
"932",117003084,2,55,10236,148.347826086957,NA,"r1c4"
"933",117006916,1,22,1540,70,4.54,"r1c4"
"934",117038990,1,13,2080,160,2.351,"r1c4"
"935",117040994,1,1,5,5,NA,"r1c4"
"936",117040996,1,2,20,10,NA,"r1c4"
"937",117075006,1,11,165,15,2.199,"r1c4"
"938",117075253,1,30,4890,163,0.24,"r1c4"
"939",117111091,1,22,2222,101,0.61,"r1c4"
"940",117111605,1,4,48,12,NA,"r1c4"
"941",117113965,1,4,40,10,0.2,"r1c4"
"942",117147432,1,52,3432,66,0.62,"r1c4"
"943",117183315,1,10,90,9,0.37,"r1c4"
"944",117183510,2,80,24000,300,4.96,"r1c4"
"945",117184281,1,13,1170,90,1,"r1c4"
"946",117184505,1,33,3366,102,3.01,"r1c4"
"947",117186132,1,3,60,20,0.2,"r1c4"
"948",117219398,1,18,450,25,3.16,"r1c4"
"949",117220326,2,32,8340,231.666666666667,0.930555555555556,"r1c4"
"950",117220996,1,9,81,9,3.94,"r1c4"
"951",117255469,1,14,896,64,4.393,"r1c4"
"952",117255486,1,4,36,9,0.861,"r1c4"
"953",117255499,1,14,448,32,0.38,"r1c4"
"954",117257081,1,1,10,10,1,"r1c4"
"955",117257644,2,53,795,15,3.499,"r1c4"
"956",117258298,1,4,40,10,0.25,"r1c4"
"957",117291538,1,6,72,12,1.363,"r1c4"
"958",117291546,1,5,250,50,NA,"r1c4"
"959",117292536,9,21,3771,53.112676056338,NA,"r1c4"
"960",117294382,1,3,30,10,0.4,"r1c4"
"961",117363678,1,1,13,13,NA,"r1c4"
"962",117363758,1,13,117,9,4.39,"r1c4"
"963",117366547,1,11,990,90,0.7,"r1c4"
"964",117400787,1,3,60,20,0.5,"r1c4"
"965",117401418,1,10,50,5,2.92,"r1c4"
"966",117436870,1,5,150,30,1,"r1c4"
"967",117472952,1,18,4320,240,3.219,"r1c4"
"968",117474796,1,5,30,6,0.09,"r1c4"
"969",117509686,1,15,210,14,4.22,"r1c4"
"970",117544143,1,9,189,21,0.75,"r1c4"
"971",117544910,1,4,416,104,2,"r1c4"
"972",117580994,15,58,9505,96.010101010101,NA,"r1c4"
"973",117581210,1,14,1848,132,4.36,"r1c4"
"974",117581211,1,13,2340,180,5,"r1c4"
"975",117581627,7,19,3847,153.88,3.16,"r1c4"
"976",117582246,1,7,1260,180,5,"r1c4"
"977",117617292,3,12,720,60,2.08333333333333,"r1c4"
"978",117619114,1,6,300,50,0.8,"r1c4"
"979",117652974,1,9,540,60,NA,"r1c4"
"980",117653152,2,16,690,43.125,2.281875,"r1c4"
"981",117653374,1,1,120,120,3,"r1c4"
"982",117653375,5,18,2310,74.5161290322581,NA,"r1c4"
"983",117655125,1,24,2880,120,0.55,"r1c4"
"984",117655126,1,10,1200,120,0.5,"r1c4"
"985",117689458,3,3,360,120,3,"r1c4"
"986",117689460,1,7,700,100,0.98,"r1c4"
"987",117690103,1,2,26,13,0.797,"r1c4"
"988",117690312,2,2,120,60,2,"r1c4"
"989",117691288,1,7,420,60,0.25,"r1c4"
"990",117727355,1,13,1495,115,0.3,"r1c4"
"991",117760632,1,14,1862,133,3.23,"r1c4"
"992",117761795,1,14,350,25,0.95,"r1c4"
"993",117796756,5,5,140,28,0.47,"r1c4"
"994",117799506,1,7,315,45,0.4,"r1c4"
"995",117868850,1,12,228,19,0.99,"r1c4"
"996",117870406,4,13,432,19.6363636363636,0.609090909090909,"r1c4"
"997",117870892,2,6,1230,205,NA,"r1c4"
"998",117871615,1,8,720,90,2.5,"r1c4"
"999",117941036,1,7,168,24,1.75,"r1c4"
"1000",117978962,1,3,168,56,1.615,"r1c4"
"1001",117979864,1,6,150,25,0.4,"r1c4"
"1002",118013949,1,1,53,53,1.207,"r1c4"
"1003",118015045,1,8,184,23,0.688,"r1c4"
"1004",118049340,1,13,377,29,1.403,"r1c4"
"1005",118050841,1,14,630,45,0.01,"r1c4"
"1006",118085316,1,10,130,13,2,"r1c4"
"1007",118121400,1,6,24,4,0.213,"r1c4"
"1008",118122224,4,14,2618,187,3.6,"r1c4"
"1009",118123366,1,20,340,17,1.54,"r1c4"
"1010",118157480,3,30,2244,47.7446808510638,NA,"r1c4"
"1011",118157527,1,6,78,13,2.61,"r1c4"
"1012",118157589,1,15,450,30,4.381,"r1c4"
"1013",118159082,1,29,1044,36,0.23,"r1c4"
"1014",118193708,1,39,7371,189,4.197,"r1c4"
"1015",118193709,1,16,320,20,2.55,"r1c4"
"1016",118195128,2,38,4381,85.9019607843137,2.13882352941176,"r1c4"
"1017",118195158,1,14,112,8,NA,"r1c4"
"1018",118267517,2,17,302,12.5833333333333,1.51,"r1c4"
"1019",118303957,1,12,936,78,2.83,"r1c4"
"1020",118339544,1,18,216,12,NA,"r1c4"
"1021",118374036,1,11,99,9,0.516,"r1c4"
"1022",118374819,1,5,330,66,0.69,"r1c4"
"1023",118375614,1,19,57,3,NA,"r1c4"
"1024",118376777,1,13,910,70,0.15,"r1c4"
"1025",118410069,1,23,3197,139,1.69,"r1c4"
"1026",118412861,1,8,360,45,0.4,"r1c4"
"1027",118413561,1,4,240,60,NA,"r1c4"
"1028",118447448,1,10,10,1,0.02,"r1c4"
"1029",118447727,1,15,1500,100,NA,"r1c4"
"1030",118448948,1,10,450,45,0.25,"r1c4"
"1031",118482278,1,3,27,9,NA,"r1c4"
"1032",118483105,1,4,4,1,0.197,"r1c4"
"1033",118483108,1,4,36,9,2.27,"r1c4"
"1034",118484029,1,11,341,31,0.633,"r1c4"
"1035",118485725,1,8,104,13,NA,"r1c4"
"1036",118519895,2,21,108,4.69565217391304,NA,"r1c4"
"1037",118521801,1,16,960,60,0.5,"r1c4"
"1038",118522543,4,16,3360,210,4.5263125,"r1c4"
"1039",118554455,1,8,384,48,0.71,"r1c4"
"1040",118593968,1,6,360,60,2,"r1c4"
"1041",118593974,1,4,12,3,NA,"r1c4"
"1042",118627809,1,2,4,2,2,"r1c4"
"1043",118627811,1,7,56,8,0.61,"r1c4"
"1044",118627907,1,4,240,60,NA,"r1c4"
"1045",118630050,4,25,3540,101.142857142857,2.28571428571429,"r1c4"
"1046",118662674,1,2,2,1,NA,"r1c4"
"1047",118663942,1,9,117,13,NA,"r1c4"
"1048",118666136,2,13,900,60,1.6,"r1c4"
"1049",118698735,1,8,920,115,3.673,"r1c4"
"1050",118699980,1,25,425,17,0.22,"r1c4"
"1051",118700290,1,22,3960,180,0.27,"r1c4"
"1052",118734821,1,43,5160,120,2,"r1c4"
"1053",118770919,2,28,3255,101.71875,1.8171875,"r1c4"
"1054",118770927,1,8,504,63,2.998,"r1c4"
"1055",118772471,1,7,70,10,1.794,"r1c4"
"1056",118806986,2,42,6600,110,2.0204,"r1c4"
"1057",118807001,1,3,36,12,1,"r1c4"
"1058",118808570,1,13,351,27,0.47,"r1c4"
"1059",118843068,1,12,852,71,2.03,"r1c4"
"1060",118843075,2,15,45,3,1.06,"r1c4"
"1061",118843076,1,1,10,10,NA,"r1c4"
"1062",118843125,1,3,540,180,5,"r1c4"
"1063",118843183,2,44,8112,169,5,"r1c4"
"1064",118843202,1,6,6,1,0.09,"r1c4"
"1065",118879202,3,13,1169,53.1363636363636,NA,"r1c4"
"1066",118880704,1,9,1422,158,NA,"r1c4"
"1067",118951365,1,11,88,8,0.35,"r1c4"
"1068",118952868,5,22,2791,77.5277777777778,NA,"r1c4"
"1069",118988951,1,1,85,85,2.16,"r1c4"
"1070",118988958,4,53,19848,198.48,2.6278,"r1c4"
"1071",118988959,1,12,36,3,0.58,"r1c4"
"1072",118988960,15,80,30541,93.3975535168196,NA,"r1c4"
"1073",118988961,1,26,234,9,NA,"r1c4"
"1074",118990825,1,2,6,3,NA,"r1c4"
"1075",119025043,1,15,1200,80,0.5,"r1c4"
"1076",119025049,1,15,915,61,1.83,"r1c4"
"1077",119025062,9,63,5111,33.8476821192053,NA,"r1c4"
"1078",119025270,1,10,50,5,NA,"r1c4"
"1079",119025271,1,44,308,7,0.28,"r1c4"
"1080",119025413,2,19,250,8.92857142857143,NA,"r1c4"
"1081",119025604,1,20,1860,93,1,"r1c4"
"1082",119027558,1,15,240,16,NA,"r1c4"
"1083",119061144,6,38,2284,32.169014084507,NA,"r1c4"
"1084",119061145,6,55,9782,113.744186046512,NA,"r1c4"
"1085",119061821,1,1,180,180,NA,"r1c4"
"1086",119095760,3,75,14670,116.428571428571,1.02447619047619,"r1c4"
"1087",119095770,2,24,1035,41.4,2.38192,"r1c4"
"1088",119097226,1,13,312,24,1.12,"r1c4"
"1089",119097768,1,10,150,15,NA,"r1c4"
"1090",119132187,1,28,6720,240,3,"r1c4"
"1091",119132202,1,24,1440,60,5,"r1c4"
"1092",119167842,1,13,1495,115,2.777,"r1c4"
"1093",119169377,14,14,3500,250,3,"r1c4"
"1094",119169378,1,11,275,25,0.3,"r1c4"
"1095",119169385,1,19,608,32,NA,"r1c4"
"1096",119169422,2,23,285,9.19354838709677,NA,"r1c4"
"1097",119205468,26,111,19542,76.9370078740157,NA,"r1c4"
"1098",119205471,2,7,20,2.5,0.8125,"r1c4"
"1099",119205517,1,8,200,25,1.238,"r1c4"
"1100",119240192,7,46,869,15.5178571428571,NA,"r1c4"
"1101",119241546,20,57,3361,29.7433628318584,NA,"r1c4"
"1102",119277010,1,5,55,11,NA,"r1c4"
"1103",119277626,3,3,270,90,NA,"r1c4"
"1104",119277627,4,31,3098,55.3214285714286,NA,"r1c4"
"1105",119277629,2,37,923,21.9761904761905,NA,"r1c4"
"1106",119277673,4,29,521,9.83018867924528,NA,"r1c4"
"1107",119312222,2,19,3232,146.909090909091,4.69545454545455,"r1c4"
"1108",119312401,1,27,1701,63,1.161,"r1c4"
"1109",119312826,1,3,30,10,NA,"r1c4"
"1110",119313715,1,17,136,8,0.73,"r1c4"
"1111",119349806,69,144,64239,96.3103448275862,NA,"r1c4"
"1112",119384994,3,11,1777,104.529411764706,3.34605882352941,"r1c4"
"1113",119422571,1,11,132,12,NA,"r1c4"
"1114",119456566,1,12,24,2,NA,"r1c4"
"1115",119458041,1,5,75,15,3,"r1c4"
"1116",119496636,2,18,536,20.6153846153846,1.08846153846154,"r1c4"
"1117",119529434,1,7,210,30,NA,"r1c4"
"1118",119529960,1,9,144,16,2.44,"r1c4"
"1119",119530179,1,7,14,2,0.72,"r1c4"
"1120",119565516,1,11,990,90,1.609,"r1c4"
"1121",119566269,1,17,425,25,0.07,"r1c4"
"1122",119566339,1,11,330,30,0.5,"r1c4"
"1123",119568183,1,7,350,50,0.5,"r1c4"
"1124",119601942,1,11,165,15,0.5,"r1c4"
"1125",119601955,1,14,490,35,1,"r1c4"
"1126",119602346,1,10,810,81,2.49,"r1c4"
"1127",119602352,21,86,10507,35.7380952380952,NA,"r1c4"
"1128",119602992,1,4,8,2,NA,"r1c4"
"1129",119637036,2,22,1518,69,3.697,"r1c4"
"1130",119637138,2,37,2479,67,0.5,"r1c4"
"1131",119638414,1,17,969,57,NA,"r1c4"
"1132",119638428,4,31,2162,45.0416666666667,NA,"r1c4"
"1133",119638463,2,23,969,33.4137931034483,1.16437931034483,"r1c4"
"1134",119674471,7,58,4695,41.1842105263158,NA,"r1c4"
"1135",119676432,1,13,520,40,0.2,"r1c4"
"1136",119709565,1,22,1980,90,5,"r1c4"
"1137",119709804,2,29,3930,106.216216216216,NA,"r1c4"
"1138",119709807,3,17,3200,145.454545454545,2.21272727272727,"r1c4"
"1139",119709808,2,17,2343,111.571428571429,3.65214285714286,"r1c4"
"1140",119710622,1,3,15,5,2.67,"r1c4"
"1141",119710623,1,7,14,2,NA,"r1c4"
"1142",119710794,1,13,780,60,2.18,"r1c4"
"1143",119710886,1,7,70,10,0.336,"r1c4"
"1144",119710887,1,8,168,21,1.916,"r1c4"
"1145",119745881,1,14,2408,172,3.313,"r1c4"
"1146",119745882,1,5,35,7,NA,"r1c4"
"1147",119745885,2,20,1548,64.5,NA,"r1c4"
"1148",119745888,1,3,45,15,0.3,"r1c4"
"1149",119746644,1,15,735,49,1.79,"r1c4"
"1150",119746704,1,10,20,2,0.01,"r1c4"
"1151",119782587,1,11,1320,120,5,"r1c4"
"1152",119782786,2,15,39,2.4375,1.258,"r1c4"
"1153",119818043,4,34,4242,81.5769230769231,NA,"r1c4"
"1154",119818152,1,6,24,4,NA,"r1c4"
"1155",119818603,2,3,288,57.6,NA,"r1c4"
"1156",119818604,4,32,8302,136.098360655738,3.4006393442623,"r1c4"
"1157",119818605,1,14,2156,154,3.6,"r1c4"
"1158",119820763,1,8,160,20,0.75,"r1c4"
"1159",119853616,1,24,1080,45,4.121,"r1c4"
"1160",119854118,2,30,1518,41.027027027027,NA,"r1c4"
"1161",119854142,1,8,152,19,0.169,"r1c4"
"1162",119854147,1,6,30,5,NA,"r1c4"
"1163",119854686,2,19,3192,168,0.34,"r1c4"
"1164",119854687,18,41,22363,146.16339869281,NA,"r1c4"
"1165",119854688,1,11,11,1,NA,"r1c4"
"1166",119854749,1,14,1092,78,5,"r1c4"
"1167",119856845,2,26,4570,142.8125,0.903125,"r1c4"
"1168",119889568,1,20,1320,66,3.1,"r1c4"
"1169",119890255,2,14,322,15.3333333333333,NA,"r1c4"
"1170",119890803,1,15,690,46,1.7,"r1c4"
"1171",119926885,3,10,896,81.4545454545455,4.38,"r1c4"
"1172",119927047,3,27,1098,35.4193548387097,1.77548387096774,"r1c4"
"1173",119927454,1,24,5760,240,2,"r1c4"
"1174",119961752,1,17,3162,186,3.003,"r1c4"
"1175",119962935,1,13,1560,120,4,"r1c4"
"1176",119962937,1,5,115,23,1.832,"r1c4"
"1177",119962941,1,9,297,33,NA,"r1c4"
"1178",119962942,1,8,664,83,3.428,"r1c4"
"1179",119962966,1,34,9486,279,4.57,"r1c4"
"1180",119962993,1,2,88,44,0.37,"r1c4"
"1181",119963186,1,11,1793,163,NA,"r1c4"
"1182",119963536,4,56,8891,93.5894736842105,NA,"r1c4"
"1183",119998444,6,25,5436,87.6774193548387,NA,"r1c4"
"1184",119999046,4,15,2638,114.695652173913,NA,"r1c4"
"1185",119999047,2,26,4497,149.9,4.2979,"r1c4"
"1186",120033943,3,38,4560,120,3,"r1c4"
"1187",120035102,1,8,160,20,0.3,"r1c4"
"1188",120035112,2,8,3074,219.571428571429,4.76128571428571,"r1c4"
"1189",120035167,1,13,2522,194,3.813,"r1c4"
"1190",120035169,1,8,240,30,NA,"r1c4"
"1191",120035687,1,8,240,30,NA,"r1c4"
"1192",120035702,1,34,1904,56,1.736,"r1c4"
"1193",120071211,15,45,15885,155.735294117647,NA,"r1c4"
"1194",120071212,2,14,390,24.375,NA,"r1c4"
"1195",120106693,1,38,494,13,NA,"r1c4"
"1196",120107276,2,21,3156,126.24,NA,"r1c4"
"1197",120107294,1,2,2,1,0.21,"r1c4"
"1198",120107338,1,10,320,32,0.313,"r1c4"
"1199",120107405,1,18,2700,150,2,"r1c4"
"1200",120143356,7,44,12240,255,2.045,"r1c4"
"1201",120143918,2,19,1198,63.0526315789474,4.76,"r1c4"
"1202",120147737,1,2,10,5,NA,"r1c4"
"1203",120179475,25,103,36771,104.463068181818,NA,"r1c4"
"1204",120179931,1,8,120,15,0.89,"r1c4"
"1205",120216033,1,22,66,3,0.89,"r1c4"
"1206",120250411,10,30,2104,52.6,1.04175,"r1c4"
"1207",120252167,1,15,45,3,0.99,"r1c4"
"1208",120252168,4,37,1047,20.5294117647059,NA,"r1c4"
"1209",120286382,1,7,70,10,0.483,"r1c4"
"1210",120286493,79,127,37471,60.8295454545455,NA,"r1c4"
"1211",120288257,1,32,352,11,2.72,"r1c4"
"1212",120322575,1,10,370,37,1.384,"r1c4"
"1213",120322578,3,24,2112,88,1.71833333333333,"r1c4"
"1214",120322623,19,103,40619,124.217125382263,NA,"r1c4"
"1215",120323176,1,5,50,10,NA,"r1c4"
"1216",120323771,8,37,8458,80.552380952381,NA,"r1c4"
"1217",120323831,2,20,2886,144.3,1.641,"r1c4"
"1218",120323951,1,7,28,4,0.34,"r1c4"
"1219",120324240,1,26,3900,150,2,"r1c4"
"1220",120358657,1,9,342,38,0.748,"r1c4"
"1221",120359262,1,7,196,28,0.78,"r1c4"
"1222",120359844,2,16,2032,127,3.45,"r1c4"
"1223",120360408,1,13,117,9,3.18,"r1c4"
"1224",120362630,1,1,116,116,1.67,"r1c4"
"1225",120394741,3,9,436,43.6,2.5362,"r1c4"
"1226",120394742,1,8,240,30,0.1,"r1c4"
"1227",120394743,1,8,112,14,NA,"r1c4"
"1228",120394747,1,8,960,120,3,"r1c4"
"1229",120394768,1,39,3432,88,1.61,"r1c4"
"1230",120395963,1,14,854,61,2.344,"r1c4"
"1231",120398712,5,29,5268,95.7818181818182,1.91,"r1c4"
"1232",120430824,30,88,22665,75.8026755852843,NA,"r1c4"
"1233",120430825,5,27,1916,45.6190476190476,NA,"r1c4"
"1234",120430885,1,52,9412,181,NA,"r1c4"
"1235",120430952,9,86,23184,142.233128834356,NA,"r1c4"
"1236",120466906,1,11,330,30,NA,"r1c4"
"1237",120468141,1,6,720,120,3,"r1c4"
"1238",120468142,4,26,3115,81.9736842105263,NA,"r1c4"
"1239",120468971,2,47,6550,128.43137254902,NA,"r1c4"
"1240",120502990,7,46,5189,92.6607142857143,NA,"r1c4"
"1241",120503016,3,38,1275,32.6923076923077,NA,"r1c4"
"1242",120503116,1,24,4320,180,NA,"r1c4"
"1243",120504159,1,2,10,5,0.805,"r1c4"
"1244",120504219,1,19,2280,120,4.4,"r1c4"
"1245",120504220,5,21,1906,56.0588235294118,NA,"r1c4"
"1246",120504225,1,17,2890,170,3,"r1c4"
"1247",120504226,10,67,26397,145.839779005525,NA,"r1c4"
"1248",120504657,1,19,570,30,3.67,"r1c4"
"1249",120539013,1,3,360,120,4.828,"r1c4"
"1250",120539195,1,21,525,25,NA,"r1c4"
"1251",120540285,1,13,221,17,NA,"r1c4"
"1252",120540302,1,11,2640,240,3.9,"r1c4"
"1253",120540307,1,11,1210,110,0.966,"r1c4"
"1254",120540309,2,29,4400,137.5,2.343125,"r1c4"
"1255",120540310,1,5,600,120,2,"r1c4"
"1256",120541137,1,34,442,13,NA,"r1c4"
"1257",120575155,4,11,190,13.5714285714286,NA,"r1c4"
"1258",120576368,2,10,67,5.15384615384615,NA,"r1c4"
"1259",120576388,1,6,642,107,1.5,"r1c4"
"1260",120576400,1,17,2023,119,2.682,"r1c4"
"1261",120577191,1,1,180,180,4.224,"r1c4"
"1262",120611292,1,18,1134,63,NA,"r1c4"
"1263",120612473,2,9,194,21.5555555555556,NA,"r1c4"
"1264",120612901,1,5,5,1,NA,"r1c4"
"1265",120613003,1,21,399,19,0.297,"r1c4"
"1266",120613349,1,8,192,24,2.057,"r1c4"
"1267",120647317,2,12,595,45.7692307692308,NA,"r1c4"
"1268",120647345,1,6,84,14,1,"r1c4"
"1269",120647349,2,26,4663,179.346153846154,1.29288461538462,"r1c4"
"1270",120647475,3,7,70,10,NA,"r1c4"
"1271",120648515,1,7,210,30,2.76,"r1c4"
"1272",120648554,2,16,4071,254.4375,0.823,"r1c4"
"1273",120648556,2,6,378,63,0.979333333333333,"r1c4"
"1274",120649386,1,21,756,36,2,"r1c4"
"1275",120683427,1,6,252,42,0.09,"r1c4"
"1276",120684590,1,3,15,5,1,"r1c4"
"1277",120684601,4,17,526,17.5333333333333,NA,"r1c4"
"1278",120684636,1,20,1200,60,4.58,"r1c4"
"1279",120684637,1,23,4140,180,4,"r1c4"
"1280",120684639,2,22,1780,63.5714285714286,NA,"r1c4"
"1281",120719480,1,5,10,2,1.11,"r1c4"
"1282",120720417,1,10,600,60,5,"r1c4"
"1283",120720679,1,10,900,90,1,"r1c4"
"1284",120720680,5,9,65,4.0625,NA,"r1c4"
"1285",120720681,13,30,3406,30.4107142857143,NA,"r1c4"
"1286",120720682,4,13,762,50.8,NA,"r1c4"
"1287",120720683,3,10,870,39.5454545454545,NA,"r1c4"
"1288",120755562,1,3,60,20,0.14,"r1c4"
"1289",120755598,1,5,25,5,1.34,"r1c4"
"1290",120756693,1,1,5,5,NA,"r1c4"
"1291",120756712,1,10,10,1,1.12,"r1c4"
"1292",120756761,2,7,146,13.2727272727273,NA,"r1c4"
"1293",120756762,10,21,564,19.448275862069,NA,"r1c4"
"1294",120756763,17,55,6914,52.7786259541985,NA,"r1c4"
"1295",120756764,15,55,9725,80.3719008264463,NA,"r1c4"
"1296",120756765,5,16,1116,42.9230769230769,NA,"r1c4"
"1297",120756766,2,7,270,30,0.666666666666667,"r1c4"
"1298",120756768,2,7,187,20.7777777777778,0.53,"r1c4"
"1299",120756780,2,46,6364,120.075471698113,3.94603773584906,"r1c4"
"1300",120756781,5,30,4998,104.125,NA,"r1c4"
"1301",120756885,1,19,1140,60,0.08,"r1c4"
"1302",120757189,1,10,300,30,NA,"r1c4"
"1303",120791672,1,4,92,23,3.536,"r1c4"
"1304",120792376,1,4,20,5,NA,"r1c4"
"1305",120792780,2,11,165,15,NA,"r1c4"
"1306",120792807,1,6,150,25,1.031,"r1c4"
"1307",120792839,1,1,1,1,0.1,"r1c4"
"1308",120792845,1,1,2,2,0.2,"r1c4"
"1309",120792846,85,103,82632,84.3183673469388,NA,"r1c4"
"1310",120792847,12,28,2493,36.6617647058824,NA,"r1c4"
"1311",120792849,1,15,900,60,1,"r1c4"
"1312",120792884,1,1,5,5,NA,"r1c4"
"1313",120793702,1,36,1728,48,3.55,"r1c4"
"1314",120828857,1,1,3,3,NA,"r1c4"
"1315",120828897,1,10,20,2,2.676,"r1c4"
"1316",120828909,1,8,32,4,NA,"r1c4"
"1317",120828912,1,30,5400,180,2.623,"r1c4"
"1318",120828918,1,1,1,1,NA,"r1c4"
"1319",120828927,1,2,8,4,NA,"r1c4"
"1320",120828930,1,1,120,120,5,"r1c4"
"1321",120828931,2,18,2520,120,1.83571428571429,"r1c4"
"1322",120828932,1,2,50,25,0.874,"r1c4"
"1323",120828938,1,4,52,13,0.147,"r1c4"
"1324",120828950,2,26,1536,54.8571428571429,NA,"r1c4"
"1325",120828952,1,2,48,24,0.704,"r1c4"
"1326",120829395,1,4,4,1,0.006,"r1c4"
"1327",120864776,1,18,1620,90,0.805,"r1c4"
"1328",120864938,1,6,60,10,NA,"r1c4"
"1329",120864995,62,118,85513,81.2089268755935,NA,"r1c4"
"1330",120864997,1,20,600,30,0.2,"r1c4"
"1331",120864998,45,134,70088,109.171339563863,NA,"r1c4"
"1332",120864999,3,3,510,170,4.03,"r1c4"
"1333",120865008,12,69,18070,114.367088607595,NA,"r1c4"
"1334",120865009,14,77,22074,112.622448979592,NA,"r1c4"
"1335",120865010,1,7,14,2,0.18,"r1c4"
"1336",120865011,9,40,9450,99.4736842105263,NA,"r1c4"
"1337",120865012,5,20,1648,45.7777777777778,0.899388888888889,"r1c4"
"1338",120865014,50,103,67718,119.643109540636,NA,"r1c4"
"1339",120865015,5,19,1770,93.1578947368421,2.20157894736842,"r1c4"
"1340",120865016,1,5,300,60,0.1,"r1c4"
"1341",120865019,1,13,1274,98,2.096,"r1c4"
"1342",120865021,1,7,21,3,NA,"r1c4"
"1343",120865022,4,41,6699,98.5147058823529,2.60235294117647,"r1c4"
"1344",120865033,1,9,747,83,1.062,"r1c4"
"1345",120865049,2,8,360,45,NA,"r1c4"
"1346",120865050,1,1,60,60,2,"r1c4"
"1347",120865052,1,7,840,120,2,"r1c4"
"1348",120865238,7,19,1579,41.5526315789474,NA,"r1c4"
"1349",120865868,1,52,15600,300,4.48,"r1c4"
"1350",120901013,1,6,36,6,0.298,"r1c4"
"1351",120901077,4,57,3022,41.9722222222222,1.25875,"r1c4"
"1352",120901080,2,18,191,10.0526315789474,0.607578947368421,"r1c4"
"1353",120901090,1,5,300,60,NA,"r1c4"
"1354",120901099,1,5,45,9,0.165,"r1c4"
"1355",120901100,2,5,558,93,3.15766666666667,"r1c4"
"1356",120901101,1,7,399,57,0.5,"r1c4"
"1357",120901105,1,8,480,60,0.161,"r1c4"
"1358",120901953,1,42,11214,267,4.1,"r1c4"
"1359",120936007,1,14,1050,75,4.8,"r1c4"
"1360",120936013,4,97,25494,138.554347826087,NA,"r1c4"
"1361",120936595,1,20,1360,68,0.92,"r1c4"
"1362",120937047,1,5,250,50,NA,"r1c4"
"1363",120937048,5,32,778,18.5238095238095,NA,"r1c4"
"1364",120937052,1,1,150,150,2.51,"r1c4"
"1365",120937160,12,62,12157,83.2671232876712,NA,"r1c4"
"1366",120937161,5,62,9563,103.945652173913,2.98357608695652,"r1c4"
"1367",120937174,1,8,960,120,1,"r1c4"
"1368",120937175,1,5,250,50,2.36,"r1c4"
"1369",120937176,1,12,132,11,0.217,"r1c4"
"1370",120937177,21,69,36786,152.639004149378,NA,"r1c4"
"1371",120937182,1,14,2814,201,4.073,"r1c4"
"1372",120937189,2,10,767,59,0.333846153846154,"r1c4"
"1373",120937204,1,2,40,20,1.609,"r1c4"
"1374",120937217,6,9,1050,105,NA,"r1c4"
"1375",120937218,2,12,1530,127.5,2.25,"r1c4"
"1376",120937252,1,4,32,8,NA,"r1c4"
"1377",120972096,26,108,27348,88.2193548387097,NA,"r1c4"
"1378",120972674,1,7,98,14,NA,"r1c4"
"1379",120973125,2,9,58,5.8,NA,"r1c4"
"1380",120973126,6,31,1002,15.9047619047619,NA,"r1c4"
"1381",120973131,2,39,2948,70.1904761904762,1.81666666666667,"r1c4"
"1382",120973242,88,162,144862,109.993925588459,NA,"r1c4"
"1383",120973243,8,50,26984,169.710691823899,NA,"r1c4"
"1384",120973249,10,27,4401,66.6818181818182,NA,"r1c4"
"1385",120973251,2,5,56,11.2,NA,"r1c4"
"1386",120973259,5,42,11191,145.337662337662,NA,"r1c4"
"1387",120973302,1,12,3600,300,4,"r1c4"
"1388",120973303,2,13,2440,135.555555555556,3.32444444444444,"r1c4"
"1389",121008179,1,21,546,26,0.24,"r1c4"
"1390",121008180,1,38,3838,101,1.754,"r1c4"
"1391",121008199,1,36,5040,140,1,"r1c4"
"1392",121009140,16,115,46304,114.898263027295,NA,"r1c4"
"1393",121009141,1,1,100,100,2,"r1c4"
"1394",121009142,4,42,5730,136.428571428571,0.607142857142857,"r1c4"
"1395",121009204,1,5,50,10,0.322,"r1c4"
"1396",121009325,22,66,26361,104.607142857143,NA,"r1c4"
"1397",121009326,1,7,2100,300,5,"r1c4"
"1398",121009344,1,13,2340,180,NA,"r1c4"
"1399",121009418,1,1,3,3,NA,"r1c4"
"1400",121012126,2,17,782,46,1.13,"r1c4"
"1401",121044262,6,73,13586,84.3850931677019,NA,"r1c4"
"1402",121044263,9,106,35806,134.104868913858,NA,"r1c4"
"1403",121044282,2,63,3024,48,NA,"r1c4"
"1404",121045224,2,46,4770,80.8474576271186,3.30237288135593,"r1c4"
"1405",121045346,1,5,100,20,NA,"r1c4"
"1406",121045347,2,11,517,47,0.35,"r1c4"
"1407",121045406,1,25,2250,90,0.483,"r1c4"
"1408",121045415,8,22,244,6.42105263157895,NA,"r1c4"
"1409",121045436,1,7,525,75,0.95,"r1c4"
"1410",121045466,3,3,864,288,3.862,"r1c4"
"1411",121048209,1,5,150,30,NA,"r1c4"
"1412",121081039,1,10,100,10,NA,"r1c4"
"1413",121081428,3,51,7605,124.672131147541,NA,"r1c4"
"1414",121081430,1,19,3420,180,5,"r1c4"
"1415",121081503,1,14,1260,90,1,"r1c4"
"1416",121081527,1,1,1,1,NA,"r1c4"
"1417",121081556,1,25,1450,58,4.458,"r1c4"
"1418",121082085,1,1,20,20,0.4,"r1c4"
"1419",121116429,1,29,1450,50,2.979,"r1c4"
"1420",121117569,1,8,960,120,NA,"r1c4"
"1421",121117587,1,7,196,28,0.36,"r1c4"
"1422",121117591,1,1,167,167,4.74,"r1c4"
"1423",121117625,1,7,210,30,1.337,"r1c4"
"1424",121118050,3,47,8244,144.631578947368,2.51205263157895,"r1c4"
"1425",121118452,2,46,2209,47,1.60468085106383,"r1c4"
"1426",121152464,1,9,567,63,1.92,"r1c4"
"1427",121152513,1,9,189,21,NA,"r1c4"
"1428",121152558,1,9,360,40,2,"r1c4"
"1429",121153405,1,24,648,27,1,"r1c4"
"1430",121153708,2,6,90,15,NA,"r1c4"
"1431",121153724,2,7,210,26.25,NA,"r1c4"
"1432",121189734,1,13,3120,240,3,"r1c4"
"1433",121189735,2,17,933,38.875,1.625,"r1c4"
"1434",121189736,4,15,1381,53.1153846153846,1.13730769230769,"r1c4"
"1435",121189752,1,11,1100,100,5,"r1c4"
"1436",121189753,1,10,1050,105,3.477,"r1c4"
"1437",121189756,3,21,3630,125.172413793103,NA,"r1c4"
"1438",121189776,1,1,115,115,1.81,"r1c4"
"1439",121189806,1,5,75,15,NA,"r1c4"
"1440",121225896,1,7,21,3,1.33,"r1c4"
"1441",121226291,1,26,546,21,3.03,"r1c4"
"1442",121261590,1,14,840,60,NA,"r1c4"
"1443",121261597,3,57,8064,94.8705882352941,NA,"r1c4"
"1444",121261604,1,1,60,60,1.47,"r1c4"
"1445",121261901,1,13,754,58,1.94,"r1c4"
"1446",121261939,2,34,1209,31.8157894736842,0.765526315789474,"r1c4"
"1447",121261954,1,2,2,1,0.196,"r1c4"
"1448",121261980,1,5,10,2,3.68,"r1c4"
"1449",121261981,1,4,24,6,NA,"r1c4"
"1450",121262061,1,4,4,1,3.13,"r1c4"
"1451",121262075,1,4,20,5,0.9,"r1c4"
"1452",121262349,1,18,288,16,4.08,"r1c4"
"1453",121263130,2,2,45,22.5,NA,"r1c4"
"1454",121264709,1,7,70,10,NA,"r1c4"
"1455",121297672,1,1,10,10,1.368,"r1c4"
"1456",121297683,1,15,420,28,NA,"r1c4"
"1457",121297926,1,2,10,5,NA,"r1c4"
"1458",121297927,1,2,20,10,NA,"r1c4"
"1459",121298040,4,26,700,16.6666666666667,NA,"r1c4"
"1460",121298066,1,7,21,3,1.12,"r1c4"
"1461",121298619,1,2,2,1,0.34,"r1c4"
"1462",121333030,1,7,175,25,3,"r1c4"
"1463",121333763,2,70,11388,129.409090909091,NA,"r1c4"
"1464",121333764,19,114,40390,120.928143712575,NA,"r1c4"
"1465",121333770,1,1,45,45,NA,"r1c4"
"1466",121334008,1,14,1932,138,4,"r1c4"
"1467",121334009,10,37,9168,98.5806451612903,NA,"r1c4"
"1468",121334088,2,28,4024,118.352941176471,1.53723529411765,"r1c4"
"1469",121334089,1,12,1452,121,2.61,"r1c4"
"1470",121334096,1,1,180,180,5,"r1c4"
"1471",121334151,1,6,48,8,NA,"r1c4"
"1472",121369010,1,39,2520,63,0.5,"r1c4"
"1473",121369839,1,24,672,28,NA,"r1c4"
"1474",121369840,1,17,510,30,0.563,"r1c4"
"1475",121370092,1,3,30,10,NA,"r1c4"
"1476",121370145,1,6,12,2,1.89,"r1c4"
"1477",121370179,11,33,6631,150.704545454545,2.17793181818182,"r1c4"
"1478",121370180,1,20,4800,240,3,"r1c4"
"1479",121405092,2,57,6099,107,2.077,"r1c4"
"1480",121405093,2,40,1115,21.8627450980392,NA,"r1c4"
"1481",121405094,1,39,3198,82,1.96,"r1c4"
"1482",121405095,1,10,330,33,1.15,"r1c4"
"1483",121405931,2,35,1470,39.7297297297297,NA,"r1c4"
"1484",121405933,1,1,75,75,NA,"r1c4"
"1485",121406322,1,3,15,5,NA,"r1c4"
"1486",121406374,1,5,45,9,0.5,"r1c4"
"1487",121406477,1,18,216,12,NA,"r1c4"
"1488",121442337,2,2,126,63,0.805,"r1c4"
"1489",121443251,1,104,104,1,NA,"r1c4"
"1490",121477293,1,18,4608,256,4.2,"r1c4"
"1491",121478030,1,57,13680,240,5,"r1c4"
"1492",121478342,1,5,150,30,1.609,"r1c4"
"1493",121478587,1,14,686,49,2.575,"r1c4"
"1494",121513291,1,8,320,40,2.48,"r1c4"
"1495",121513898,1,13,1690,130,1.168,"r1c4"
"1496",121514421,5,34,6912,117.152542372881,2.58628813559322,"r1c4"
"1497",121514426,1,2,16,8,NA,"r1c4"
"1498",121514592,1,3,3,1,0.52,"r1c4"
"1499",121514593,2,8,20,2,0.925,"r1c4"
"1500",121514672,2,19,576,24,0.55775,"r1c4"
"1501",121550706,1,1,5,5,0.8,"r1c4"
"1502",121550971,1,8,80,10,0.5,"r1c4"
"1503",121586521,1,6,18,3,NA,"r1c4"
"1504",121586695,1,3,3,1,NA,"r1c4"
"1505",121621494,1,21,231,11,2.18,"r1c4"
"1506",121622667,1,1,90,90,3,"r1c4"
"1507",121622673,1,1,10,10,NA,"r1c4"
"1508",121622674,3,8,135,15,NA,"r1c4"
"1509",121622756,2,8,111,12.3333333333333,1.37866666666667,"r1c4"
"1510",121622830,1,15,150,10,1.44,"r1c4"
"1511",121622859,3,40,1404,27,0.84,"r1c4"
"1512",121622874,2,13,412,29.4285714285714,2.72714285714286,"r1c4"
"1513",121622875,1,4,20,5,0.8,"r1c4"
"1514",121622876,1,8,32,4,0.011,"r1c4"
"1515",121657794,1,21,1092,52,1.416,"r1c4"
"1516",121658756,1,5,10,2,NA,"r1c4"
"1517",121659226,1,10,150,15,4.83,"r1c4"
"1518",121659672,14,217,31562,53.7683134582623,NA,"r1c4"
"1519",121693815,1,13,1300,100,2,"r1c4"
"1520",121693816,1,18,3600,200,3.219,"r1c4"
"1521",121694849,1,13,3809,293,NA,"r1c4"
"1522",121694939,1,5,60,12,NA,"r1c4"
"1523",121695040,1,8,960,120,3,"r1c4"
"1524",121695307,1,17,391,23,4.43,"r1c4"
"1525",121729858,1,1,1,1,NA,"r1c4"
"1526",121729898,2,12,397,26.4666666666667,NA,"r1c4"
"1527",121729948,5,68,9834,75.0687022900763,0.79712213740458,"r1c4"
"1528",121730660,1,2,4,2,NA,"r1c4"
"1529",121730920,1,6,114,19,0.373,"r1c4"
"1530",121731109,1,5,150,30,NA,"r1c4"
"1531",121765980,3,33,6838,170.95,0.855,"r1c4"
"1532",121767101,1,9,405,45,3,"r1c4"
"1533",121767817,1,8,168,21,0.03,"r1c4"
"1534",121767905,1,4,120,30,3.219,"r1c4"
"1535",121802017,1,16,800,50,1.66,"r1c4"
"1536",121802062,1,17,1904,112,1.374,"r1c4"
"1537",121802089,1,7,63,9,NA,"r1c4"
"1538",121802934,1,1,7,7,0.11,"r1c4"
"1539",121803279,5,56,3028,28.5660377358491,2.74105660377358,"r1c4"
"1540",121803280,92,152,211019,97.6939814814815,NA,"r1c4"
"1541",121804374,1,5,25,5,NA,"r1c4"
"1542",121839176,1,2,2,1,NA,"r1c4"
"1543",121839360,49,130,77111,70.9392824287029,NA,"r1c4"
"1544",121839361,92,137,148831,79.4188900747065,NA,"r1c4"
"1545",121839410,1,12,168,14,1.311,"r1c4"
"1546",121876172,2,80,5172,55.0212765957447,1.62510638297872,"r1c4"
"1547",121910358,1,42,6804,162,NA,"r1c4"
"1548",121911424,1,15,420,28,2,"r1c4"
"1549",121911533,2,9,285,28.5,NA,"r1c4"
"1550",121912254,1,4,4,1,NA,"r1c4"
"1551",121912340,2,32,508,15.875,0.5459375,"r1c4"
"1552",121947508,1,6,78,13,NA,"r1c4"
"1553",121947617,14,90,16434,66,NA,"r1c4"
"1554",121950298,1,2,120,60,NA,"r1c4"
"1555",122018542,3,38,5028,85.2203389830509,NA,"r1c4"
"1556",122018547,2,19,4706,204.608695652174,NA,"r1c4"
"1557",122019047,1,16,224,14,0.22,"r1c4"
"1558",122019218,1,8,664,83,3.91,"r1c4"
"1559",122019690,2,2,60,30,0.4,"r1c4"
"1560",122019782,3,36,1727,34.54,3.98872,"r1c4"
"1561",122019783,1,12,360,30,2,"r1c4"
"1562",122020584,1,32,512,16,4.42,"r1c4"
"1563",122054623,1,9,990,110,2,"r1c4"
"1564",122054624,2,23,3864,113.647058823529,1.76229411764706,"r1c4"
"1565",122054625,1,8,544,68,2.503,"r1c4"
"1566",122054628,1,13,1365,105,1.4,"r1c4"
"1567",122054629,2,16,2319,110.428571428571,0.512380952380952,"r1c4"
"1568",122055429,1,11,825,75,1,"r1c4"
"1569",122055673,17,71,7294,43.6766467065868,NA,"r1c4"
"1570",122055696,1,15,990,66,0.7,"r1c4"
"1571",122055865,6,44,4540,47.2916666666667,NA,"r1c4"
"1572",122056115,1,16,480,30,0.17,"r1c4"
"1573",122056175,1,10,310,31,2.234,"r1c4"
"1574",122090704,1,2,20,10,NA,"r1c4"
"1575",122090706,4,27,10512,194.666666666667,3.81481481481481,"r1c4"
"1576",122090712,3,16,5053,219.695652173913,NA,"r1c4"
"1577",122091758,1,39,5850,150,4,"r1c4"
"1578",122091947,1,15,540,36,NA,"r1c4"
"1579",122092036,2,16,579,32.1666666666667,NA,"r1c4"
"1580",122092250,1,3,30,10,3,"r1c4"
"1581",122092751,1,14,350,25,1,"r1c4"
"1582",122094634,1,10,410,41,0.48,"r1c4"
"1583",122126785,1,7,490,70,NA,"r1c4"
"1584",122126786,3,20,4210,123.823529411765,NA,"r1c4"
"1585",122126795,8,31,18651,194.28125,NA,"r1c4"
"1586",122126798,1,14,1372,98,NA,"r1c4"
"1587",122127740,1,3,3,1,0.35,"r1c4"
"1588",122127839,3,3,96,32,2.92,"r1c4"
"1589",122127858,2,6,178,29.6666666666667,NA,"r1c4"
"1590",122128033,4,52,4329,83.25,2.93403846153846,"r1c4"
"1591",122128104,1,2,2,1,3.28,"r1c4"
"1592",122162867,1,1,5,5,NA,"r1c4"
"1593",122162874,29,51,17177,149.365217391304,NA,"r1c4"
"1594",122162875,1,3,255,85,NA,"r1c4"
"1595",122162878,1,14,938,67,NA,"r1c4"
"1596",122162880,1,1,13,13,1.51,"r1c4"
"1597",122163379,1,3,3,1,0.37,"r1c4"
"1598",122164115,3,30,4920,100.408163265306,NA,"r1c4"
"1599",122164154,1,4,344,86,1.845,"r1c4"
"1600",122164192,1,1,1,1,NA,"r1c4"
"1601",122199998,1,4,40,10,NA,"r1c4"
"1602",122202885,1,7,70,10,0.09,"r1c4"
"1603",122235037,1,4,196,49,4.402,"r1c4"
"1604",122235047,1,7,35,5,1.3,"r1c4"
"1605",122235703,1,15,2970,198,0.182,"r1c4"
"1606",122235984,1,4,4,1,1.08,"r1c4"
"1607",122271022,1,22,2310,105,1.58,"r1c4"
"1608",122271113,2,25,2720,90.6666666666667,2.6,"r1c4"
"1609",122271120,1,5,140,28,1,"r1c4"
"1610",122271131,1,1,1,1,NA,"r1c4"
"1611",122271133,1,18,1746,97,1.844,"r1c4"
"1612",122271589,19,63,25625,111.899563318777,NA,"r1c4"
"1613",122271818,2,18,2050,102.5,1.1475,"r1c4"
"1614",122272590,1,23,460,20,3.68,"r1c4"
"1615",122307215,5,33,1781,31.2456140350877,NA,"r1c4"
"1616",122307216,2,23,2861,92.2903225806452,1.96032258064516,"r1c4"
"1617",122307217,20,56,14965,79.6010638297872,NA,"r1c4"
"1618",122307220,2,14,835,41.75,1.6787,"r1c4"
"1619",122308261,1,13,1105,85,2.8,"r1c4"
"1620",122308532,1,6,30,5,0.19,"r1c4"
"1621",122309185,1,1,120,120,NA,"r1c4"
"1622",122309232,1,7,168,24,4.97,"r1c4"
"1623",122343298,2,21,1803,66.7777777777778,2.41296296296296,"r1c4"
"1624",122343299,1,9,288,32,0.8,"r1c4"
"1625",122379376,3,21,1495,51.551724137931,0.810344827586207,"r1c4"
"1626",122379381,1,16,64,4,1.008,"r1c4"
"1627",122380065,1,9,675,75,5,"r1c4"
"1628",122380696,1,1,10,10,NA,"r1c4"
"1629",122415432,5,68,26533,188.177304964539,NA,"r1c4"
"1630",122415433,3,22,1390,49.6428571428571,1.67310714285714,"r1c4"
"1631",122415435,1,10,310,31,0.6,"r1c4"
"1632",122415463,1,21,3402,162,3.5,"r1c4"
"1633",122416149,1,6,222,37,0.993,"r1c4"
"1634",122451508,2,5,120,17.1428571428571,NA,"r1c4"
"1635",122451544,2,10,310,31,NA,"r1c4"
"1636",122451551,1,9,324,36,4.54,"r1c4"
"1637",122451552,1,10,330,33,0.4,"r1c4"
"1638",122451594,1,9,135,15,NA,"r1c4"
"1639",122452233,1,37,5550,150,2.123,"r1c4"
"1640",122488329,1,10,80,8,NA,"r1c4"
"1641",122488342,1,24,5184,216,0.93,"r1c4"
"1642",122490039,1,8,280,35,0.55,"r1c4"
"1643",122523674,86,205,218213,130.901619676065,NA,"r1c4"
"1644",122523692,7,40,2628,41.7142857142857,1.70980952380952,"r1c4"
"1645",122523693,1,1,10,10,NA,"r1c4"
"1646",122525042,1,12,312,26,1.609,"r1c4"
"1647",122525043,1,10,40,4,4.552,"r1c4"
"1648",122525055,1,4,12,3,4.699,"r1c4"
"1649",122525145,1,17,901,53,4.96,"r1c4"
"1650",122527639,1,8,32,4,1.58,"r1c4"
"1651",122527641,1,17,476,28,0.92,"r1c4"
"1652",122559757,5,49,4534,78.1724137931034,0.870689655172414,"r1c4"
"1653",122559789,1,1,2,2,1.18,"r1c4"
"1654",122559800,1,13,286,22,1.46,"r1c4"
"1655",122560492,1,14,644,46,1.402,"r1c4"
"1656",122560505,1,7,147,21,NA,"r1c4"
"1657",122560843,1,12,1296,108,3.6,"r1c4"
"1658",122595840,2,71,23460,215.229357798165,NA,"r1c4"
"1659",122595881,1,5,140,28,0.35,"r1c4"
"1660",122596604,1,6,48,8,NA,"r1c4"
"1661",122596605,1,13,195,15,0.81,"r1c4"
"1662",122596926,1,7,644,92,NA,"r1c4"
"1663",122599808,1,9,63,7,NA,"r1c4"
"1664",122599809,1,4,8,2,NA,"r1c4"
"1665",122631987,1,8,144,18,NA,"r1c4"
"1666",122668005,3,3,129,43,2.43,"r1c4"
"1667",122668036,1,2,8,4,3.33,"r1c4"
"1668",122668904,4,21,4606,135.470588235294,2.95902941176471,"r1c4"
"1669",122669116,1,4,204,51,2.19,"r1c4"
"1670",122669787,1,7,7,1,0.74,"r1c4"
"1671",122670447,1,12,360,30,0.3,"r1c4"
"1672",122670452,1,4,160,40,0.5,"r1c4"
"1673",122671976,1,8,56,7,NA,"r1c4"
"1674",122671977,1,11,121,11,0.44,"r1c4"
"1675",122671980,1,13,1170,90,2,"r1c4"
"1676",122704117,1,8,184,23,2.2,"r1c4"
"1677",122704607,1,1,8,8,4.84,"r1c4"
"1678",122704988,1,1,1,1,NA,"r1c4"
"1679",122705502,1,9,45,5,0.66,"r1c4"
"1680",122706578,1,13,1690,130,5,"r1c4"
"1681",122708064,1,12,12,1,NA,"r1c4"
"1682",122740234,1,14,2478,177,NA,"r1c4"
"1683",122741310,1,5,55,11,NA,"r1c4"
"1684",122742614,1,22,1650,75,0.65,"r1c4"
"1685",122777346,1,13,1989,153,2.4,"r1c4"
"1686",122812364,4,28,4115,100.365853658537,2.75609756097561,"r1c4"
"1687",122812373,1,10,360,36,1.69,"r1c4"
"1688",122812401,1,20,3600,180,3.824,"r1c4"
"1689",122814829,1,16,1600,100,3,"r1c4"
"1690",122848450,1,9,225,25,NA,"r1c4"
"1691",122849133,1,1,6,6,0.1,"r1c4"
"1692",122849259,1,1,72,72,NA,"r1c4"
"1693",122849324,2,7,130,16.25,NA,"r1c4"
"1694",122849844,9,9,1260,140,2,"r1c4"
"1695",122850914,1,3,90,30,NA,"r1c4"
"1696",122885057,1,23,3450,150,5,"r1c4"
"1697",122885926,9,60,14239,138.242718446602,NA,"r1c4"
"1698",122886008,4,40,8979,144.822580645161,2.19383870967742,"r1c4"
"1699",122886995,1,6,360,60,NA,"r1c4"
"1700",122886996,5,21,2930,68.1395348837209,3.18604651162791,"r1c4"
"1701",122887542,7,7,1820,260,4,"r1c4"
"1702",122921139,2,38,11728,192.262295081967,2.2783606557377,"r1c4"
"1703",122921140,1,18,1728,96,4,"r1c4"
"1704",122921427,1,1,5,5,NA,"r1c4"
"1705",122921485,2,2,140,70,1,"r1c4"
"1706",122921486,2,39,1489,32.3695652173913,NA,"r1c4"
"1707",122921487,10,66,12219,71.8764705882353,NA,"r1c4"
"1708",122922045,1,13,286,22,0.45,"r1c4"
"1709",122922649,1,30,90,3,1.53,"r1c4"
"1710",122922650,7,85,25044,129.761658031088,NA,"r1c4"
"1711",122923075,1,7,182,26,0.601,"r1c4"
"1712",122957568,2,7,294,42,NA,"r1c4"
"1713",122957631,1,9,180,20,1.37,"r1c4"
"1714",122959162,6,34,5724,84.1764705882353,2.55308823529412,"r1c4"
"1715",122959166,1,3,180,60,NA,"r1c4"
"1716",122993652,2,34,2358,63.7297297297297,0.996081081081081,"r1c4"
"1717",122993716,1,3,6,2,0.69,"r1c4"
"1718",122993900,1,2,2,1,0.527,"r1c4"
"1719",122995293,1,16,1040,65,0.9,"r1c4"
"1720",122995294,1,9,360,40,0.9,"r1c4"
"1721",123030283,1,8,72,9,NA,"r1c4"
"1722",123031200,1,1,30,30,NA,"r1c4"
"1723",123065657,1,5,450,90,NA,"r1c4"
"1724",123065658,3,33,7726,183.952380952381,2.121,"r1c4"
"1725",123065879,5,28,3374,93.7222222222222,NA,"r1c4"
"1726",123101897,3,13,502,22.8181818181818,NA,"r1c4"
"1727",123103039,1,6,30,5,NA,"r1c4"
"1728",123103177,1,1,2,2,NA,"r1c4"
"1729",123103540,3,24,2640,75.4285714285714,0.691428571428571,"r1c4"
"1730",123174086,2,11,950,86.3636363636364,1,"r1c4"
"1731",123175673,1,17,1020,60,2,"r1c4"
"1732",123176433,1,4,120,30,NA,"r1c4"
"1733",123210217,1,5,5,1,NA,"r1c4"
"1734",123210225,1,5,325,65,4.18,"r1c4"
"1735",123210701,1,1,30,30,2,"r1c4"
"1736",123210711,1,1,4,4,4.828,"r1c4"
"1737",123212516,1,12,1200,100,1.1,"r1c4"
"1738",123212517,1,16,960,60,0.3,"r1c4"
"1739",123245337,1,15,885,59,2.14,"r1c4"
"1740",123246297,2,11,483,34.5,1.19,"r1c4"
"1741",123282382,1,5,5,1,0.23,"r1c4"
"1742",123282385,1,4,4,1,NA,"r1c4"
"1743",123318464,2,18,2100,75,1.865,"r1c4"
"1744",123319533,1,15,210,14,NA,"r1c4"
"1745",123319671,2,7,231,33,NA,"r1c4"
"1746",123354556,1,7,28,4,NA,"r1c4"
"1747",123354717,1,3,3,1,0.05,"r1c4"
"1748",123389692,3,68,6387,68.6774193548387,NA,"r1c4"
"1749",123389694,3,62,9976,107.268817204301,NA,"r1c4"
"1750",123390634,1,1,2,2,0.32,"r1c4"
"1751",123390635,1,4,20,5,0.54,"r1c4"
"1752",123425652,1,4,40,10,0.483,"r1c4"
"1753",123425758,1,14,462,33,1.76,"r1c4"
"1754",123425776,1,20,560,28,NA,"r1c4"
"1755",123425777,1,34,1530,45,NA,"r1c4"
"1756",123426721,1,6,108,18,4.97,"r1c4"
"1757",123427845,1,6,186,31,NA,"r1c4"
"1758",123427846,2,19,1159,61,0.37,"r1c4"
"1759",123498641,2,5,208,34.6666666666667,NA,"r1c4"
"1760",123498742,1,11,220,20,NA,"r1c4"
"1761",123499206,1,19,2109,111,2.4,"r1c4"
"1762",123499980,1,6,120,20,4.828,"r1c4"
"1763",123500029,1,2,4,2,1.82,"r1c4"
"1764",123500431,6,48,13425,127.857142857143,2.6847619047619,"r1c4"
"1765",123500432,1,16,960,60,0.9,"r1c4"
"1766",123534018,1,14,2240,160,3.7,"r1c4"
"1767",123534729,1,6,36,6,NA,"r1c4"
"1768",123534825,1,21,2310,110,4.7,"r1c4"
"1769",123536175,1,2,20,10,NA,"r1c4"
"1770",123536514,2,25,1125,36.2903225806452,0.258064516129032,"r1c4"
"1771",123570811,2,19,1284,61.1428571428571,NA,"r1c4"
"1772",123570908,3,23,2874,89.8125,2.9674375,"r1c4"
"1773",123572101,5,19,540,28.4210526315789,NA,"r1c4"
"1774",123607057,1,3,90,30,NA,"r1c4"
"1775",123642235,2,26,104,4,1.36769230769231,"r1c4"
"1776",123642996,1,11,374,34,0.776,"r1c4"
"1777",123646971,1,7,77,11,NA,"r1c4"
"1778",123715949,2,35,2492,49.84,NA,"r1c4"
"1779",123716280,1,6,720,120,3,"r1c4"
"1780",123755221,1,11,1474,134,0.4,"r1c4"
"1781",123787324,1,11,165,15,NA,"r1c4"
"1782",123787328,1,6,450,75,NA,"r1c4"
"1783",123823395,1,4,88,22,0.352,"r1c4"
"1784",123858783,13,107,22245,67.8201219512195,NA,"r1c4"
"1785",123858784,2,39,1245,24.9,NA,"r1c4"
"1786",123859470,1,1,10,10,NA,"r1c4"
"1787",123859493,1,6,222,37,NA,"r1c4"
"1788",123894865,4,33,1572,47.6363636363636,2.75090909090909,"r1c4"
"1789",123895552,1,6,90,15,NA,"r1c4"
"1790",123931649,2,15,2253,112.65,2.5069,"r1c4"
"1791",123931675,1,4,92,23,NA,"r1c4"
"1792",123931801,1,7,28,4,NA,"r1c4"
"1793",123967735,1,12,1512,126,2.586,"r1c4"
"1794",123969883,2,2,240,120,2,"r1c4"
"1795",123970917,1,13,1690,130,5,"r1c4"
"1796",124039159,1,9,513,57,2.45,"r1c4"
"1797",124039211,4,19,692,31.4545454545455,1.02454545454545,"r1c4"
"1798",124039931,1,11,121,11,NA,"r1c4"
"1799",124075175,1,2,40,20,0.5,"r1c4"
"1800",124075448,1,5,5,1,0.18,"r1c4"
"1801",124076451,1,13,104,8,0.05,"r1c4"
"1802",124076452,1,7,210,30,0.5,"r1c4"
"1803",124079171,1,6,360,60,NA,"r1c4"
"1804",124111541,1,12,12,1,1.02,"r1c4"
"1805",124112668,1,6,360,60,1,"r1c4"
"1806",124149553,1,6,54,9,0.51,"r1c4"
"1807",124185643,1,5,20,4,0.54,"r1c4"
"1808",124185990,1,1,10,10,0.306,"r1c4"
"1809",124219590,1,5,125,25,1.96,"r1c4"
"1810",124220358,1,16,2880,180,4.828,"r1c4"
"1811",124220360,1,19,5225,275,4,"r1c4"
"1812",124223554,1,21,5040,240,5,"r1c4"
"1813",124256439,1,2,120,60,4,"r1c4"
"1814",124257792,1,28,3472,124,2.02,"r1c4"
"1815",124292521,1,10,270,27,NA,"r1c4"
"1816",124329121,1,32,1248,39,4.682,"r1c4"
"1817",124329123,1,28,3164,113,1.35,"r1c4"
"1818",124364686,2,17,1088,47.304347826087,0.418521739130435,"r1c4"
"1819",124401326,1,15,1140,76,0.663,"r1c4"
"1820",124403970,1,8,456,57,1.5,"r1c4"
"1821",124403971,1,19,1710,90,2,"r1c4"
"1822",124403973,4,39,6658,95.1142857142857,2.92271428571429,"r1c4"
"1823",124403975,2,12,1440,120,4.625,"r1c4"
"1824",124436881,2,26,3272,99.1515151515152,2.59721212121212,"r1c4"
"1825",124440052,1,1,10,10,NA,"r1c4"
"1826",124440053,14,50,14557,95.1437908496732,2.18746405228758,"r1c4"
"1827",124440054,1,17,1530,90,0.5,"r1c4"
"1828",124472340,1,11,154,14,1.6,"r1c4"
"1829",124473544,1,12,384,32,3,"r1c4"
"1830",124476135,8,10,2070,188.181818181818,4.42181818181818,"r1c4"
"1831",124476136,1,5,300,60,NA,"r1c4"
"1832",124476138,1,14,3640,260,2.4,"r1c4"
"1833",124476139,1,6,12,2,NA,"r1c4"
"1834",124476140,1,32,2656,83,0.966,"r1c4"
"1835",124508412,1,21,84,4,NA,"r1c4"
"1836",124508526,1,14,70,5,NA,"r1c4"
"1837",124512217,2,23,4882,187.769230769231,3.60769230769231,"r1c4"
"1838",124512221,3,16,1638,78,0.733333333333333,"r1c4"
"1839",124545136,1,5,30,6,NA,"r1c4"
"1840",124547430,1,2,224,112,5,"r1c4"
"1841",124547432,1,19,1140,60,3,"r1c4"
"1842",124548304,2,17,1670,92.7777777777778,2.53266666666667,"r1c4"
"1843",124582340,1,16,352,22,0.21,"r1c4"
"1844",124584384,1,12,1440,120,3.219,"r1c4"
"1845",124584385,2,11,374,34,0.23,"r1c4"
"1846",124616589,1,17,901,53,2.04,"r1c4"
"1847",124617276,1,2,22,11,NA,"r1c4"
"1848",124653365,2,20,2565,95,1.66666666666667,"r1c4"
"1849",124653945,1,22,1694,77,0.868,"r1c4"
"1850",124656543,1,10,260,26,0.95,"r1c4"
"1851",124656550,1,1,1,1,NA,"r1c4"
"1852",124689445,1,7,210,30,NA,"r1c4"
"1853",124689448,1,7,420,60,0.076,"r1c4"
"1854",124728717,1,3,93,31,NA,"r1c4"
"1855",124760736,1,9,540,60,2,"r1c4"
"1856",124760891,1,22,1320,60,5,"r1c4"
"1857",124764802,1,15,1680,112,4.828,"r1c4"
"1858",124800897,1,3,159,53,2.52,"r1c4"
"1859",124836956,1,3,30,10,0.2,"r1c4"
"1860",124836996,1,1,5,5,NA,"r1c4"
"1861",124836998,1,12,252,21,0.26,"r1c4"
"1862",124837002,5,34,2413,53.6222222222222,NA,"r1c4"
"1863",124873085,1,8,216,27,NA,"r1c4"
"1864",124945216,1,20,2580,129,NA,"r1c4"
"1865",124945218,1,11,737,67,NA,"r1c4"
"1866",124945252,1,1,60,60,1.609,"r1c4"
"1867",124978131,1,5,100,20,0.5,"r1c4"
"1868",124981302,1,3,90,30,0.5,"r1c4"
"1869",125015872,1,10,500,50,0.8,"r1c4"
"1870",125016401,3,15,7904,239.515151515152,2.93939393939394,"r1c4"
"1871",125051957,1,15,1425,95,1.2,"r1c4"
"1872",125085645,3,20,860,43,4.828,"r1c4"
"1873",125086324,2,31,2505,69.5833333333333,1.30291666666667,"r1c4"
"1874",125088043,1,18,1260,70,0.6,"r1c4"
"1875",125088045,1,10,300,30,0.25,"r1c4"
"1876",125089486,1,15,270,18,0.34,"r1c4"
"1877",125089528,1,17,153,9,0.62,"r1c4"
"1878",125122406,1,17,1020,60,1,"r1c4"
"1879",125122407,3,24,1949,64.9666666666667,1.70533333333333,"r1c4"
"1880",125123357,1,1,30,30,1,"r1c4"
"1881",125124128,1,16,1920,120,1.2,"r1c4"
"1882",125125607,1,10,600,60,1,"r1c4"
"1883",125125614,1,5,95,19,1.03,"r1c4"
"1884",125157843,1,18,936,52,0.83,"r1c4"
"1885",125157898,3,31,1979,48.2682926829268,1.46307317073171,"r1c4"
"1886",125159433,1,22,176,8,0.143,"r1c4"
"1887",125193981,1,15,600,40,0.4,"r1c4"
"1888",125194647,1,3,15,5,NA,"r1c4"
"1889",125197784,1,14,252,18,0.13,"r1c4"
"1890",125230652,1,19,3420,180,3,"r1c4"
"1891",125233864,1,2,10,5,NA,"r1c4"
"1892",125269927,1,19,247,13,0.14,"r1c4"
"1893",125269966,3,46,10769,195.8,1.162,"r1c4"
"1894",125302236,1,11,132,12,1.09,"r1c4"
"1895",125306050,2,5,1455,291,0.79,"r1c4"
"1896",125342133,1,12,1440,120,0.96,"r1c4"
"1897",125342134,4,27,1806,54.7272727272727,NA,"r1c4"
"1898",125374557,2,15,778,40.9473684210526,0.65578947368421,"r1c4"
"1899",125378216,3,16,328,20.5,NA,"r1c4"
"1900",125411175,1,7,140,20,NA,"r1c4"
"1901",125414285,6,50,9882,107.413043478261,NA,"r1c4"
"1902",125446704,3,22,6166,114.185185185185,1.44777777777778,"r1c4"
"1903",125450314,1,6,180,30,1,"r1c4"
"1904",125450364,2,19,1866,71.7692307692308,2.35961538461538,"r1c4"
"1905",125450366,2,33,2720,73.5135135135135,NA,"r1c4"
"1906",125450383,1,5,75,15,NA,"r1c4"
"1907",125482315,1,10,1200,120,NA,"r1c4"
"1908",125482316,2,18,1490,64.7826086956522,3.24391304347826,"r1c4"
"1909",125482679,1,3,90,30,0.63,"r1c4"
"1910",125483341,1,34,5100,150,4,"r1c4"
"1911",125484425,1,26,6838,263,0.88,"r1c4"
"1912",125518399,1,7,420,60,NA,"r1c4"
"1913",125518649,2,10,1160,116,4.168,"r1c4"
"1914",125519413,1,3,45,15,NA,"r1c4"
"1915",125522550,1,9,279,31,0.89,"r1c4"
"1916",125554483,1,6,360,60,NA,"r1c4"
"1917",125555507,1,14,378,27,2.832,"r1c4"
"1918",125558612,1,3,60,20,NA,"r1c4"
"1919",125590795,2,2,214,107,4.57,"r1c4"
"1920",125590796,1,17,136,8,1.31,"r1c4"
"1921",125594646,3,31,3017,65.5869565217391,1.32652173913043,"r1c4"
"1922",125594695,1,11,649,59,0.99,"r1c4"
"1923",125626901,1,1,116,116,4.168,"r1c4"
"1924",125630805,1,1,120,120,1.609,"r1c4"
"1925",125663247,7,71,36806,147.224,3.1914,"r1c4"
"1926",125699327,1,11,2200,200,3.56,"r1c4"
"1927",125702943,1,9,144,16,NA,"r1c4"
"1928",125735405,1,5,900,180,2,"r1c4"
"1929",125735412,1,6,102,17,1.23,"r1c4"
"1930",125735802,1,26,7670,295,3,"r1c4"
"1931",125739025,1,10,290,29,0.36,"r1c4"
"1932",125739056,1,6,180,30,NA,"r1c4"
"1933",125739059,1,16,480,30,0.4,"r1c4"
"1934",125739060,2,9,364,40.4444444444444,NA,"r1c4"
"1935",125739061,3,31,2116,58.7777777777778,2.13166666666667,"r1c4"
"1936",125771884,2,22,440,19.1304347826087,NA,"r1c4"
"1937",125775134,7,27,3426,62.2909090909091,1.75596363636364,"r1c4"
"1938",125775153,1,4,324,81,0.2,"r1c4"
"1939",125807967,2,40,12330,228.333333333333,2.53703703703704,"r1c4"
"1940",125811236,1,13,1625,125,1.02,"r1c4"
"1941",125847323,1,9,270,30,NA,"r1c4"
"1942",125847328,1,11,1155,105,5,"r1c4"
"1943",125879369,3,14,784,56,2.334,"r1c4"
"1944",126024465,1,8,160,20,2.5,"r1c4"
"1945",126099929,1,8,480,60,NA,"r1c4"
"1946",126134568,1,15,450,30,0.3,"r1c4"
"1947",126136610,5,5,900,180,3.219,"r1c4"
"1948",126170653,1,13,455,35,0.3,"r1c4"
"1949",126206737,1,31,7440,240,5,"r1c4"
"1950",126241800,1,11,176,16,0.84,"r1c4"
"1951",126278905,1,11,330,30,0.25,"r1c4"
"1952",126348599,1,15,210,14,1.96,"r1c4"
"1953",126351069,1,14,1050,75,0.9,"r1c4"
"1954",126384682,1,14,182,13,2.97,"r1c4"
"1955",126424678,2,8,1200,120,NA,"r1c4"
"1956",126457362,1,3,360,120,1,"r1c4"
"1957",126458336,1,16,576,36,2.977,"r1c4"
"1958",126492770,2,19,532,28,4.828,"r1c4"
"1959",126601354,1,6,42,7,0.84,"r1c4"
"1960",126601695,1,1,30,30,2,"r1c4"
"1961",126637105,4,20,1700,85,3.38,"r1c4"
"1962",126639596,1,11,440,40,0.5,"r1c4"
"1963",126674041,1,1,45,45,NA,"r1c4"
"1964",126674301,1,1,6,6,NA,"r1c4"
"1965",126709599,1,1,4,4,NA,"r1c4"
"1966",126709689,1,1,161,161,0.19,"r1c4"
"1967",126711760,1,11,385,35,0.4,"r1c4"
"1968",126747843,1,26,2600,100,1,"r1c4"
"1969",126747844,1,13,585,45,0.4,"r1c4"
"1970",126781697,3,41,4988,87.5087719298246,2.59701754385965,"r1c4"
"1971",126781762,1,7,84,12,4.919,"r1c4"
"1972",126782568,1,1,1,1,NA,"r1c4"
"1973",126817938,1,14,1008,72,1.64,"r1c4"
"1974",126817940,1,1,30,30,1,"r1c4"
"1975",126854740,1,4,120,30,3,"r1c4"
"1976",126928026,1,5,75,15,NA,"r1c4"
"1977",126964096,2,6,1140,162.857142857143,3.219,"r1c4"
"1978",126999028,1,24,240,10,1.26,"r1c4"
"1979",127000391,1,6,126,21,3,"r1c4"
"1980",127002575,1,3,18,6,5,"r1c4"
"1981",127034549,1,3,24,8,0.236,"r1c4"
"1982",127070363,1,3,12,4,1.72,"r1c4"
"1983",127070439,1,5,5,1,0.94,"r1c4"
"1984",127071193,1,5,325,65,2,"r1c4"
"1985",127106136,1,4,292,73,1.72,"r1c4"
"1986",127106843,5,79,13244,96.6715328467153,2.74256934306569,"r1c4"
"1987",127106844,1,1,40,40,0.32,"r1c4"
"1988",127107028,2,6,720,90,3.875,"r1c4"
"1989",127107030,2,3,105,17.5,2,"r1c4"
"1990",127107507,1,14,1610,115,5,"r1c4"
"1991",127143112,22,69,10212,64.2264150943396,2.54459119496855,"r1c4"
"1992",127143113,1,6,24,4,2.54,"r1c4"
"1993",127179672,1,7,280,40,2.501,"r1c4"
"1994",127215540,1,6,186,31,NA,"r1c4"
"1995",127251361,1,7,182,26,1.55,"r1c4"
"1996",127287496,1,10,150,15,NA,"r1c4"
"1997",127287673,2,2,124,62,1.2,"r1c4"
"1998",127287898,2,56,3528,44.6582278481013,NA,"r1c4"
"1999",127291232,1,15,3600,240,0.5,"r1c4"
"2000",127323531,2,13,1505,107.5,3.755,"r1c4"
"2001",127358989,1,2,20,10,0.5,"r1c4"
"2002",127359866,4,18,4700,134.285714285714,1.41151428571429,"r1c4"
"2003",127359899,1,17,765,45,5,"r1c4"
"2004",127395401,1,7,1246,178,2.15,"r1c4"
"2005",127395952,1,7,665,95,1.98,"r1c4"
"2006",127395961,1,5,150,30,NA,"r1c4"
"2007",127397225,1,1,1,1,NA,"r1c4"
"2008",127431496,2,14,1714,114.266666666667,NA,"r1c4"
"2009",127431611,1,8,64,8,NA,"r1c4"
"2010",127432066,1,2,10,5,NA,"r1c4"
"2011",127467578,1,2,8,4,0.52,"r1c4"
"2012",127503615,1,8,144,18,NA,"r1c4"
"2013",127504179,1,10,240,24,0.582,"r1c4"
"2014",127539743,1,14,3052,218,3.69,"r1c4"
"2015",127540014,1,5,5,1,NA,"r1c4"
"2016",127540261,2,17,666,37,1.14966666666667,"r1c4"
"2017",127540304,1,3,90,30,NA,"r1c4"
"2018",127540312,4,14,1260,90,3.1,"r1c4"
"2019",127540313,1,4,84,21,1.19,"r1c4"
"2020",127540790,1,6,24,4,1.63,"r1c4"
"2021",127576396,1,8,320,40,2.61,"r1c4"
"2022",127647773,1,2,2,1,0.32,"r1c4"
"2023",127648984,1,2,120,60,1.609,"r1c4"
"2024",127683422,1,9,288,32,1.305,"r1c4"
"2025",127683425,2,14,1750,125,3,"r1c4"
"2026",127719543,7,72,20876,151.275362318841,NA,"r1c4"
"2027",127719544,3,46,10484,194.148148148148,NA,"r1c4"
"2028",127719942,1,2,2,1,0.24,"r1c4"
"2029",127720725,1,7,210,30,1,"r1c4"
"2030",127755626,1,48,4416,92,1.67,"r1c4"
"2031",127755665,4,22,368,16.7272727272727,NA,"r1c4"
"2032",127791708,2,23,1043,38.6296296296296,3.19859259259259,"r1c4"
"2033",127792446,1,13,546,42,3.4,"r1c4"
"2034",127794666,1,4,88,22,0.7,"r1c4"
"2035",127828529,1,4,20,5,0.23,"r1c4"
"2036",127866530,1,7,1610,230,4.828,"r1c4"
"2037",127866870,1,10,800,80,0.8,"r1c4"
"2038",127899995,1,15,1080,72,2.664,"r1c4"
"2039",127900530,1,1,1,1,NA,"r1c4"
"2040",127936078,2,5,1265,253,4.88,"r1c4"
"2041",127936450,1,6,198,33,0.49,"r1c4"
"2042",127938624,1,16,480,30,0.4,"r1c4"
"2043",128046727,3,32,4632,96.5,3.253125,"r1c4"
"2044",128046817,1,8,96,12,0.2,"r1c4"
"2045",128080448,1,13,1235,95,2,"r1c4"
"2046",128154979,3,26,1415,39.3055555555556,NA,"r1c4"
"2047",128191207,1,16,400,25,0.3,"r1c4"
"2048",128227151,3,31,2988,76.6153846153846,1.80707692307692,"r1c4"
"2049",128263758,6,6,360,60,4,"r1c4"
"2050",128297003,1,9,126,14,0.483,"r1c4"
"2051",128297632,1,6,60,10,0.11,"r1c4"
"2052",128333085,3,4,220,55,0.43,"r1c4"
"2053",128333740,1,5,100,20,NA,"r1c4"
"2054",128333741,1,2,4,2,2.38,"r1c4"
"2055",128371485,1,16,800,50,0.5,"r1c4"
"2056",128405912,1,8,168,21,0.257,"r1c4"
"2057",128407671,1,13,390,30,0.3,"r1c4"
"2058",128407704,1,7,70,10,NA,"r1c4"
"2059",128443653,1,11,253,23,0.5,"r1c4"
"2060",128443760,1,16,1280,80,0.3,"r1c4"
"2061",128443786,1,13,650,50,0.4,"r1c4"
"2062",128443787,1,10,200,20,NA,"r1c4"
"2063",128479843,2,24,2569,73.4,0.842857142857143,"r1c4"
"2064",128479869,1,20,700,35,0.2,"r1c4"
"2065",128515929,1,1,300,300,NA,"r1c4"
"2066",128550844,1,6,96,16,0.169,"r1c4"
"2067",128585659,1,12,936,78,0.32,"r1c4"
"2068",128587768,1,6,180,30,NA,"r1c4"
"2069",128587987,6,24,2103,72.5172413793103,1.88634482758621,"r1c4"
"2070",128588093,1,8,240,30,0.35,"r1c4"
"2071",128622441,1,10,600,60,3,"r1c4"
"2072",128657821,2,18,3255,130.2,1.848,"r1c4"
"2073",128660283,1,10,350,35,0.2,"r1c4"
"2074",128694157,1,4,20,5,1.58,"r1c4"
"2075",128730286,1,7,224,32,1.27,"r1c4"
"2076",128804604,1,8,240,30,0.25,"r1c4"
"2077",128838136,1,1,15,15,NA,"r1c4"
"2078",128839530,1,10,30,3,NA,"r1c4"
"2079",128840686,1,8,320,40,0.5,"r1c4"
"2080",128876996,1,12,1080,90,1,"r1c4"
"2081",128910333,1,22,682,31,2.84,"r1c4"
"2082",128911104,1,11,176,16,1.143,"r1c4"
"2083",128911115,4,57,5906,67.1136363636364,1.80318181818182,"r1c4"
"2084",128912457,1,8,480,60,NA,"r1c4"
"2085",128913084,1,3,180,60,3,"r1c4"
"2086",128948947,2,22,1400,53.8461538461538,0.430769230769231,"r1c4"
"2087",128949162,1,6,360,60,5,"r1c4"
"2088",128985245,2,2,130,65,2,"r1c4"
"2089",129021331,2,11,885,68.0769230769231,NA,"r1c4"
"2090",129055784,1,10,900,90,1,"r1c4"
"2091",129055785,2,8,74,7.4,NA,"r1c4"
"2092",129057200,1,17,1360,80,0.5,"r1c4"
"2093",129093499,12,17,2897,37.6233766233766,0.722077922077922,"r1c4"
"2094",129093502,2,4,280,46.6666666666667,1,"r1c4"
"2095",129127949,1,1,15,15,NA,"r1c4"
"2096",129163440,1,1,1,1,NA,"r1c4"
"2097",129165654,1,8,1440,180,NA,"r1c4"
"2098",129201739,1,9,1800,200,NA,"r1c4"
"2099",129236389,1,6,540,90,2,"r1c4"
"2100",129237821,1,4,368,92,3,"r1c4"
"2101",129237829,2,2,120,60,NA,"r1c4"
"2102",129237830,2,12,900,60,2.6,"r1c4"
"2103",129271552,2,16,783,48.9375,NA,"r1c4"
"2104",129344032,1,7,49,7,0.097,"r1c4"
"2105",129344628,6,6,720,120,2,"r1c4"
"2106",129346064,1,11,660,60,1,"r1c4"
"2107",129379518,1,10,600,60,2.19,"r1c4"
"2108",129453537,1,9,540,60,NA,"r1c4"
"2109",129523861,1,5,105,21,0.96,"r1c4"
"2110",129524324,1,1,1,1,NA,"r1c4"
"2111",129524345,1,1,1,1,0.288,"r1c4"
"2112",129595904,1,29,3277,113,3.58,"r1c4"
"2113",129598634,1,17,5100,300,5,"r1c4"
"2114",129634712,1,5,690,115,0.161,"r1c4"
"2115",129668681,1,1,1,1,NA,"r1c4"
"2116",129742993,1,6,720,120,4,"r1c4"
"2117",129776212,1,9,342,38,0.74,"r1c4"
"2118",129776439,1,14,896,64,3.06,"r1c4"
"2119",129776871,11,81,30321,131.25974025974,2.23476623376623,"r1c4"
"2120",129849803,44,46,17251,79.8657407407407,NA,"r1c4"
"2121",129884687,1,10,50,5,NA,"r1c4"
"2122",129921074,1,11,1353,123,1.166,"r1c4"
"2123",129922110,3,26,2038,56.6111111111111,NA,"r1c4"
"2124",129992719,1,9,450,50,1.666,"r1c4"
"2125",129994277,1,3,90,30,0.5,"r1c4"
"2126",130032886,7,22,806,25.1875,NA,"r1c4"
"2127",130068966,2,2,30,15,0.087,"r1c4"
"2128",130102147,1,6,210,35,0.5,"r1c4"
"2129",130173824,1,58,2958,51,1.94,"r1c4"
"2130",130173825,1,58,12180,210,1,"r1c4"
"2131",130177214,1,1,1,1,0.103,"r1c4"
"2132",130211105,5,18,858,40.8571428571429,NA,"r1c4"
"2133",130246328,1,10,1530,153,1.898,"r1c4"
"2134",130249380,2,2,8,4,0.28,"r1c4"
"2135",130321528,1,11,275,25,NA,"r1c4"
"2136",130357563,4,4,1200,300,4.828,"r1c4"
"2137",130392287,1,10,450,45,0.6,"r1c4"
"2138",130393696,1,17,2295,135,3.219,"r1c4"
"2139",130425733,1,15,390,26,1.31,"r1c4"
"2140",130428364,1,14,840,60,0.65,"r1c4"
"2141",130429779,7,23,3438,98.2285714285714,1.84297142857143,"r1c4"
"2142",130429780,4,7,331,47.2857142857143,NA,"r1c4"
"2143",130462559,1,4,36,9,0.236,"r1c4"
"2144",130464444,1,10,650,65,0.3,"r1c4"
"2145",130465863,9,17,1847,80.304347826087,NA,"r1c4"
"2146",130498724,2,12,2100,140,3.66666666666667,"r1c4"
"2147",130498914,1,7,77,11,0.322,"r1c4"
"2148",130500527,1,11,660,60,0.4,"r1c4"
"2149",130501954,1,1,20,20,NA,"r1c4"
"2150",130501958,9,21,3276,105.677419354839,2.29712903225806,"r1c4"
"2151",130501968,1,8,192,24,0.407,"r1c4"
"2152",130536611,1,12,1440,120,0.25,"r1c4"
"2153",130574120,3,25,1690,56.3333333333333,NA,"r1c4"
"2154",130574146,1,4,40,10,NA,"r1c4"
"2155",130610194,2,2,30,15,NA,"r1c4"
"2156",130644704,2,2,90,30,NA,"r1c4"
"2157",130644865,1,18,1260,70,0.75,"r1c4"
"2158",130645526,1,20,2400,120,1.8,"r1c4"
"2159",130678739,2,10,268,24.3636363636364,0.910909090909091,"r1c4"
"2160",130678746,1,6,6,1,0.99,"r1c4"
"2161",130680943,1,10,650,65,0.4,"r1c4"
"2162",130717696,1,7,392,56,0.1,"r1c4"
"2163",130750624,1,27,5616,208,2.7,"r1c4"
"2164",130751239,2,64,12854,132.515463917526,2.3380412371134,"r1c4"
"2165",130751496,1,12,564,47,1.2,"r1c4"
"2166",130751497,8,24,4683,151.064516129032,2.2218064516129,"r1c4"
"2167",130751498,1,29,1595,55,1.159,"r1c4"
"2168",130754569,1,5,50,10,NA,"r1c4"
"2169",130789193,1,21,1260,60,0.37,"r1c4"
"2170",130824455,1,18,972,54,3.04,"r1c4"
"2171",130860536,2,38,4470,91.2244897959184,0.423061224489796,"r1c4"
"2172",130860538,1,13,338,26,0.76,"r1c4"
"2173",130862077,1,18,1440,80,2.5,"r1c4"
"2174",130862773,3,3,105,35,1.268,"r1c4"
"2175",130862821,2,2,10,5,NA,"r1c4"
"2176",130863277,1,1,45,45,1.609,"r1c4"
"2177",130896620,1,12,312,26,0.669,"r1c4"
"2178",130896621,6,42,2445,38.8095238095238,0.716031746031746,"r1c4"
"2179",130898163,1,15,2250,150,2.2,"r1c4"
"2180",130932702,2,19,377,14.5,NA,"r1c4"
"2181",130932703,1,1,22,22,0.29,"r1c4"
"2182",130932704,2,12,638,37.5294117647059,NA,"r1c4"
"2183",130932705,2,24,766,24.7096774193548,0.799032258064516,"r1c4"
"2184",130971072,2,22,657,28.5652173913043,NA,"r1c4"
"2185",131004589,2,40,6480,150.697674418605,2.82211627906977,"r1c4"
"2186",131004860,1,3,12,4,0.26,"r1c4"
"2187",131004881,2,41,1366,27.8775510204082,NA,"r1c4"
"2188",131006389,1,6,30,5,0.1,"r1c4"
"2189",131007105,2,17,853,44.8947368421053,0.351947368421053,"r1c4"
"2190",131007106,1,4,80,20,NA,"r1c4"
"2191",131007156,1,10,410,41,1.08,"r1c4"
"2192",131039109,1,20,1960,98,2.798,"r1c4"
"2193",131039117,1,8,264,33,0.84,"r1c4"
"2194",131039329,1,27,2052,76,4.644,"r1c4"
"2195",131040166,1,15,750,50,1,"r1c4"
"2196",131040965,14,139,53665,138.311855670103,NA,"r1c4"
"2197",131042473,1,8,240,30,0.35,"r1c4"
"2198",131042477,3,13,408,19.4285714285714,0.330952380952381,"r1c4"
"2199",131043693,1,13,182,14,0.864,"r1c4"
"2200",131043694,1,10,420,42,0.08,"r1c4"
"2201",131043695,2,20,2440,122,1.45,"r1c4"
"2202",131077050,9,66,8400,94.3820224719101,NA,"r1c4"
"2203",131077852,1,13,650,50,0.5,"r1c4"
"2204",131113933,1,10,500,50,0.6,"r1c4"
"2205",131115324,1,1,45,45,NA,"r1c4"
"2206",131184617,1,7,14,2,NA,"r1c4"
"2207",131188026,2,17,592,28.1904761904762,NA,"r1c4"
"2208",131223200,1,5,150,30,NA,"r1c4"
"2209",131223611,2,36,4942,117.666666666667,2.75714285714286,"r1c4"
"2210",131223655,1,9,288,32,1.2,"r1c4"
"2211",131224104,1,14,322,23,0.57,"r1c4"
"2212",131224110,1,35,4550,130,4,"r1c4"
"2213",131292479,3,22,1701,60.75,NA,"r1c4"
"2214",131295363,1,2,40,20,NA,"r1c4"
"2215",131295364,1,4,80,20,NA,"r1c4"
"2216",131295819,2,3,39,13,0.704,"r1c4"
"2217",131328567,1,6,360,60,NA,"r1c4"
"2218",131331408,1,14,4200,300,NA,"r1c4"
"2219",131364697,1,1,65,65,0.483,"r1c4"
"2220",131367899,3,5,700,140,3.219,"r1c4"
"2221",131472950,1,23,4186,182,0,"r1c4"
"2222",131475778,1,3,60,20,NA,"r1c4"
"2223",131476248,6,6,235,39.1666666666667,NA,"r1c4"
"2224",131511564,1,6,312,52,0.25,"r1c4"
"2225",131545811,5,54,9750,91.1214953271028,3.45794392523365,"r1c4"
"2226",131547944,2,4,170,24.2857142857143,NA,"r1c4"
"2227",131548393,1,9,189,21,NA,"r1c4"
"2228",131548411,1,7,70,10,NA,"r1c4"
"2229",131548415,1,15,645,43,2,"r1c4"
"2230",131584492,1,4,48,12,0.3,"r1c4"
"2231",131620529,1,8,24,3,NA,"r1c4"
"2232",131656608,10,41,19359,116.620481927711,2.16834939759036,"r1c4"
"2233",131656617,1,11,550,50,1.197,"r1c4"
"2234",131656637,1,5,10,2,NA,"r1c4"
"2235",131692273,1,21,5670,270,2,"r1c4"
"2236",131728771,7,18,592,25.7391304347826,0.493913043478261,"r1c4"
"2237",131728788,1,2,18,9,NA,"r1c4"
"2238",131761223,1,7,140,20,0.62,"r1c4"
"2239",131761645,1,28,3360,120,1,"r1c4"
"2240",131764871,1,1,1,1,NA,"r1c4"
"2241",131800943,1,3,9,3,1.3,"r1c4"
"2242",131833717,9,52,2713,29.1720430107527,NA,"r1c4"
"2243",131836614,7,63,23130,157.34693877551,NA,"r1c4"
"2244",131871546,4,4,314,78.5,1.2915,"r1c4"
"2245",131872697,1,1,180,180,NA,"r1c4"
"2246",131905877,2,39,2340,60,NA,"r1c4"
"2247",131905896,1,21,903,43,0,"r1c4"
"2248",131943714,10,10,1244,124.4,NA,"r1c4"
"2249",131945277,3,12,330,22,0.4166,"r1c4"
"2250",131945744,1,22,1100,50,1.2,"r1c4"
"2251",131978833,1,7,210,30,0.3,"r1c4"
"2252",131979795,3,25,2865,110.192307692308,4.56511538461538,"r1c4"
"2253",131981362,1,7,42,6,NA,"r1c4"
"2254",131981370,1,7,210,30,0.402,"r1c4"
"2255",132013792,1,26,3016,116,3,"r1c4"
"2256",132013818,1,6,540,90,NA,"r1c4"
"2257",132015850,1,5,30,6,4.445,"r1c4"
"2258",132017444,4,21,2090,53.5897435897436,2.10130769230769,"r1c4"
"2259",132049902,1,22,1254,57,4.57,"r1c4"
"2260",132051959,7,7,833,119,NA,"r1c4"
"2261",132054320,1,4,56,14,0.388,"r1c4"
